117	5	Food & Drink	Tough Jerky	433	Food	Tough Jerky | Use: Restores 58 health over 18 sec.  Must remain seated while eating.
118	1	Potions	Minor Healing Potion	439	Healing Potion	Minor Healing Potion | Use: Restores 70 to 90 health.
159	5	Food & Drink	Refreshing Spring Water	430	Drink	Refreshing Spring Water | Use: Restores 145 mana over 18 sec.  Must remain seated while drinking.
414	5	Food & Drink	Dalaran Sharp	434	Food	Dalaran Sharp | Use: Restores 234 health over 21 sec.  Must remain seated while eating. | Requires Level 5
422	5	Food & Drink	Dwarven Mild	435	Food	Dwarven Mild | Use: Restores 530 health over 24 sec.  Must remain seated while eating. | Requires Level 15
724	5	Food & Drink	Goretusk Liver Pie	1248384	Nutritious Food	Goretusk Liver Pie | Use: Restores 234 health over 21 sec.  Must remain seated while eating. If you spend at least 10 seconds eating you will become well fed and gain 3 Strength for 15 min. Additionally, experience gained from kills is increased by 5%. (1 |4Sec:Sec; Cooldown) | Requires Level 5
733	5	Food & Drink	Westfall Stew	1248687	Nutritious Food	Westfall Stew | Use: Restores 234 health over 21 sec.  Must remain seated while eating. If you spend at least 10 seconds eating you will become well fed and gain 15% movement speed while in Westfall for 15 min. Additionally, experience gained from kills is increased by 5%. (1 |4Sec:Sec; Cooldown) | Requires Level 5
761	8	Other	Deprecated Elwynn Trout	433	Food	Deprecated Elwynn Trout | Use: Restores 58 health over 18 sec.  Must remain seated while eating.
787	5	Food & Drink	Slitherskin Mackerel	1249503	Nutritious Food	Slitherskin Mackerel | Use: Restores 234 health over 21 sec.  Must remain seated while eating. If you spend at least 10 seconds eating you will become well fed and gain 6 Attack Power for 15 min. Additionally, experience gained from kills is increased by 5%. (1 |4Sec:Sec; Cooldown)
835	8	Other	Large Rope Net	8312	Trap	Large Rope Net | Binds when picked up | Use: Renders a target unable to move for 10 sec. | Requires Level 2
836	8	Other	Deprecated Heavy Net	nil	nil	Deprecated Heavy Net | Requires Level 5
858	1	Potions	Lesser Healing Potion	440	Healing Potion	Lesser Healing Potion | Use: Restores 140 to 180 health. | Requires Level 3
929	1	Potions	Healing Potion	441	Healing Potion	Healing Potion | Use: Restores 280 to 360 health. | Requires Level 12
951	8	Other	Tome of Whirlwind (TEST)	nil	nil	Tome of Whirlwind (TEST) | Classes: Warrior
954	4	Scrolls	Scroll of Strength	8118	Strength	Scroll of Strength | Use: Increases the target's Strength by 5 for 30 min. (1 |4Sec:Sec; Cooldown) | Requires Level 10
955	4	Scrolls	Scroll of Intellect	8096	Intellect	Scroll of Intellect | Use: Increases the target's Intellect by 4 for 30 min. (1 |4Sec:Sec; Cooldown) | Requires Level 5
961	5	Food & Drink	Healing Herb	433	Food	Healing Herb | Use: Restores 58 health over 18 sec.  Must remain seated while eating.
1017	5	Food & Drink	Seasoned Wolf Kabob	1248387	Nutritious Food	Seasoned Wolf Kabob | Use: Restores 530 health over 24 sec.  Must remain seated while eating. If you spend at least 10 seconds eating you will become well fed and gain 5 Agility for 15 min. Additionally, experience gained from kills is increased by 5%. (1 |4Sec:Sec; Cooldown) | Requires Level 15
1072	5	Food & Drink	Full Moonshine	438	Restore Mana	Full Moonshine | Use: Restores 280 to 360 mana.
1082	5	Food & Drink	Redridge Goulash	1248383	Nutritious Food	Redridge Goulash | Use: Restores 234 health over 21 sec.  Must remain seated while eating. If you spend at least 10 seconds eating you will become well fed and gain 3 Intellect for 15 min. Additionally, experience gained from kills is increased by 5%. (1 |4Sec:Sec; Cooldown) | Requires Level 5
1113	5	Food & Drink	Conjured Bread	434	Food	Conjured Bread | Conjured Item | Use: Restores 234 health over 21 sec.  Must remain seated while eating. | Requires Level 5
1114	5	Food & Drink	Conjured Rye	435	Food	Conjured Rye | Conjured Item | Use: Restores 530 health over 24 sec.  Must remain seated while eating. | Requires Level 15
1119	5	Food & Drink	Bottled Spirits	435	Food	Bottled Spirits | Use: Restores 530 health over 24 sec.  Must remain seated while eating. (1 |4Sec:Sec; Cooldown)
1127	8	Other	Flash Bundle	2120	Flamestrike	Flash Bundle | Binds when picked up | Use: Calls down a pillar of fire, burning all enemies within the area for 55 to 72 Fire damage and an additional 45 Fire damage over 8 sec. Only one Flamestrike can be active per Mage at a time. || DESC: Calls down a pillar of fire, burning all enemies within the area for 53 to 70 Fire damage and an additional 45 Fire damage over 8 sec. Only one Flamestrike can be active per Mage at a time.
1128	8	Other	Deprecated [PH] Redridge Rye	nil	nil	
1165	5	Food & Drink	Test Food	7291	Food (TEST)	Test Food | Use: Restores 60 health over 30 sec.  Combat cancels.
1176	8	Other	Smelling Salts	2006	Resurrection	Smelling Salts | Binds when picked up | Unique | Use: Brings a dead player back to life with 70 health and 135 mana.  Cannot be cast when in combat. (1 |4Sec:Sec; Cooldown)
1177	8	Other	Oil of Olaf	673	Elixir of Minor Defense	Oil of Olaf | Use: Increases armor by 50 for 1 |4hour:hrs;. (1 |4Sec:Sec; Cooldown)
1178	8	Other	Explosive Rocket	1940	Rocket Blast	Explosive Rocket | Use: Inflicts 28 to 33 Fire damage in a 3 yard radius.
1179	5	Food & Drink	Ice Cold Milk	431	Drink	Ice Cold Milk | Use: Restores 420 mana over 21 sec.  Must remain seated while drinking. | Requires Level 5
1180	4	Scrolls	Scroll of Stamina	8099	Stamina	Scroll of Stamina | Use: Increases the target's Stamina by 4 for 30 min. (1 |4Sec:Sec; Cooldown) | Requires Level 5
1181	4	Scrolls	Scroll of Spirit	8112	Spirit	Scroll of Spirit | Use: Increases the target's Spirit by 3 for 30 min. (1 |4Sec:Sec; Cooldown)
1187	8	Other	Spiked Collar	8176	Summon Felhunter	Spiked Collar | Binds when picked up | Unique | Use: Summons a guardian felhunter that will protect you for 10 min. | 5 |4Charge:Charges; | Requires Level 27 || DESC: Summons a guardian felhunter that will protect you for 10 min.
1191	8	Other	Bag of Marbles	5917	Fumble	Bag of Marbles | Binds when picked up | Use: Decreases target's chance to hit with attacks by 25% for 10 sec. | 10 |4Charge:Charges;
1199	8	Other	Charged Soulstone	nil	nil	Charged Soulstone | Conjured Item | Binds when picked up | Unique
1205	5	Food & Drink	Melon Juice	432	Drink	Melon Juice | Use: Restores 803 mana over 24 sec.  Must remain seated while drinking. | Requires Level 15
1251	7	Bandages	Linen Bandage	746	First Aid	Linen Bandage | Use: Heals 66 damage over 6 sec. | Requires First Aid (1)
1262	8	Other	Keg of Thunderbrew	5257	Thunderbrew	Keg of Thunderbrew | Binds when picked up | Use: Increases Stamina by 3. | 5 |4Charge:Charges; || DESC: Increases Stamina by 3.
1267	8	Other	Deprecated Cask of Merlot	431	Drink	Deprecated Cask of Merlot | Use: Restores 420 mana over 21 sec.  Must remain seated while drinking. (1 |4Sec:Sec; Cooldown)
1268	8	Other	Deprecated Bottle of Moonshine	432	Drink	Deprecated Bottle of Moonshine | Use: Restores 803 mana over 24 sec.  Must remain seated while drinking. (1 |4Sec:Sec; Cooldown)
1269	8	Other	Deprecated Skin of Sweet Rum	nil	nil	
1321	8	Other	Deprecated Broiled Sunfish	434	Food	Deprecated Broiled Sunfish | Use: Restores 234 health over 21 sec.  Must remain seated while eating. (1 |4Sec:Sec; Cooldown)
1322	8	Other	Fishliver Oil	7396	Fishliver Oil	Fishliver Oil | Binds when picked up | Use: Increases your attack speed by 10% for 30 sec.
1326	5	Food & Drink	Sauteed Sunfish	434	Food	Sauteed Sunfish | Use: Restores 234 health over 21 sec.  Must remain seated while eating. (1 |4Sec:Sec; Cooldown)
1399	8	Other	Magic Candle	133	Fireball	Magic Candle | Use: Hurls a fiery ball that causes 16 to 25 Fire damage and an additional 2 Fire damage over 4 sec.
1400	8	Other	Swiftfeather Token	65	Haste	Swiftfeather Token | Use: Increases your attack speed by 2% for 30 sec. | Requires Level 2 || DESC: Increases your attack speed by 2% for 30 sec.
1401	5	Food & Drink	Green Tea Leaf	833	Green Tea	Green Tea Leaf | Use: Instantly heals 30 damage.  Also restores 57 mana over 10 sec.  Must remain seated while drinking. | Requires Level 4
1402	8	Other	Brimstone	143	Fireball	Brimstone | Use: Hurls a fiery ball that causes 33 to 48 Fire damage and an additional 3 Fire damage over 6 sec. | 5 |4Charge:Charges; | Requires Level 2 || DESC: Hurls a fiery ball that causes 33 to 48 Fire damage and an additional 3 Fire damage over 6 sec.
1434	8	Other	Glowing Wax Stick	13424	Faerie Fire	Glowing Wax Stick | Binds when picked up | Use: Decrease the armor of the target by 50 for 30 sec.  While affected, the target cannot stealth or turn invisible. || DESC: Decrease the armor of the target by 50 for 30 sec.  While affected, the target cannot stealth or turn invisible.
1450	1	Potions	Potion of Fervor	806	Fervor	Potion of Fervor | Use: Increases Strength by 14 and does 15 damage to you every 15.3 sec for 1 min. | Requires Level 15
1477	4	Scrolls	Scroll of Agility II	8116	Agility	Scroll of Agility II | Use: Increases the target's Agility by 9 for 30 min. (1 |4Sec:Sec; Cooldown) | Requires Level 25
1478	4	Scrolls	Scroll of Protection II	8094	Armor	Scroll of Protection II | Use: Increases the target's Armor by 120 for 30 min. (1 |4Sec:Sec; Cooldown) | Requires Level 15
1487	5	Food & Drink	Conjured Pumpernickel	1127	Food	Conjured Pumpernickel | Conjured Item | Use: Restores 841 health over 27 sec.  Must remain seated while eating. | Requires Level 25
1533	8	Other	Deprecated Bloodscalp Idol	nil	nil	Deprecated Bloodscalp Idol | Requires Level 27
1612	8	Other	Deprecated Skullsplitter Idol	706	Demon Armor	Deprecated Skullsplitter Idol | Use: Protects the caster, increasing armor by 210, Shadow resistance by 3 and increases health regeneration by 7 health per 5 sec. for 30 min. (2 |4Min:Min; Cooldown) | 5 |4Charge:Charges; | Requires Level 28
1645	5	Food & Drink	Moonberry Juice	1135	Drink	Moonberry Juice | Use: Restores 1,915 mana over 30 sec.  Must remain seated while drinking. | Requires Level 35
1649	8	Other	Deprecated Ham Sandwich	nil	nil	Deprecated Ham Sandwich | Requires Level 30
1700	8	Other	Deprecated Blood Totem	nil	nil	Deprecated Blood Totem | Binds when used | Neck | Requires Level 33
1703	8	Other	Crystal Basilisk Spine	1138	Crystal Protection	Crystal Basilisk Spine | Use: Increases Frost and Shadow resistance by 10 for 1 min. | Requires Level 25 || DESC: Increases Frost and Shadow resistance by 10 for 1 min.
1704	8	Other	Deprecated Cold Basilisk Eye	1139	Cold Eye	Deprecated Cold Basilisk Eye | Use: Increases time between target's attacks by 20% and reduces their movement speed by 40% for 15 sec. (1 |4Min:Min; Cooldown) | Requires Level 29 || DESC: Increases time between target's attacks by 20% and reduces their movement speed by 40% for 15 sec.
1707	5	Food & Drink	Stormwind Brie	1127	Food	Stormwind Brie | Use: Restores 841 health over 27 sec.  Must remain seated while eating. | Requires Level 25
1708	5	Food & Drink	Sweet Nectar	1133	Drink	Sweet Nectar | Use: Restores 1,292 mana over 27 sec.  Must remain seated while drinking. | Requires Level 25
1710	1	Potions	Greater Healing Potion	2024	Healing Potion	Greater Healing Potion | Use: Restores 455 to 585 health. | Requires Level 21
1711	4	Scrolls	Scroll of Stamina II	8100	Stamina	Scroll of Stamina II | Use: Increases the target's Stamina by 8 for 30 min. (1 |4Sec:Sec; Cooldown) | Requires Level 20
1712	4	Scrolls	Scroll of Spirit II	8113	Spirit	Scroll of Spirit II | Use: Increases the target's Spirit by 7 for 30 min. (1 |4Sec:Sec; Cooldown) | Requires Level 15
1851	8	Other	Cleansing Water	1152	Purify	Cleansing Water | Use: Purifies the friendly target, removing 1 disease effect and 1 poison effect. | 5 |4Charge:Charges;
1970	8	Other	Restoring Balm	8070	Rejuvenation	Restoring Balm | Binds when picked up | Use: Heals the target for 180 damage over 12 sec. || DESC: Heals the target for 180 damage over 12 sec.
1995	8	Other	Deprecated Cat's Paw	370	Purge	Deprecated Cat's Paw | Binds when used | Use: Purges the enemy target, removing 1 magic effect. (1 |4Min:Min; Cooldown) | 3 |4Charge:Charges; | Requires Level 24 || DESC: Purges the enemy target, removing 1 magic effect.
2070	5	Food & Drink	Darnassian Bleu	433	Food	Darnassian Bleu | Use: Restores 58 health over 18 sec.  Must remain seated while eating.
2071	8	Other	Deprecated Mountain Spring Water	430	Drink	Deprecated Mountain Spring Water | Use: Restores 145 mana over 18 sec.  Must remain seated while drinking.
2091	8	Other	Magic Dust	1090	Sleep	Magic Dust | Use: Puts the enemy target to sleep for up to 30 sec.  Any damage caused will awaken the target.  Only one target can be asleep at a time. | Requires Level 10 || DESC: Puts the enemy target to sleep for up to 30 sec.  Any damage caused will awaken the target.  Only one target can be asleep at a time.
2136	5	Food & Drink	Conjured Purified Water	432	Drink	Conjured Purified Water | Conjured Item | Use: Restores 803 mana over 24 sec.  Must remain seated while drinking. | Requires Level 15
2287	5	Food & Drink	Haunch of Meat	434	Food	Haunch of Meat | Use: Restores 234 health over 21 sec.  Must remain seated while eating. | Requires Level 5
2288	5	Food & Drink	Conjured Fresh Water	431	Drink	Conjured Fresh Water | Conjured Item | Use: Restores 420 mana over 21 sec.  Must remain seated while drinking. | Requires Level 5
2289	4	Scrolls	Scroll of Strength II	8119	Strength	Scroll of Strength II | Use: Increases the target's Strength by 9 for 30 min. (1 |4Sec:Sec; Cooldown) | Requires Level 25
2290	4	Scrolls	Scroll of Intellect II	8097	Intellect	Scroll of Intellect II | Use: Increases the target's Intellect by 8 for 30 min. (1 |4Sec:Sec; Cooldown) | Requires Level 20
2304	6	Permanent	Light Armor Kit	2831	Armor +8, Stamina +1	Light Armor Kit | Use: Permanently increase the Stamina value by 1 and the Armor value by 8 of an item worn on the chest, legs, hands or feet. (1 |4Sec:Sec; Cooldown)
2313	6	Permanent	Medium Armor Kit	2832	Armor +16, Stamina +2	Medium Armor Kit | Requires Level 5
2454	2	Elixirs	Elixir of Minor Strength	2367	Lesser Strength	Elixir of Minor Strength | Use: Increases Strength by 4 for 1 |4hour:hrs;.
2455	1	Potions	Minor Mana Potion	437	Restore Mana	Minor Mana Potion | Use: Restores 140 to 180 mana. | Requires Level 5
2456	1	Potions	Minor Rejuvenation Potion	2370	Rejuvenation Potion	Minor Rejuvenation Potion | Use: Restores 90 to 150 mana and 90 to 150 health. | Requires Level 5
2457	2	Elixirs	Elixir of Minor Agility	2374	Lesser Agility	Elixir of Minor Agility | Use: Increases Agility by 4 for 1 |4hour:hrs;. | Requires Level 2
2458	2	Elixirs	Elixir of Minor Fortitude	2378	Health	Elixir of Minor Fortitude | Use: Increases the player's maximum health by 27 for 1 |4hour:hrs;. | Requires Level 2
2459	1	Potions	Swiftness Potion	2379	Speed	Swiftness Potion | Use: Increases run speed by 50% for 15 sec. | Requires Level 5
2460	2	Elixirs	nil	nil	nil	
2461	1	Potions	Deprecated Elemental Resistance Potion	2381	Resistance (OLD)	Deprecated Elemental Resistance Potion | Requires Level 10
2462	1	Potions	Deprecated Potion of Lesser Invulnerability (Fix)	440	Healing Potion	Deprecated Potion of Lesser Invulnerability (Fix) | Use: Restores 140 to 180 health.
2581	7	Bandages	Heavy Linen Bandage	1159	First Aid	Heavy Linen Bandage | Use: Heals 114 damage over 6 sec. | Requires First Aid (20)
2593	5	Food & Drink	Flask of Stormwind Tawny	11008	Standard Alcohol	Flask of Stormwind Tawny | Use: A typical alcoholic beverage. (10 |4Sec:Sec; Cooldown)
2594	5	Food & Drink	Flagon of Dwarven Honeymead	11009	Strong Alcohol	Flagon of Dwarven Honeymead | Use: A strong alcoholic beverage. (10 |4Sec:Sec; Cooldown)
2595	5	Food & Drink	Jug of Badlands Bourbon	11009	Strong Alcohol	Jug of Badlands Bourbon | Use: A strong alcoholic beverage. (10 |4Sec:Sec; Cooldown)
2596	5	Food & Drink	Skin of Dwarven Stout	11008	Standard Alcohol	Skin of Dwarven Stout | Use: A typical alcoholic beverage. (10 |4Sec:Sec; Cooldown)
2633	1	Potions	Jungle Remedy	3592	Cure Ailments	Jungle Remedy | Use: Cures diseases and neutralizes poisons up to level 35. | Requires Level 22
2679	5	Food & Drink	Charred Wolf Meat	433	Food	Charred Wolf Meat | Use: Restores 58 health over 18 sec.  Must remain seated while eating. (1 |4Sec:Sec; Cooldown)
2680	5	Food & Drink	Spiced Wolf Meat	1248378	Nutritious Food	Spiced Wolf Meat | Use: Restores 58 health over 18 sec.  Must remain seated while eating. If you spend at least 10 seconds eating you will become well fed and gain 1 Agility for 15 min. Additionally, experience gained from kills is increased by 5%. (1 |4Sec:Sec; Cooldown)
2681	5	Food & Drink	Roasted Boar Meat	1248380	Nutritious Food	Roasted Boar Meat | Use: Restores 58 health over 18 sec.  Must remain seated while eating. If you spend at least 10 seconds eating you will become well fed and gain 1 Strength for 15 min. Additionally, experience gained from kills is increased by 5%. (1 |4Sec:Sec; Cooldown)
2682	5	Food & Drink	Cooked Crab Claw	1248379	Nutritious Food	Cooked Crab Claw | Use: Restores 58 health over 18 sec.  Must remain seated while eating. If you spend at least 10 seconds eating you will become well fed and gain 1 Intellect for 15 min. Additionally, experience gained from kills is increased by 5%. (1 |4Sec:Sec; Cooldown)
2683	5	Food & Drink	Crab Cake	1248383	Nutritious Food	Crab Cake | Use: Restores 234 health over 21 sec.  Must remain seated while eating. If you spend at least 10 seconds eating you will become well fed and gain 3 Intellect for 15 min. Additionally, experience gained from kills is increased by 5%. (1 |4Sec:Sec; Cooldown) | Requires Level 5
2684	5	Food & Drink	Coyote Steak	1248382	Nutritious Food	Coyote Steak | Use: Restores 234 health over 21 sec.  Must remain seated while eating. If you spend at least 10 seconds eating you will become well fed and gain 3 Agility for 15 min. Additionally, experience gained from kills is increased by 5%. | Requires Level 5
2685	5	Food & Drink	Succulent Pork Ribs	1248389	Nutritious Food	Succulent Pork Ribs | Use: Restores 530 health over 24 sec.  Must remain seated while eating. If you spend at least 10 seconds eating you will become well fed and gain 5 Strength for 15 min. Additionally, experience gained from kills is increased by 5%. (1 |4Sec:Sec; Cooldown) | Requires Level 15
2686	5	Food & Drink	Thunder Ale	11007	Weak Alcohol	Thunder Ale | Use: A fairly weak alcoholic beverage. (10 |4Sec:Sec; Cooldown)
2687	5	Food & Drink	Dry Pork Ribs	1248384	Nutritious Food	Dry Pork Ribs | Use: Restores 234 health over 21 sec.  Must remain seated while eating. If you spend at least 10 seconds eating you will become well fed and gain 3 Strength for 15 min. Additionally, experience gained from kills is increased by 5%. (1 |4Sec:Sec; Cooldown) | Requires Level 5
2688	8	Other	Squirrel Nut	nil	nil	
2723	5	Food & Drink	Bottle of Dalaran Noir	11007	Weak Alcohol	Bottle of Dalaran Noir | Use: A fairly weak alcoholic beverage. (10 |4Sec:Sec; Cooldown)
2862	8	Other	Rough Sharpening Stone	2828	Sharpen Blade	Rough Sharpening Stone | Use: Increase sharp weapon damage by 2 for 30 minutes. (1 |4Sec:Sec; Cooldown)
2863	8	Other	Coarse Sharpening Stone	2829	Sharpen Blade II	Coarse Sharpening Stone | Use: Increase sharp weapon damage by 3 for 30 minutes. (1 |4Sec:Sec; Cooldown) | Requires Level 5 || DESC: Increase sharp weapon damage by 3 for 30 minutes.
2871	8	Other	Heavy Sharpening Stone	2830	Sharpen Blade III	Heavy Sharpening Stone | Use: Increase sharp weapon damage by 4 for 30 minutes. (1 |4Sec:Sec; Cooldown) | Requires Level 15 || DESC: Increase sharp weapon damage by 4 for 30 minutes.
2888	5	Food & Drink	Beer Basted Boar Ribs	1248380	Nutritious Food	Beer Basted Boar Ribs | Use: Restores 58 health over 18 sec.  Must remain seated while eating. If you spend at least 10 seconds eating you will become well fed and gain 1 Strength for 15 min. Additionally, experience gained from kills is increased by 5%. (1 |4Sec:Sec; Cooldown)
2892	8	Other	Deadly Poison	2823	Deadly Poison	Deadly Poison | Use: Coats a weapon with poison that lasts for 30 minutes.  Each strike has a 30% chance of poisoning the enemy for 24 Nature damage over 12 sec.  Stacks up to 5 times on a single target.  90 charges. | Classes: Rogue | Requires Level 30 || DESC: Coats a weapon with poison that lasts for 30 minutes.  Each strike has a 30% chance of poisoning the enemy for 24 Nature damage over 12 sec.  Stacks up to 5 times on a single target.  90 charges.
2893	8	Other	Deadly Poison II	2824	Deadly Poison II	Deadly Poison II | Use: Coats a weapon with poison that lasts for 30 minutes.  Each strike has a 30% chance of poisoning the enemy for 36 Nature damage over 12 sec.  Stacks up to 5 times on a single target.  115 charges. | Classes: Rogue | Requires Level 38 || DESC: Coats a weapon with poison that lasts for 30 minutes.  Each strike has a 30% chance of poisoning the enemy for 36 Nature damage over 12 sec.  Stacks up to 5 times on a single target.  115 charges.
2894	5	Food & Drink	Rhapsody Malt	11007	Weak Alcohol	Rhapsody Malt | Use: A fairly weak alcoholic beverage.
3012	4	Scrolls	Scroll of Agility	8115	Agility	Scroll of Agility | Use: Increases the target's Agility by 5 for 30 min. (1 |4Sec:Sec; Cooldown) | Requires Level 10
3013	4	Scrolls	Scroll of Protection	8091	Armor	Scroll of Protection | Use: Increases the target's Armor by 60 for 30 min. (1 |4Sec:Sec; Cooldown)
3087	1	Potions	Mug of Shimmer Stout	29236	Shimmer Stout	Mug of Shimmer Stout | Use: Restores 140 to 180 mana.
3220	5	Food & Drink	Blood Sausage	1248384	Nutritious Food	Blood Sausage | Use: Restores 234 health over 21 sec.  Must remain seated while eating. If you spend at least 10 seconds eating you will become well fed and gain 3 Strength for 15 min. Additionally, experience gained from kills is increased by 5%. (1 |4Sec:Sec; Cooldown) | Requires Level 5
3239	8	Other	Rough Weightstone	3112	Enhance Blunt Weapon	Rough Weightstone | Use: Increase the damage of a blunt weapon by 2 for 30 minutes. (1 |4Sec:Sec; Cooldown)
3240	8	Other	Coarse Weightstone	3113	Enhance Blunt Weapon II	Coarse Weightstone | Use: Increase the damage of a blunt weapon by 3 for 30 minutes. (1 |4Sec:Sec; Cooldown) | Requires Level 5 || DESC: Increase the damage of a blunt weapon by 3 for 30 minutes.
3241	8	Other	Heavy Weightstone	3114	Enhance Blunt Weapon III	Heavy Weightstone | Use: Increase the damage of a blunt weapon by 4 for 30 minutes. (1 |4Sec:Sec; Cooldown) | Requires Level 15 || DESC: Increase the damage of a blunt weapon by 4 for 30 minutes.
3382	1	Potions	Minor Troll's Blood Elixir	3219	Minor Troll's Blood Elixir	Minor Troll's Blood Elixir | Use: Regenerate 2 health every 5 sec for 1 |4hour:hrs;.
3383	2	Elixirs	Elixir of Wisdom	3166	Lesser Intellect	Elixir of Wisdom | Use: Increases Intellect by 6 for 1 |4hour:hrs;. | Requires Level 10
3384	1	Potions	Minor Magic Resistance Potion	2380	Resistance	Minor Magic Resistance Potion | Use: Increases your resistance to all schools of magic by 25 for 3 min. | Requires Level 12
3385	1	Potions	Lesser Mana Potion	438	Restore Mana	Lesser Mana Potion | Use: Restores 280 to 360 mana. | Requires Level 14
3386	2	Elixirs	Potion of Poison Cleansing	26677	Cure Poison	Potion of Poison Cleansing | Use: Imbiber is cured of up to four poisons up to level 60. | Requires Level 14
3387	1	Potions	Limited Invulnerability Potion	3169	Invulnerability	Limited Invulnerability Potion | Use: Imbiber is immune to physical attacks for the next 6 sec. | Requires Level 45
3388	1	Potions	Lesser Troll's Blood Elixir	3222	Regeneration	Lesser Troll's Blood Elixir | Use: Regenerate 6 health every 5 sec for 1 |4hour:hrs;. | Requires Level 15
3389	2	Elixirs	Elixir of Lesser Defense	3220	Armor	Elixir of Lesser Defense | Use: Increases armor by 150 for 1 |4hour:hrs;. | Requires Level 16
3390	2	Elixirs	Elixir of Lesser Agility	3160	Agility	Elixir of Lesser Agility | Use: Increases Agility by 8 for 1 |4hour:hrs;. | Requires Level 18
3391	2	Elixirs	Elixir of Ogre Strength	3164	Strength	Elixir of Ogre Strength | Use: Increases Strength by 8 for 1 |4hour:hrs;. | Requires Level 20
3434	8	Other	Slumber Sand	700	Sleep	Slumber Sand | Binds when picked up | Use: Puts the enemy target to sleep for up to 20 sec.  Any damage caused will awaken the target.  Only one target can be asleep at a time. || DESC: Puts the enemy target to sleep for up to 20 sec.  Any damage caused will awaken the target.  Only one target can be asleep at a time.
3438	8	Other	Ankh of Resurrection	2006	Resurrection	Ankh of Resurrection | Binds when picked up | Unique | Use: Brings a dead player back to life with 70 health and 135 mana.  Cannot be cast when in combat.
3441	8	Other	Deprecated Crippling Agent	89	Cripple	Deprecated Crippling Agent | Use: Cripples the target, reducing movement speed by 40%, increasing time between melee attacks by 45% and increasing time between ranged attacks by 45%.  Lasts 20 sec. (30 |4Sec:Sec; Cooldown) | 10 |4Charge:Charges;
3448	5	Food & Drink	Senggin Root	2639	Food	Senggin Root | Use: Restores 282 health and 282 mana over 21 sec. Must remain seated while eating. (1 |4Sec:Sec; Cooldown)
3507	8	Other	Deprecated Test Fishliver Oil	65	Haste	Deprecated Test Fishliver Oil | Use: Increases your attack speed by 2% for 30 sec. (5 |4Sec:Sec; Cooldown) | 5 |4Charge:Charges; | Requires Level 6
3530	7	Bandages	Wool Bandage	3267	First Aid	Wool Bandage | Use: Heals 161 damage over 7 sec. | Requires First Aid (50)
3531	7	Bandages	Heavy Wool Bandage	3268	First Aid	Heavy Wool Bandage | Use: Heals 301 damage over 7 sec. | Requires First Aid (75)
3662	5	Food & Drink	Crocolisk Steak	1248382	Nutritious Food	Crocolisk Steak | Use: Restores 234 health over 21 sec.  Must remain seated while eating. If you spend at least 10 seconds eating you will become well fed and gain 3 Agility for 15 min. Additionally, experience gained from kills is increased by 5%. (1 |4Sec:Sec; Cooldown) | Requires Level 5
3663	5	Food & Drink	Murloc Fin Soup	1248377	Nutritious Food	Murloc Fin Soup | Use: Restores 58 health over 18 sec.  Must remain seated while eating. If you spend at least 10 seconds eating you will become well fed and gain 1 Stamina for 15 min. Additionally, experience gained from kills is increased by 5%. (1 |4Sec:Sec; Cooldown)
3664	5	Food & Drink	Crocolisk Gumbo	1248387	Nutritious Food	Crocolisk Gumbo | Use: Restores 530 health over 24 sec.  Must remain seated while eating. If you spend at least 10 seconds eating you will become well fed and gain 5 Agility for 15 min. Additionally, experience gained from kills is increased by 5%. | Requires Level 15
3665	5	Food & Drink	Curiously Tasty Omelet	1248386	Nutritious Food	Curiously Tasty Omelet | Use: Restores 530 health over 24 sec.  Must remain seated while eating. If you spend at least 10 seconds eating you will become well fed and gain 5 Stamina for 15 min. Additionally, experience gained from kills is increased by 5%. (1 |4Sec:Sec; Cooldown) | Requires Level 15
3666	5	Food & Drink	Gooey Spider Cake	1248386	Nutritious Food	Gooey Spider Cake | Use: Restores 530 health over 24 sec.  Must remain seated while eating. If you spend at least 10 seconds eating you will become well fed and gain 5 Stamina for 15 min. Additionally, experience gained from kills is increased by 5%. (1 |4Sec:Sec; Cooldown) | Requires Level 15
3703	5	Food & Drink	Southshore Stout	11008	Standard Alcohol	Southshore Stout | Use: A typical alcoholic beverage. (10 |4Sec:Sec; Cooldown)
3726	5	Food & Drink	Big Bear Steak	1248384	Nutritious Food	Big Bear Steak | Use: Restores 234 health over 21 sec.  Must remain seated while eating. If you spend at least 10 seconds eating you will become well fed and gain 3 Strength for 15 min. Additionally, experience gained from kills is increased by 5%. (1 |4Sec:Sec; Cooldown) | Requires Level 5
3727	5	Food & Drink	Hot Lion Chops	1248387	Nutritious Food	Hot Lion Chops | Use: Restores 530 health over 24 sec.  Must remain seated while eating. If you spend at least 10 seconds eating you will become well fed and gain 5 Agility for 15 min. Additionally, experience gained from kills is increased by 5%. (1 |4Sec:Sec; Cooldown) | Requires Level 15
3728	5	Food & Drink	Tasty Lion Steak	1248391	Nutritious Food	Tasty Lion Steak | Use: Restores 841 health over 27 sec.  Must remain seated while eating. If you spend at least 10 seconds eating you will become well fed and gain 10 Agility for 15 min. Additionally, experience gained from kills is increased by 5%. (1 |4Sec:Sec; Cooldown) | Requires Level 25
3729	5	Food & Drink	Soothing Turtle Bisque	1248386	Nutritious Food	Soothing Turtle Bisque | Use: Restores 530 health over 24 sec.  Must remain seated while eating. If you spend at least 10 seconds eating you will become well fed and gain 5 Stamina for 15 min. Additionally, experience gained from kills is increased by 5%. (1 |4Sec:Sec; Cooldown) | Requires Level 15
3768	8	Other	Deprecated Anti-magic Potion	nil	nil	Deprecated Anti-magic Potion | Requires Level 18
3770	5	Food & Drink	Mutton Chop	435	Food	Mutton Chop | Use: Restores 530 health over 24 sec.  Must remain seated while eating. | Requires Level 15
3771	5	Food & Drink	Wild Hog Shank	1127	Food	Wild Hog Shank | Use: Restores 841 health over 27 sec.  Must remain seated while eating. | Requires Level 25
3772	5	Food & Drink	Conjured Spring Water	1133	Drink	Conjured Spring Water | Conjured Item | Use: Restores 1,292 mana over 27 sec.  Must remain seated while drinking. | Requires Level 25
3773	8	Other	Deprecated Murkwood Sap	1135	Drink	Deprecated Murkwood Sap | Use: Restores 1,915 mana over 30 sec.  Must remain seated while drinking. | Requires Level 35
3775	8	Other	Crippling Poison	3408	Crippling Poison	Crippling Poison | Use: Coats a weapon with poison that lasts for 30 minutes.  Each strike has a 30% chance of poisoning the enemy, slowing their movement speed by 50% for 12 sec. | Classes: Rogue | Requires Level 20 || DESC: Coats a weapon with poison that lasts for 30 minutes.  Each strike has a 30% chance of poisoning the enemy, slowing their movement speed by 50% for 12 sec.
3776	8	Other	Crippling Poison II	11202	Crippling Poison	Crippling Poison II | Use: Coats a weapon with poison that lasts for 30 minutes.  Each strike has a 30% chance of poisoning the enemy, slowing their movement speed by 70% for 12 sec. | Classes: Rogue | Requires Level 50 || DESC: Coats a weapon with poison that lasts for 30 minutes.  Each strike has a 30% chance of poisoning the enemy, slowing their movement speed by 70% for 12 sec.
3823	1	Potions	Lesser Invisibility Potion	3680	Lesser Invisibility	Lesser Invisibility Potion | Use: Gives the imbiber lesser invisibility for 15 sec. (10 |4Min:Min; Cooldown) | Requires Level 23
3824	8	Other	Shadow Oil	3594	Shadow Oil	Shadow Oil | Use: When applied to a melee weapon it gives a 15% chance of casting Shadowbolt III at the opponent when it hits.  Lasts 30 minutes. (1 |4Sec:Sec; Cooldown) | Requires Level 24
3825	2	Elixirs	Elixir of Lesser Fortitude	3593	Health II	Elixir of Lesser Fortitude | Use: Increases the player's maximum health by 120 for 1 |4hour:hrs;. | Requires Level 25
3826	1	Potions	Troll's Blood Elixir	3223	Regeneration	Troll's Blood Elixir | Use: Regenerate 12 health every 5 sec for 1 |4hour:hrs;. | Requires Level 26
3827	1	Potions	Mana Potion	2023	Restore Mana	Mana Potion | Use: Restores 455 to 585 mana. | Requires Level 22
3828	2	Elixirs	Draught of Detect Lesser Invisibility	6512	Detect Lesser Invisibility	Draught of Detect Lesser Invisibility | Use: Grants detect lesser invisibility for 10 min. | Requires Level 29
3829	8	Other	Frost Oil	3595	Frost Oil	Frost Oil | Use: When applied to a melee weapon it gives a 10% chance of casting Frostbolt at the opponent when it hits.  Lasts 30 minutes. (1 |4Sec:Sec; Cooldown) | Requires Level 30
3927	5	Food & Drink	Fine Aged Cheddar	1129	Food	Fine Aged Cheddar | Use: Restores 1,338 health over 30 sec.  Must remain seated while eating. | Requires Level 35
3928	1	Potions	Superior Healing Potion	4042	Healing Potion	Superior Healing Potion | Use: Restores 700 to 900 health. | Requires Level 35
4265	6	Permanent	Heavy Armor Kit	2833	Heavy Armor Kit	Heavy Armor Kit | Requires Level 20
4358	0	Explosives	Rough Dynamite	4054	Rough Dynamite	Rough Dynamite | Requires Engineering (1)
4360	0	Explosives	Rough Copper Bomb	4064	Rough Copper Bomb	Rough Copper Bomb | Requires Engineering (30)
4365	0	Explosives	Coarse Dynamite	4061	Coarse Dynamite	Coarse Dynamite | Requires Engineering (75)
4366	14	Devices	Target Dummy	4071	Target Dummy	Target Dummy | Requires Engineering (85)
4367	0	Explosives	Small Seaforium Charge	4056	Small Seaforium Charge	Small Seaforium Charge | Requires Engineering (100)
4370	0	Explosives	Large Copper Bomb	4065	Large Copper Bomb	Large Copper Bomb | Requires Engineering (105)
4374	0	Explosives	Small Bronze Bomb	4066	Small Bronze Bomb	Small Bronze Bomb | Requires Engineering (120)
4376	14	Devices	Flame Deflector	4057	Fire Resistance	Flame Deflector | Requires Level 15
4378	0	Explosives	Heavy Dynamite	4062	Heavy Dynamite	Heavy Dynamite | Requires Engineering (125)
4380	0	Explosives	Big Bronze Bomb	4067	Big Bronze Bomb	Big Bronze Bomb | Requires Engineering (140)
4384	0	Explosives	Explosive Sheep	4074	Explosive Sheep	Explosive Sheep | Requires Engineering (150)
4386	14	Devices	Ice Deflector	4077	Frost Resistance	Ice Deflector | Requires Level 21
4388	14	Devices	Discombobulator Ray	4060	Discombobulate	Discombobulator Ray | Use: Transforms the target into a Leper Gnome, reducing its melee and spell damage by 40 and its movement rate by 20% for 12 sec. | 5 |4Charge:Charges;
4390	0	Explosives	Iron Grenade	4068	Iron Grenade	Iron Grenade | Requires Engineering (175)
4391	14	Devices	Compact Harvest Reaper Kit	4078	Compact Harvest Reaper	Compact Harvest Reaper Kit | Requires Level 30 | Requires Engineering (175)
4392	14	Devices	Advanced Target Dummy	4072	Advanced Target Dummy	Advanced Target Dummy | Requires Engineering (185)
4394	0	Explosives	Big Iron Bomb	4069	Big Iron Bomb	Big Iron Bomb | Requires Engineering (190)
4395	0	Explosives	Goblin Land Mine	4100	Goblin Land Mine	Goblin Land Mine | Requires Engineering (195)
4398	0	Explosives	Large Seaforium Charge	4075	Large Seaforium Charge	Large Seaforium Charge | Requires Engineering (200)
4403	14	Devices	Portable Bronze Mortar	4067	Big Bronze Bomb	Portable Bronze Mortar | Requires Engineering (165)
4405	14	Devices	Crude Scope	3974	Crude Scope	Crude Scope | Requires Level 5
4406	14	Devices	Standard Scope	3975	Standard Scope	Standard Scope | Requires Level 10
4407	14	Devices	Accurate Scope	3976	Accurate Scope	Accurate Scope | Requires Level 20
4418	5	Food & Drink	Deprecated Creeper Cakes	1129	Food	Deprecated Creeper Cakes | Use: Restores 1,338 health over 30 sec.  Must remain seated while eating. | Requires Level 35
4419	4	Scrolls	Scroll of Intellect III	8098	Intellect	Scroll of Intellect III | Use: Increases the target's Intellect by 12 for 30 min. (1 |4Sec:Sec; Cooldown) | Requires Level 35
4420	8	Other	nil	nil	nil	
4421	4	Scrolls	Scroll of Protection III	8095	Armor	Scroll of Protection III | Use: Increases the target's Armor by 180 for 30 min. (1 |4Sec:Sec; Cooldown) | Requires Level 30
4422	4	Scrolls	Scroll of Stamina III	8101	Stamina	Scroll of Stamina III | Use: Increases the target's Stamina by 12 for 30 min. (1 |4Sec:Sec; Cooldown) | Requires Level 35
4423	8	Other	nil	nil	nil	
4424	4	Scrolls	Scroll of Spirit III	8114	Spirit	Scroll of Spirit III | Use: Increases the target's Spirit by 11 for 30 min. (1 |4Sec:Sec; Cooldown) | Requires Level 30
4425	4	Scrolls	Scroll of Agility III	8117	Agility	Scroll of Agility III | Use: Increases the target's Agility by 13 for 30 min. (1 |4Sec:Sec; Cooldown) | Requires Level 40
4426	4	Scrolls	Scroll of Strength III	8120	Strength	Scroll of Strength III | Use: Increases the target's Strength by 13 for 30 min. (1 |4Sec:Sec; Cooldown) | Requires Level 40
4427	8	Other	Deprecated Scroll of Spirit Armor V	nil	nil	Deprecated Scroll of Spirit Armor V | Requires Level 29
4457	5	Food & Drink	Barbecued Buzzard Wing	1248392	Nutritious Food	Barbecued Buzzard Wing | Use: Restores 841 health over 27 sec.  Must remain seated while eating. If you spend at least 10 seconds eating you will become well fed and gain 10 Intellect for 15 min. Additionally, experience gained from kills is increased by 5%. (1 |4Sec:Sec; Cooldown) | Requires Level 25
4479	8	Other	Burning Charm	4132	Banish Thundering Exile	Burning Charm | Use: Banishes a Thundering Exile (10 |4Sec:Sec; Cooldown) | Requires Level 25 || DESC: Banishes a Thundering Exile
4480	8	Other	Thundering Charm	4131	Banish Cresting Exile	Thundering Charm | Use: Banishes a Cresting Exile (10 |4Sec:Sec; Cooldown) | Requires Level 25 || DESC: Banishes a Cresting Exile
4481	8	Other	Cresting Charm	4130	Banish Burning Exile	Cresting Charm | Use: Banishes a Burning Exile (10 |4Sec:Sec; Cooldown) | Requires Level 25 || DESC: Banishes a Burning Exile
4536	5	Food & Drink	Shiny Red Apple	433	Food	Shiny Red Apple | Use: Restores 58 health over 18 sec.  Must remain seated while eating.
4537	5	Food & Drink	Tel'Abim Banana	434	Food	Tel'Abim Banana | Use: Restores 234 health over 21 sec.  Must remain seated while eating. | Requires Level 5
4538	5	Food & Drink	Snapvine Watermelon	435	Food	Snapvine Watermelon | Use: Restores 530 health over 24 sec.  Must remain seated while eating. | Requires Level 15
4539	5	Food & Drink	Goldenbark Apple	1127	Food	Goldenbark Apple | Use: Restores 841 health over 27 sec.  Must remain seated while eating. | Requires Level 25
4540	5	Food & Drink	Tough Hunk of Bread	433	Food	Tough Hunk of Bread | Use: Restores 58 health over 18 sec.  Must remain seated while eating.
4541	5	Food & Drink	Freshly Baked Bread	434	Food	Freshly Baked Bread | Use: Restores 234 health over 21 sec.  Must remain seated while eating. | Requires Level 5
4542	5	Food & Drink	Moist Cornbread	435	Food	Moist Cornbread | Use: Restores 530 health over 24 sec.  Must remain seated while eating. | Requires Level 15
4544	5	Food & Drink	Mulgore Spice Bread	1127	Food	Mulgore Spice Bread | Use: Restores 841 health over 27 sec.  Must remain seated while eating. | Requires Level 25
4546	8	Other	Call of the Raptor	4318	Guile of the Raptor	Call of the Raptor | Binds when picked up | Unique | Use: Increases your Agility by 12 for 30 min. (1 |4Sec:Sec; Cooldown) | 3 |4Charge:Charges; || DESC: Increases your Agility by 12 for 30 min.
4592	5	Food & Drink	Longjaw Mud Snapper	1249506	Nutritious Food	Longjaw Mud Snapper | Use: Restores 530 health over 24 sec.  Must remain seated while eating. If you spend at least 10 seconds eating you will become well fed and gain 10 Attack Power for 15 min. Additionally, experience gained from kills is increased by 5%. (1 |4Sec:Sec; Cooldown) | Requires Level 5
4593	5	Food & Drink	Bristle Whisker Catfish	1249508	Nutritious Food	Bristle Whisker Catfish | Use: Restores 530 health over 24 sec.  Must remain seated while eating. If you spend at least 10 seconds eating you will become well fed and gain 8 Fishing Skill for 15 min. Additionally, experience gained from kills is increased by 5%. (1 |4Sec:Sec; Cooldown) | Requires Level 15
4594	5	Food & Drink	Rockscale Cod	1249511	Nutritious Food	Rockscale Cod | Use: Restores 841 health over 27 sec.  Must remain seated while eating. If you spend at least 10 seconds eating you will become well fed and gain 12 Fishing Skill for 15 min. Additionally, experience gained from kills is increased by 5%. (1 |4Sec:Sec; Cooldown) | Requires Level 25
4595	5	Food & Drink	Junglevine Wine	11009	Strong Alcohol	Junglevine Wine | Use: A strong alcoholic beverage. (10 |4Sec:Sec; Cooldown)
4596	1	Potions	Minor Discolored Healing Potion	1244863	Minor Discolored Healing Potion	Minor Discolored Healing Potion | Use: Restores 150 to 170 health instantly, however you also suffer 75% of that amount over time.    The symptoms of this effect can manifest as either a 6 sec poison or a 12 sec disease. | Requires Level 5
4598	8	Other	Goblin Fishing Pole	4062	Heavy Dynamite	Goblin Fishing Pole | Binds when picked up | Use: Inflicts 130 to 176 Fire damage in a 5 yard radius.
4599	5	Food & Drink	Cured Ham Steak	1129	Food	Cured Ham Steak | Use: Restores 1,338 health over 30 sec.  Must remain seated while eating. | Requires Level 35
4600	5	Food & Drink	Cherry Grog	11009	Strong Alcohol	Cherry Grog | Use: A strong alcoholic beverage. | Requires Level 25
4601	5	Food & Drink	Soft Banana Bread	1129	Food	Soft Banana Bread | Use: Restores 1,338 health over 30 sec.  Must remain seated while eating. | Requires Level 35
4602	5	Food & Drink	Moon Harvest Pumpkin	1129	Food	Moon Harvest Pumpkin | Use: Restores 1,338 health over 30 sec.  Must remain seated while eating. | Requires Level 35
4604	5	Food & Drink	Forest Mushroom Cap	433	Food	Forest Mushroom Cap | Use: Restores 58 health over 18 sec.  Must remain seated while eating.
4605	5	Food & Drink	Red-speckled Mushroom	434	Food	Red-speckled Mushroom | Use: Restores 234 health over 21 sec.  Must remain seated while eating. | Requires Level 5
4606	5	Food & Drink	Spongy Morel	435	Food	Spongy Morel | Use: Restores 530 health over 24 sec.  Must remain seated while eating. | Requires Level 15
4607	5	Food & Drink	Delicious Cave Mold	1127	Food	Delicious Cave Mold | Use: Restores 841 health over 27 sec.  Must remain seated while eating. | Requires Level 25
4608	5	Food & Drink	Raw Black Truffle	1129	Food	Raw Black Truffle | Use: Restores 1,338 health over 30 sec.  Must remain seated while eating. | Requires Level 35
4623	1	Potions	Lesser Stoneshield Potion	4941	Stoneshield	Lesser Stoneshield Potion | Use: Increases armor by 1,000 for 1.5 min. | Requires Level 33
4656	5	Food & Drink	Small Pumpkin	433	Food	Small Pumpkin | Use: Restores 58 health over 18 sec.  Must remain seated while eating.
4791	5	Food & Drink	Enchanted Water	1133	Drink	Enchanted Water | Use: Restores 1,292 mana over 27 sec.  Must remain seated while drinking. | Requires Level 25
4842	8	Other	test	nil	nil	test | Shoulder
4852	0	Explosives	Flash Bomb	5134	Flash Bomb	Flash Bomb | Requires Level 27
4941	8	Other	Really Sticky Glue	8312	Trap	Really Sticky Glue | Binds when picked up | Use: Renders a target unable to move for 10 sec.
4945	8	Other	Faintly Glowing Skull	16375	Drain Life	Faintly Glowing Skull | Binds when picked up | Unique | Use: Steals 76 to 128 life from target enemy. || DESC: Steals 76 to 128 life from target enemy.
4952	8	Other	Stormstout	5020	Stormstout	Stormstout | Binds when picked up | Use: A powerful brew that increases your strength by 4 and decreases your intellect by 5 for 5 min. || DESC: A powerful brew that increases your strength by 4 and decreases your intellect by 5 for 5 min.
4953	8	Other	Trogg Brew	5021	Trogg Ale	Trogg Brew | Binds when picked up | Use: Increases your health by 23 to 37, but decreases your spirit by 4 for 5 min. || DESC: Increases your health by 23 to 37, but decreases your spirit by 4 for 5 min.
5013	8	Other	Fertile Bulb	5100	Spore Burst	Fertile Bulb | Use: Inflicts 47 to 55 Nature damage in a 10 yard radius. | Requires Level 5 || DESC: Inflicts 47 to 55 Nature damage in a 10 yard radius.
5014	8	Other	Wrapping Paper (PT)	nil	nil	
5015	8	Other	Wrapped Item (PT)	nil	nil	
5041	8	Other	TEST Translation: Taurahe	nil	nil	TEST Translation: Taurahe | <This item can be read>
5042	8	Other	Red Ribboned Wrapping Paper	nil	nil	
5043	8	Other	Red Ribboned Gift	nil	nil	
5044	8	Other	Blue Ribboned Gift	nil	nil	
5045	8	Other	Skull Gift	nil	nil	Skull Gift | Requires Level 35
5046	8	Other	Locked Gift	nil	nil	Locked Gift | Locked | Requires Pick Lock (70)
5047	8	Other	Skull Wrapping Paper	nil	nil	Skull Wrapping Paper | Requires Level 40 | "Only 40th level or higher players will be able to open this gift."
5048	8	Other	Blue Ribboned Wrapping Paper	nil	nil	
5049	8	Other	Self-locking Ironpaper	nil	nil	Self-locking Ironpaper | Requires Subtlety (150) | "This gift will require 150 lockpicking to open."
5057	5	Food & Drink	Ripe Watermelon	433	Food	Ripe Watermelon | Use: Restores 58 health over 18 sec.  Must remain seated while eating.
5066	5	Food & Drink	Fissure Plant	434	Food	Fissure Plant | Use: Restores 234 health over 21 sec.  Must remain seated while eating. | Requires Level 5
5095	5	Food & Drink	Rainbow Fin Albacore	1249501	Nutritious Food	Rainbow Fin Albacore | Use: Restores 58 health over 18 sec.  Must remain seated while eating. If you spend at least 10 seconds eating you will become well fed and gain 1 Spell Damage for 15 min. Additionally, experience gained from kills is increased by 5%. (1 |4Sec:Sec; Cooldown) | Requires Level 5
5205	8	Other	Sprouted Frond	2052	Lesser Heal	Sprouted Frond | Use: Heal your target for 76 to 91. | Requires Level 5
5206	8	Other	Bogling Root	5665	Fury of the Bogling	Bogling Root | Use: Increases physical damage by 1 for 10 min.
5223	8	Other	Empty Mana Gem	nil	nil	Empty Mana Gem | Conjured Item | Unique
5225	8	Other	nil	nil	nil	
5227	8	Other	Empty Mana Jewel	nil	nil	Empty Mana Jewel | Conjured Item | Unique
5228	8	Other	Deprecated Empty Bloodstone	nil	nil	Deprecated Empty Bloodstone | Conjured Item | Unique
5229	8	Other	Empty Greater Bloodstone	nil	nil	Empty Greater Bloodstone | Conjured Item | Unique
5232	8	Other	Minor Soulstone	20707	Soulstone Resurrection	Minor Soulstone | Conjured Item | Binds when picked up | Unique | Use: Stores the friendly target's soul.  If the target dies while their soul is stored, they will be able to resurrect with 400 health and 700 mana. || DESC: Stores the friendly target's soul.  If the target dies while their soul is stored, they will be able to resurrect with 400 health and 700 mana.
5237	8	Other	Mind-numbing Poison	5761	Mind-numbing Poison	Mind-numbing Poison | Use: Coats a weapon with poison that lasts for 30 minutes.  Each strike has a 20% chance of poisoning the enemy, increasing their casting time by 40% for 10 sec.  75 charges. | Classes: Rogue | Requires Level 24 || DESC: Coats a weapon with poison that lasts for 30 minutes.  Each strike has a 20% chance of poisoning the enemy, increasing their casting time by 40% for 10 sec.  75 charges.
5265	5	Food & Drink	Watered-down Beer	5909	Watered-down Beer	Watered-down Beer | Use: This weak beer increases your Spirit by 1 and decreases your Stamina by 1 for 10 min.
5342	5	Food & Drink	Raptor Punch	6114	Raptor Punch	Raptor Punch | Use: Increases your Intellect by 4 and decreases your Stamina by 5 for 5 min.
5349	5	Food & Drink	Conjured Muffin	433	Food	Conjured Muffin | Conjured Item | Use: Restores 58 health over 18 sec.  Must remain seated while eating.
5350	5	Food & Drink	Conjured Water	430	Drink	Conjured Water | Conjured Item | Use: Restores 145 mana over 18 sec.  Must remain seated while drinking.
5378	8	Other	Shane Test (DELETE ME)	nil	nil	Shane Test (DELETE ME) | Head | "STONE HENDGE"
5406	8	Other	Empty Minor Bloodstone	nil	nil	Empty Minor Bloodstone | Conjured Item | Unique
5407	8	Other	Deprecated Empty Lesser Bloodstone	nil	nil	Deprecated Empty Lesser Bloodstone | Conjured Item | Unique
5421	8	Other	Fiery Blaze Enchantment	6296	Enchant: Fiery Blaze	Fiery Blaze Enchantment | Binds when picked up | Use: Enchants a weapon to have a 15% chance to inflict 9 to 14 Fire damage to all enemies within 3 yards. (1 |4Sec:Sec; Cooldown) || DESC: Enchants a weapon to have a 15% chance to inflict 9 to 14 Fire damage to all enemies within 3 yards.
5457	8	Other	Severed Voodoo Claw	8277	Voodoo Hex	Severed Voodoo Claw | Binds when picked up | Use: Physical damage caused by the target is reduced by 5 for 2 min. || DESC: Physical damage caused by the target is reduced by 5 for 2 min.
5472	5	Food & Drink	Kaldorei Spider Kabob	1248377	Nutritious Food	Kaldorei Spider Kabob | Use: Restores 58 health over 18 sec.  Must remain seated while eating. If you spend at least 10 seconds eating you will become well fed and gain 1 Stamina for 15 min. Additionally, experience gained from kills is increased by 5%. (1 |4Sec:Sec; Cooldown)
5473	5	Food & Drink	Scorpid Surprise	6410	Food	Scorpid Surprise | Use: Heals 282 damage over 21 sec, assuming you don't bite down on a poison sac. (1 |4Sec:Sec; Cooldown)
5474	5	Food & Drink	Roasted Kodo Meat	1248377	Nutritious Food	Roasted Kodo Meat | Use: Restores 58 health over 18 sec.  Must remain seated while eating. If you spend at least 10 seconds eating you will become well fed and gain 1 Stamina for 15 min. Additionally, experience gained from kills is increased by 5%.
5476	5	Food & Drink	Fillet of Frenzy	1249505	Nutritious Food	Fillet of Frenzy | Use: Restores 234 health over 21 sec.  Must remain seated while eating. If you spend at least 10 seconds eating you will become well fed and gain 5 Fishing Skill for 15 min. Additionally, experience gained from kills is increased by 5%. (1 |4Sec:Sec; Cooldown) | Requires Level 5
5477	5	Food & Drink	Strider Stew	1248379	Nutritious Food	Strider Stew | Use: Restores 58 health over 18 sec.  Must remain seated while eating. If you spend at least 10 seconds eating you will become well fed and gain 1 Intellect for 15 min. Additionally, experience gained from kills is increased by 5%. (1 |4Sec:Sec; Cooldown)
5478	5	Food & Drink	Dig Rat Stew	435	Food	Dig Rat Stew | Use: Restores 530 health over 24 sec.  Must remain seated while eating. (1 |4Sec:Sec; Cooldown) | Requires Level 15
5479	5	Food & Drink	Crispy Lizard Tail	1248381	Nutritious Food	Crispy Lizard Tail | Use: Restores 234 health over 21 sec.  Must remain seated while eating. If you spend at least 10 seconds eating you will become well fed and gain 3 Stamina for 15 min. Additionally, experience gained from kills is increased by 5%. | Requires Level 5
5480	5	Food & Drink	Lean Venison	1248389	Nutritious Food	Lean Venison | Use: Restores 530 health over 24 sec.  Must remain seated while eating. If you spend at least 10 seconds eating you will become well fed and gain 5 Strength for 15 min. Additionally, experience gained from kills is increased by 5%. (1 |4Sec:Sec; Cooldown) | Requires Level 15
5507	14	Devices	Ornate Spyglass	12883	Longsight	Ornate Spyglass | Use: Allows you to look far into the distance.
5509	8	Other	Healthstone	5720	Healthstone	Healthstone | Conjured Item | Unique | Use: Instantly restores 600 life. | Requires Level 24 || DESC: Instantly restores 600 life.
5510	8	Other	Greater Healthstone	5723	Greater Healthstone	Greater Healthstone | Conjured Item | Unique | Use: Instantly restores 960 life. | Requires Level 36 || DESC: Instantly restores 960 life.
5511	8	Other	Lesser Healthstone	6263	Lesser Healthstone	Lesser Healthstone | Conjured Item | Unique | Use: Instantly restores 300 life. | Requires Level 12 || DESC: Instantly restores 300 life.
5512	8	Other	Minor Healthstone	6262	Minor Healthstone	Minor Healthstone | Conjured Item | Unique | Use: Instantly restores 120 life. || DESC: Instantly restores 120 life.
5513	8	Other	Mana Jade	10052	Replenish Mana	Mana Jade | Conjured Item | Binds when picked up | Unique | Use: Restores 550 to 650 mana. | Requires Level 38 || DESC: Restores 550 to 650 mana.
5525	5	Food & Drink	Boiled Clams	433	Food	Boiled Clams | Use: Restores 58 health over 18 sec.  Must remain seated while eating. (1 |4Sec:Sec; Cooldown)
5526	5	Food & Drink	Clam Chowder	434	Food	Clam Chowder | Use: Restores 234 health over 21 sec.  Must remain seated while eating. (1 |4Sec:Sec; Cooldown) | Requires Level 5
5527	5	Food & Drink	Goblin Deviled Clams	5006	Food	Goblin Deviled Clams | Use: Restores 530 health over 24 sec.  Must remain seated while eating.  If you spend at least 10 seconds eating you will become well fed and gain 6 Stamina and Spirit for 15 min. (1 |4Sec:Sec; Cooldown) | Requires Level 15
5631	1	Potions	Rage Potion	6612	Rage	Rage Potion | Use: Increases Rage by 20 to 40. | Classes: Warrior, Druid | Requires Level 4
5632	1	Potions	nil	nil	nil	
5633	1	Potions	Great Rage Potion	6613	Great Rage	Great Rage Potion | Use: Increases Rage by 30 to 60. | Classes: Warrior, Druid | Requires Level 25
5634	1	Potions	Free Action Potion	6615	Free Action	Free Action Potion | Use: Makes you immune to Stun and Movement Impairing effects for the next 30 sec.   Does not remove effects already on the imbiber. | Requires Level 20
5740	8	Other	Red Fireworks Rocket	6668	Red Firework	Red Fireworks Rocket | Use: Shoots a firework into the air that bursts into a thousand red stars. (1 |4Sec:Sec; Cooldown)
5816	8	Other	Light of Elune	6724	Light of Elune	Light of Elune | Binds when picked up | Unique | Use: Grants immunity from all damage and spells for 10 sec. || DESC: Grants immunity from all damage and spells for 10 sec.
5823	8	Other	Poisonous Mushroom	6727	Poison Mushroom	Poisonous Mushroom | Use: Don't eat me. | Requires Level 5 || DESC: Don't eat me.
5845	8	Other	Flank of Meat	435	Food	Flank of Meat | Quest Item | Use: Restores 530 health over 24 sec.  Must remain seated while eating. | Requires Level 15
5859	8	Other	Party Grenade	6758	Party Fever	Party Grenade | Use: The ultimate party favor!
5878	8	Other	Super Snuff	6902	Sneezing Fit	Super Snuff | Use: Makes you sneeze!
5880	8	Other	Crate With Holes	6918	Summon Snufflenose	Crate With Holes | Quest Item | Unique | Use: Use in Razorfen Kraul near buried tubers to summon a Snufflenose Gopher. (30 |4Sec:Sec; Cooldown) | 5 |4Charge:Charges; || DESC: Use in Razorfen Kraul near buried tubers to summon a Snufflenose Gopher.
5951	8	Other	Moist Towelette	7108	Moist Towelette	Moist Towelette | Binds when picked up | Use: Removes 1 negative spell effect from user.  Cleans with the power of lemon. (1 |4Sec:Sec; Cooldown) || DESC: Removes 1 negative spell effect from user.  Cleans with the power of lemon.
5996	2	Elixirs	Draught of Water Breathing	7178	Water Breathing	Draught of Water Breathing | Use: Allows the Imbiber to breathe water for 30 min. | Requires Level 8
5997	2	Elixirs	Elixir of Minor Defense	673	Elixir of Minor Defense	Elixir of Minor Defense | Use: Increases armor by 50 for 1 |4hour:hrs;.
6038	5	Food & Drink	Giant Clam Scorcho	1248390	Nutritious Food	Giant Clam Scorcho | Use: Restores 841 health over 27 sec.  Must remain seated while eating. If you spend at least 10 seconds eating you will become well fed and gain 10 Stamina for 15 min. Additionally, experience gained from kills is increased by 5%. (1 |4Sec:Sec; Cooldown) | Requires Level 25
6041	6	Permanent	Steel Weapon Chain	7220	Weapon Chain	Steel Weapon Chain | Requires Blacksmithing (190)
6042	6	Permanent	Iron Shield Spike	7216	Iron Shield Spike	Iron Shield Spike | Requires Blacksmithing (150)
6043	6	Permanent	Iron Counterweight	7218	Weapon Counterweight	Iron Counterweight | Requires Blacksmithing (165)
6048	1	Potions	Shadow Protection Potion	7242	Shadow Protection	Shadow Protection Potion | Use: Absorbs 675 to 1,125 shadow damage.  Lasts 2 min. | Requires Level 17
6049	1	Potions	Fire Protection Potion	7233	Fire Protection	Fire Protection Potion | Use: Absorbs 975 to 1,625 fire damage.  Lasts 2 min. | Requires Level 23
6050	1	Potions	Frost Protection Potion	7239	Frost Protection	Frost Protection Potion | Use: Absorbs 1,350 to 2,250 frost damage.  Lasts 2 min. | Requires Level 28
6051	1	Potions	Holy Protection Potion	7245	Holy Protection	Holy Protection Potion | Use: Absorbs 300 to 500 holy damage.  Lasts 2 min. | Requires Level 10
6052	1	Potions	Nature Protection Potion	7254	Nature Protection	Nature Protection Potion | Use: Absorbs 1,350 to 2,250 nature damage.  Lasts 2 min. | Requires Level 28
6074	8	Other	War Horn Mouthpiece	7285	Blow Maraudine Horn	War Horn Mouthpiece | Quest Item | Unique | Use: Place in the Maraudine War Horn, and blow. || DESC: Place in the Maraudine War Horn, and blow.
6149	1	Potions	Greater Mana Potion	11903	Restore Mana	Greater Mana Potion | Use: Restores 700 to 900 mana. | Requires Level 31
6183	8	Other	Unlit Poor Torch	7364	Light Torch	Unlit Poor Torch | Requires Survival (25)
6213	8	Other	nil	nil	nil	
6244	8	Other	ggggfg	nil	nil	ggggfg | Feet
6290	5	Food & Drink	Brilliant Smallfish	1249500	Nutritious Food	Brilliant Smallfish | Use: Restores 58 health over 18 sec.  Must remain seated while eating. If you spend at least 10 seconds eating you will become well fed and gain 2 Attack Power for 15 min. Additionally, experience gained from kills is increased by 5%. (1 |4Sec:Sec; Cooldown)
6299	5	Food & Drink	Sickly Looking Fish	7737	Food	Sickly Looking Fish | Use: Restores 28 health over 15 sec.  Must remain seated while eating.
6316	5	Food & Drink	Loch Frenzy Delight	1249502	Nutritious Food	Loch Frenzy Delight | Use: Restores 58 health over 18 sec.  Must remain seated while eating. If you spend at least 10 seconds eating you will become well fed and gain 3 Fishing Skill for 15 min. Additionally, experience gained from kills is increased by 5%. (1 |4Sec:Sec; Cooldown) | Requires Level 5
6372	1	Potions	Swim Speed Potion	7840	Swim Speed	Swim Speed Potion | Use: Increases swim speed by 100% for 20 sec. | Requires Level 10
6373	2	Elixirs	Elixir of Fire Power	7844	Fire Power	Elixir of Fire Power | Use: Increases spell fire damage by up to 10 for 30 min. | Requires Level 18
6450	7	Bandages	Silk Bandage	7926	First Aid	Silk Bandage | Use: Heals 400 damage over 8 sec. | Requires First Aid (100)
6451	7	Bandages	Heavy Silk Bandage	7927	First Aid	Heavy Silk Bandage | Use: Heals 640 damage over 8 sec. | Requires First Aid (125)
6452	8	Other	Anti-Venom	7932	Anti-Venom	Anti-Venom | Use: Target is cured of poisons up to level 25. (1 |4Min:Min; Cooldown)
6453	8	Other	Strong Anti-Venom	7933	Strong Anti-Venom	Strong Anti-Venom | Use: Target is cured of poisons up to level 35. (1 |4Min:Min; Cooldown)
6458	8	Other	Oil Covered Fish	433	Food	Oil Covered Fish | Use: Restores 58 health over 18 sec.  Must remain seated while eating. | Requires Level 5
6464	8	Other	Wailing Essence	nil	nil	Wailing Essence | Quest Item
6486	8	Other	Singed Scale	nil	nil	Singed Scale | Quest Item
6522	5	Food & Drink	Deviate Fish	8063	Deviate Fish	Deviate Fish | Use: Eat me. (10 |4Sec:Sec; Cooldown) | Crafting Reagent
6529	8	Other	Shiny Bauble	8087	Shiny Bauble	Shiny Bauble | Use: When applied to your fishing pole, increases Fishing by 25 for 10 min.
6530	8	Other	Nightcrawlers	8088	Nightcrawlers	Nightcrawlers | Use: When applied to your fishing pole, increases Fishing by 50 for 10 min. | Requires Fishing (50) || DESC: When applied to your fishing pole, increases Fishing by 50 for 10 min.
6532	8	Other	Bright Baubles	8090	Bright Baubles	Bright Baubles | Use: When applied to your fishing pole, increases Fishing by 75 for 10 minutes. | Requires Fishing (100) || DESC: When applied to your fishing pole, increases Fishing by 75 for 10 minutes.
6533	14	Devices	Aquadynamic Fish Attractor	8089	Aquadynamic Fish Attractor	Aquadynamic Fish Attractor | Requires Fishing (100)
6635	8	Other	Earth Sapta	8202	Sapta Sight	Earth Sapta | Binds when picked up | Unique | Use: Allows the shaman to see elemental spirits. || DESC: Allows the shaman to see elemental spirits.
6636	8	Other	Fire Sapta	8898	Sapta Sight	Fire Sapta | Binds when picked up | Unique | Use: Allows the shaman to see elemental spirits. || DESC: Allows the shaman to see elemental spirits.
6637	8	Other	Water Sapta	8899	Sapta Sight	Water Sapta | Binds when picked up | Unique | Use: Allows the shaman to see elemental spirits. || DESC: Allows the shaman to see elemental spirits.
6638	8	Other	Air Sapta	8900	Sapta Sight	Air Sapta | Binds when picked up | Unique | Use: Allows the shaman to see elemental spirits. || DESC: Allows the shaman to see elemental spirits.
6657	5	Food & Drink	Savory Deviate Delight	8213	Savory Deviate Delight	Savory Deviate Delight | Use: Eat me. (10 |4Sec:Sec; Cooldown)
6662	2	Elixirs	Elixir of Giant Growth	8212	Enlarge	Elixir of Giant Growth | Use: Your size is increased and your Strength goes up by 8 to match your new size.  Lasts 2 min. | Requires Level 8
6714	0	Explosives	Ez-Thro Dynamite	8331	Ez-Thro Dynamite	Ez-Thro Dynamite | Requires Level 10 | "So E-Z, even your cat could throw it."
6715	14	Devices	Ruined Jumper Cables	nil	nil	
6781	8	Other	Bartleby's Mug	nil	nil	Bartleby's Mug | Quest Item | Unique
6782	8	Other	Marshal Haggard's Badge	nil	nil	Marshal Haggard's Badge | Quest Item | Unique
6807	5	Food & Drink	Frog Leg Stew	1127	Food	Frog Leg Stew | Use: Restores 841 health over 27 sec.  Must remain seated while eating.
6811	8	Other	Aquadynamic Fish Lens	8532	Aquadynamic Fish Lens	Aquadynamic Fish Lens | Use: When applied to your fishing pole, increases Fishing by 50 for 10 minutes. | Requires Fishing (50) || DESC: When applied to your fishing pole, increases Fishing by 50 for 10 minutes.
6812	8	Other	Case of Elunite	nil	nil	Case of Elunite | Quest Item | Unique
6841	8	Other	Vial of Phlogiston	nil	nil	Vial of Phlogiston | Quest Item
6842	8	Other	Furen's Instructions	nil	nil	Furen's Instructions | Quest Item | Unique | <This item can be read>
6851	8	Other	Essence of the Exile	nil	nil	Essence of the Exile | Quest Item
6852	8	Other	Eternal Eye	nil	nil	Eternal Eye | Quest Item
6887	5	Food & Drink	Spotted Yellowtail	1249513	Nutritious Food	Spotted Yellowtail | Use: Restores 1,338 health over 30 sec.  Must remain seated while eating. If you spend at least 10 seconds eating you will become well fed and gain 22 Spell Damage for 15 min. Additionally, experience gained from kills is increased by 5%. (1 |4Sec:Sec; Cooldown) | Requires Level 35
6888	5	Food & Drink	Herb Baked Egg	1248377	Nutritious Food	Herb Baked Egg | Use: Restores 58 health over 18 sec.  Must remain seated while eating. If you spend at least 10 seconds eating you will become well fed and gain 1 Stamina for 15 min. Additionally, experience gained from kills is increased by 5%.
6890	5	Food & Drink	Smoked Bear Meat	1248380	Nutritious Food	Smoked Bear Meat | Use: Restores 58 health over 18 sec.  Must remain seated while eating. If you spend at least 10 seconds eating you will become well fed and gain 1 Strength for 15 min. Additionally, experience gained from kills is increased by 5%. (1 |4Sec:Sec; Cooldown)
6926	8	Other	Furen's Notes	nil	nil	Furen's Notes | Quest Item | Unique | "This letter is sealed."
6927	8	Other	Big Will's Ear	nil	nil	Big Will's Ear | Quest Item
6929	8	Other	Bath'rah's Parchment	nil	nil	Bath'rah's Parchment | Quest Item | Unique | <This item can be read>
6947	8	Other	Instant Poison	8679	Instant Poison	Instant Poison | Use: Coats a weapon with poison that lasts for 30 minutes.  Each strike has a 20% chance of poisoning the enemy which instantly inflicts 13 to 18 Nature damage.  60 charges. | Classes: Rogue | Requires Level 20 || DESC: Coats a weapon with poison that lasts for 30 minutes.  Each strike has a 20% chance of poisoning the enemy which instantly inflicts 13 to 18 Nature damage.  60 charges.
6949	8	Other	Instant Poison II	8686	Instant Poison II	Instant Poison II | Use: Coats a weapon with poison that lasts for 30 minutes.  Each strike has a 20% chance of poisoning the enemy which instantly inflicts 20 to 27 Nature damage.  85 charges. | Classes: Rogue | Requires Level 28 || DESC: Coats a weapon with poison that lasts for 30 minutes.  Each strike has a 20% chance of poisoning the enemy which instantly inflicts 20 to 27 Nature damage.  85 charges.
6950	8	Other	Instant Poison III	8688	Instant Poison III	Instant Poison III | Use: Coats a weapon with poison that lasts for 30 minutes.  Each strike has a 20% chance of poisoning the enemy which instantly inflicts 29 to 38 Nature damage.  105 charges. | Classes: Rogue | Requires Level 36 || DESC: Coats a weapon with poison that lasts for 30 minutes.  Each strike has a 20% chance of poisoning the enemy which instantly inflicts 29 to 38 Nature damage.  105 charges.
6951	8	Other	Mind-numbing Poison II	8693	Mind-numbing Poison II	Mind-numbing Poison II | Use: Coats a weapon with poison that lasts for 30 minutes.  Each strike has a 20% chance of poisoning the enemy, increasing their casting time by 50% for 12 sec.  115 charges. | Classes: Rogue | Requires Level 38 || DESC: Coats a weapon with poison that lasts for 30 minutes.  Each strike has a 20% chance of poisoning the enemy, increasing their casting time by 50% for 12 sec.  115 charges.
7097	5	Food & Drink	Leg Meat	433	Food	Leg Meat | Use: Restores 58 health over 18 sec.  Must remain seated while eating.
7127	8	Other	Powdered Azurite	nil	nil	Powdered Azurite | Quest Item
7147	8	Other	nil	nil	nil	
7168	8	Other	nil	nil	nil	
7227	8	Other	Balnir Snapdragons	nil	nil	Balnir Snapdragons | Quest Item
7228	5	Food & Drink	Tigule's Strawberry Ice Cream	435	Food	Tigule's Strawberry Ice Cream | Use: Restores 530 health over 24 sec.  Must remain seated while eating. | Requires Level 15
7266	8	Other	Ur's Treatise on Shadow Magic	nil	nil	Ur's Treatise on Shadow Magic | Quest Item | <This item can be read>
7307	8	Other	Flesh Eating Worm	9092	Flesh Eating Worm	Flesh Eating Worm | Use: When applied to your fishing pole, increases Fishing by 75 for 10 minutes. | Requires Fishing (100) || DESC: When applied to your fishing pole, increases Fishing by 75 for 10 minutes.
7388	8	Other	Skull Key	9172	Lift Seal	Skull Key | Quest Item | Use: Place upon the skull stone near the Mausoleum in Brill. (10 |4Sec:Sec; Cooldown) || DESC: Place upon the skull stone near the Mausoleum in Brill.
7516	8	Other	Tabetha's Instructions	nil	nil	Tabetha's Instructions | Binds when picked up | Unique | <This item can be read>
7627	8	Other	Dolanaar Delivery	nil	nil	Dolanaar Delivery | Quest Item | Unique
7629	8	Other	Ukor's Burden	nil	nil	Ukor's Burden | Quest Item | Unique
7676	5	Food & Drink	Thistle Tea	9512	Restore Energy	Thistle Tea | Use: Instantly restores 100 energy. (5 |4Min:Min; Cooldown) | Classes: Rogue, Druid | Requires Level 5
7806	5	Food & Drink	Lollipop	5004	Food	Lollipop | Use: Restores 58 health over 18 sec.  Must remain seated while eating.  If you spend at least 10 seconds eating you will become well fed and gain 2 Stamina and Spirit for 15 min.
7807	5	Food & Drink	Candy Bar	5004	Food	Candy Bar | Use: Restores 58 health over 18 sec.  Must remain seated while eating.  If you spend at least 10 seconds eating you will become well fed and gain 2 Stamina and Spirit for 15 min.
7808	5	Food & Drink	Chocolate Square	5004	Food	Chocolate Square | Use: Restores 58 health over 18 sec.  Must remain seated while eating.  If you spend at least 10 seconds eating you will become well fed and gain 2 Stamina and Spirit for 15 min.
7964	8	Other	Solid Sharpening Stone	9900	Sharpen Blade IV	Solid Sharpening Stone | Use: Increase sharp weapon damage by 6 for 30 minutes. (1 |4Sec:Sec; Cooldown) | Requires Level 25 || DESC: Increase sharp weapon damage by 6 for 30 minutes.
7965	8	Other	Solid Weightstone	9903	Enhance Blunt Weapon IV	Solid Weightstone | Use: Increase the damage of a blunt weapon by 6 for 30 minutes. (1 |4Sec:Sec; Cooldown) | Requires Level 25 || DESC: Increase the damage of a blunt weapon by 6 for 30 minutes.
7967	6	Permanent	Mithril Shield Spike	9781	Mithril Shield Spike	Mithril Shield Spike | Requires Blacksmithing (215)
7969	6	Permanent	Mithril Spurs	9783	Mithril Spurs	Mithril Spurs | Requires Blacksmithing (215)
7970	8	Other	E.C.A.C.	9976	Polly Eats the E.C.A.C.	E.C.A.C. | Binds when picked up | Unique | Use: Parrots love crackers! (30 |4Sec:Sec; Cooldown) | "Enormous Chemically Altered Cracker" || DESC: Parrots love crackers!
8007	8	Other	Mana Citrine	10057	Replenish Mana	Mana Citrine | Conjured Item | Binds when picked up | Unique | Use: Restores 775 to 925 mana. | Requires Level 48 || DESC: Restores 775 to 925 mana.
8008	8	Other	Mana Ruby	10058	Replenish Mana	Mana Ruby | Conjured Item | Binds when picked up | Unique | Use: Restores 1,000 to 1,200 mana. | Requires Level 58 || DESC: Restores 1,000 to 1,200 mana.
8048	8	Other	Emerald Dreamcatcher	nil	nil	Emerald Dreamcatcher | Quest Item
8075	5	Food & Drink	Conjured Sourdough	1129	Food	Conjured Sourdough | Conjured Item | Use: Restores 1,338 health over 30 sec.  Must remain seated while eating. | Requires Level 35
8076	5	Food & Drink	Conjured Sweet Roll	1131	Food	Conjured Sweet Roll | Conjured Item | Use: Restores 2,065 health over 30 sec.  Must remain seated while eating. | Requires Level 45
8077	5	Food & Drink	Conjured Mineral Water	1135	Drink	Conjured Mineral Water | Conjured Item | Use: Restores 1,915 mana over 30 sec.  Must remain seated while drinking. | Requires Level 35
8078	5	Food & Drink	Conjured Sparkling Water	1137	Drink	Conjured Sparkling Water | Conjured Item | Use: Restores 2,821 mana over 30 sec.  Must remain seated while drinking. | Requires Level 45
8079	5	Food & Drink	Conjured Crystal Water	22734	Drink	Conjured Crystal Water | Conjured Item | Use: Restores 4,038 mana over 30 sec.  Must remain seated while drinking. | Requires Level 55
8095	8	Other	Hinott's Oil	10723	Touch of Zanzil Cure	Hinott's Oil | Binds when picked up | Unique | Use: Cure for the Touch of Zanzil.
8164	8	Other	Test Stationery	nil	nil	
8173	6	Permanent	Thick Armor Kit	10344	Thick Armor Kit	Thick Armor Kit | Requires Level 30
8243	5	Food & Drink	Scooby Snack	10369	Scooby Snack Effect	Scooby Snack | "Scooby-dooby-doo!"
8364	5	Food & Drink	Mithril Head Trout	1249509	Nutritious Food	Mithril Head Trout | Use: Restores 841 health over 27 sec.  Must remain seated while eating. If you spend at least 10 seconds eating you will become well fed and gain 20 Attack Power for 15 min. Additionally, experience gained from kills is increased by 5%. (1 |4Sec:Sec; Cooldown) | Requires Level 25
8410	8	Other	R.O.I.D.S.	10667	Rage of Ages	R.O.I.D.S. | Binds when picked up | Unique | Use: Increases Strength by 25 when consumed. Effect lasts for 60 minutes. | "Robust Operational Imbue Derived From Snickerfang" || DESC: Increases Strength by 25 when consumed. Effect lasts for 60 minutes.
8411	8	Other	Lung Juice Cocktail	10668	Spirit of Boar	Lung Juice Cocktail | Binds when picked up | Unique | Use: Increases Stamina by 25 when consumed. Effect lasts for 60 minutes. | "100% Grade A Lung Juice - Freshly Squeezed" || DESC: Increases Stamina by 25 when consumed. Effect lasts for 60 minutes.
8412	8	Other	Ground Scorpok Assay	10669	Strike of the Scorpok	Ground Scorpok Assay | Binds when picked up | Unique | Use: Increases Agility by 25 when consumed. Effect lasts for 60 minutes. || DESC: Increases Agility by 25 when consumed. Effect lasts for 60 minutes.
8423	8	Other	Cerebral Cortex Compound	10692	Infallible Mind	Cerebral Cortex Compound | Binds when picked up | Unique | Use: Increases Intellect by 25 when consumed. Effect lasts for 60 minutes. | "Best Served Chilled" || DESC: Increases Intellect by 25 when consumed. Effect lasts for 60 minutes.
8424	8	Other	Gizzard Gum	10693	Spiritual Domination	Gizzard Gum | Binds when picked up | Unique | Use: Increases Spirit by 25 when consumed. Effect lasts for 60 minutes. | "Strawberry Flavor" || DESC: Increases Spirit by 25 when consumed. Effect lasts for 60 minutes.
8432	8	Other	Eau de Mixilpixil	10723	Touch of Zanzil Cure	Eau de Mixilpixil | Binds when picked up | Unique | Use: Cure for the Touch of Zanzil.
8444	8	Other	Executioner's Key	10738	Unlocking	
8493	8	Other	Weegli's Barrel	10772	Create Weegli's Barrel	Weegli's Barrel | Unique | Use: Place near the Troll Door. || DESC: Place near the Troll Door.
8529	2	Elixirs	Noggenfogger Elixir	16589	Noggenfogger Elixir	Noggenfogger Elixir | Binds when picked up | Use: Drink Me. (3 |4Sec:Sec; Cooldown) | Requires Level 35
8543	5	Food & Drink	Underwater Mushroom Cap	1127	Food	Underwater Mushroom Cap | Use: Restores 841 health over 27 sec.  Must remain seated while eating. | Requires Level 25
8544	7	Bandages	Mageweave Bandage	10838	First Aid	Mageweave Bandage | Use: Heals 800 damage over 8 sec. | Requires First Aid (150)
8545	7	Bandages	Heavy Mageweave Bandage	10839	First Aid	Heavy Mageweave Bandage | Use: Heals 1,104 damage over 8 sec. | Requires First Aid (175)
8546	8	Other	Powerful Smelling Salts	10850	Powerful Smelling Salts	Powerful Smelling Salts | Unique | Use: Brings a dead player back to life with 15% of their health and mana.  Cannot be used when in combat. (1 |4Sec:Sec; Cooldown) | Requires First Aid (200) || DESC: Brings a dead player back to life with 15% of their health and mana.  Cannot be used when in combat.
8548	8	Other	Divino-matic Rod	nil	nil	Divino-matic Rod | Quest Item | Unique
8766	5	Food & Drink	Morning Glory Dew	1137	Drink	Morning Glory Dew | Use: Restores 2,821 mana over 30 sec.  Must remain seated while drinking. | Requires Level 45
8827	2	Elixirs	Draught of Water Walking	11319	Water Walking	Draught of Water Walking | Use: Lets you walk on water for 30 min. | Requires Level 24
8926	8	Other	Instant Poison IV	11338	Instant Poison IV	Instant Poison IV | Use: Coats a weapon with poison that lasts for 30 minutes.  Each strike has a 20% chance of poisoning the enemy which instantly inflicts 45 to 59 Nature damage.  130 charges. | Classes: Rogue | Requires Level 44 || DESC: Coats a weapon with poison that lasts for 30 minutes.  Each strike has a 20% chance of poisoning the enemy which instantly inflicts 45 to 59 Nature damage.  130 charges.
8927	8	Other	Instant Poison V	11339	Instant Poison V	Instant Poison V | Use: Coats a weapon with poison that lasts for 30 minutes.  Each strike has a 20% chance of poisoning the enemy which instantly inflicts 63 to 82 Nature damage.  150 charges. | Classes: Rogue | Requires Level 52 || DESC: Coats a weapon with poison that lasts for 30 minutes.  Each strike has a 20% chance of poisoning the enemy which instantly inflicts 63 to 82 Nature damage.  150 charges.
8928	8	Other	Instant Poison VI	11340	Instant Poison VI	Instant Poison VI | Use: Coats a weapon with poison that lasts for 30 minutes.  Each strike has a 20% chance of poisoning the enemy which instantly inflicts 77 to 102 Nature damage.  175 charges. | Classes: Rogue | Requires Level 60 || DESC: Coats a weapon with poison that lasts for 30 minutes.  Each strike has a 20% chance of poisoning the enemy which instantly inflicts 77 to 102 Nature damage.  175 charges.
8932	5	Food & Drink	Alterac Swiss	1131	Food	Alterac Swiss | Use: Restores 2,065 health over 30 sec.  Must remain seated while eating. | Requires Level 45
8948	5	Food & Drink	Dried King Bolete	1131	Food	Dried King Bolete | Use: Restores 2,065 health over 30 sec.  Must remain seated while eating. | Requires Level 45
8949	2	Elixirs	Elixir of Agility	11328	Agility	Elixir of Agility | Use: Increases Agility by 15 for 1 |4hour:hrs;. | Requires Level 27
8950	5	Food & Drink	Homemade Cherry Pie	1131	Food	Homemade Cherry Pie | Use: Restores 2,065 health over 30 sec.  Must remain seated while eating. | Requires Level 45
8951	2	Elixirs	Elixir of Defense	11349	Armor	Elixir of Defense | Use: Increases armor by 250 for 1 |4hour:hrs;. | Requires Level 29
8952	5	Food & Drink	Roasted Quail	1131	Food	Roasted Quail | Use: Restores 2,065 health over 30 sec.  Must remain seated while eating. | Requires Level 45
8953	5	Food & Drink	Deep Fried Plantains	1131	Food	Deep Fried Plantains | Use: Restores 2,065 health over 30 sec.  Must remain seated while eating. | Requires Level 45
8956	8	Other	Oil of Immolation	11350	Fire Shield	Oil of Immolation | Use: Does 51 fire damage to any enemies within a 5 yard radius around the caster every 3 seconds for 15 sec | Requires Level 31
8957	5	Food & Drink	Spinefin Halibut	1249514	Nutritious Food	Spinefin Halibut | Use: Restores 1,338 health over 30 sec.  Must remain seated while eating. If you spend at least 10 seconds eating you will become well fed and gain 18 Fishing Skill for 15 min. Additionally, experience gained from kills is increased by 5%. (1 |4Sec:Sec; Cooldown) | Requires Level 45
8984	8	Other	Deadly Poison III	11355	Deadly Poison III	Deadly Poison III | Use: Coats a weapon with poison that lasts for 30 minutes.  Each strike has a 30% chance of poisoning the enemy for 57 Nature damage over 12 sec.  Stacks up to 5 times on a single target.  135 charges. | Classes: Rogue | Requires Level 46 || DESC: Coats a weapon with poison that lasts for 30 minutes.  Each strike has a 30% chance of poisoning the enemy for 57 Nature damage over 12 sec.  Stacks up to 5 times on a single target.  135 charges.
8985	8	Other	Deadly Poison IV	11356	Deadly Poison IV	Deadly Poison IV | Use: Coats a weapon with poison that lasts for 30 minutes.  Each strike has a 30% chance of poisoning the enemy for 73 Nature damage over 12 sec.  Stacks up to 5 times on a single target.  160 charges. | Classes: Rogue | Requires Level 54 || DESC: Coats a weapon with poison that lasts for 30 minutes.  Each strike has a 30% chance of poisoning the enemy for 73 Nature damage over 12 sec.  Stacks up to 5 times on a single target.  160 charges.
9030	1	Potions	Restorative Potion	11359	Restoration	Restorative Potion | Use: Removes 1 magic, curse, poison or disease effect on you every 5 seconds for 30 seconds. | Requires Level 32
9036	1	Potions	Magic Resistance Potion	11364	Resistance	Magic Resistance Potion | Use: Increases your resistance to all schools of magic by 50 for 3 min. | Requires Level 32
9088	2	Elixirs	Gift of Arthas	11371	Gift of Arthas	Gift of Arthas | Use: Increases resistance to shadow by 10.  If an enemy strikes the imbiber, the attacker has a 30% chance of being inflicted with disease that increases their damage taken by 8 for 3 min.  Lasts for 30 min. | Requires Level 38
9144	1	Potions	Wildvine Potion	11387	Wildvine Potion	Wildvine Potion | Use: Restores 0 to 1,500 health and 0 to 1,500 mana. | Requires Level 35
9154	2	Elixirs	Draught of Detect Undead	11389	Detect Undead	Draught of Detect Undead | Use: Shows the location of all nearby undead on the minimap for 1 |4hour:hrs;. | Requires Level 36
9155	2	Elixirs	Arcane Elixir	11390	Arcane Elixir	Arcane Elixir | Use: Increases spell damage by up to 20 for 30 min. | Requires Level 37
9172	1	Potions	Invisibility Potion	11392	Invisibility	Invisibility Potion | Use: Gives the imbiber invisibility for 18 sec. (10 |4Min:Min; Cooldown) | Requires Level 37
9179	2	Elixirs	Elixir of Greater Intellect	11396	Greater Intellect	Elixir of Greater Intellect | Use: Increases Intellect by 25 for 1 |4hour:hrs;. | Requires Level 37
9186	8	Other	Mind-numbing Poison III	11399	Mind-numbing Poison III	Mind-numbing Poison III | Use: Coats a weapon with poison that lasts for 30 minutes.  Each strike has a 20% chance of poisoning the enemy, increasing their casting time by 60% for 14 sec.  150 charges. | Classes: Rogue | Requires Level 52 || DESC: Coats a weapon with poison that lasts for 30 minutes.  Each strike has a 20% chance of poisoning the enemy, increasing their casting time by 60% for 14 sec.  150 charges.
9187	2	Elixirs	Elixir of Greater Agility	11334	Greater Agility	Elixir of Greater Agility | Use: Increases Agility by 25 for 1 |4hour:hrs;. | Requires Level 38
9197	2	Elixirs	Draught of Dream Vision	11403	Dream Vision	Draught of Dream Vision | Use: Gives you a dream vision that lets you explore areas that are too dangerous to explore in person. | Requires Level 38
9206	2	Elixirs	Elixir of Greater Strength	11405	Greater Strength	Elixir of Greater Strength | Use: Increases your Strength by 25 for 1 |4hour:hrs;. | Requires Level 48
9224	2	Elixirs	Potion of Demon Slaying	11406	Potion of Demon Slaying	Potion of Demon Slaying | Use: Increases Attack Power by 180 against Demons.  Lasts 5 min. (2 |4Min:Min; Cooldown) | Requires Level 40
9232	8	Other	nil	nil	nil	
9233	2	Elixirs	Draught of Detect Demon	11407	Detect Demon	Draught of Detect Demon | Use: Shows the location of all nearby demons on the minimap for 1 |4hour:hrs;. | Requires Level 40
9260	1	Potions	Volatile Rum	11009	Strong Alcohol	Volatile Rum | Use: A strong alcoholic beverage. (10 |4Sec:Sec; Cooldown)
9264	2	Elixirs	Elixir of Shadow Power	11474	Shadow Power	Elixir of Shadow Power | Use: Increases spell shadow damage by up to 40 for 30 min. | Requires Level 40
9311	8	Other	Default Stationery	nil	nil	
9312	8	Other	Blue Firework	11540	Blue Firework	Blue Firework | Use: Shoots a firework into the air that bursts into a thousand blue stars. (1 |4Sec:Sec; Cooldown)
9313	8	Other	Green Firework	11541	Green Firework	Green Firework | Use: Shoots a firework into the air that bursts into a thousand green stars. (1 |4Sec:Sec; Cooldown)
9314	8	Other	Red Streaks Firework	11542	Red Streaks Firework	Red Streaks Firework | Use: Shoots a firework into the air that bursts into red streaks. (1 |4Sec:Sec; Cooldown)
9315	8	Other	Yellow Rose Firework	11544	Yellow Rose Firework	Yellow Rose Firework | Use: Shoots a firework into the air that bursts in a yellow pattern. (1 |4Sec:Sec; Cooldown)
9317	8	Other	Red, White and Blue Firework	11543	Red, White and Blue Firework	Red, White and Blue Firework | Use: Shoots a firework into the air that bursts into red, white and blue stars. (1 |4Sec:Sec; Cooldown)
9318	8	Other	Red Firework	6668	Red Firework	Red Firework | Use: Shoots a firework into the air that bursts into a thousand red stars. (1 |4Sec:Sec; Cooldown)
9319	8	Other	Nimboya's Laden Pike	11547	Drive Nimboya's Laden Pike	Nimboya's Laden Pike | Quest Item | Unique | Use: Place at a Witherbark village. || DESC: Place at a Witherbark village.
9360	5	Food & Drink	Cuergo's Gold	11009	Strong Alcohol	Cuergo's Gold | Unique | Use: A strong alcoholic beverage. (10 |4Sec:Sec; Cooldown)
9361	5	Food & Drink	Cuergo's Gold with Worm	11629	Potent Alcohol	Cuergo's Gold with Worm | Unique | Use: An extremely potent alcoholic beverage. (10 |4Sec:Sec; Cooldown)
9421	8	Other	Major Healthstone	11732	Major Healthstone	Major Healthstone | Conjured Item | Unique | Use: Instantly restores 1,440 life. | Requires Level 48 || DESC: Instantly restores 1,440 life.
9451	5	Food & Drink	Bubbling Water	432	Drink	Bubbling Water | Use: Restores 803 mana over 24 sec.  Must remain seated while drinking. | Requires Level 15
9546	8	Other	Simple Scroll	nil	nil	Simple Scroll | Quest Item | Unique | <This item can be read>
9569	8	Other	Hallowed Scroll	nil	nil	Hallowed Scroll | Quest Item | Unique | <This item can be read>
9681	5	Food & Drink	Grilled King Crawler Legs	1129	Food	Grilled King Crawler Legs | Use: Restores 1,338 health over 30 sec.  Must remain seated while eating. | Requires Level 35
10305	4	Scrolls	Scroll of Protection IV	12175	Armor	Scroll of Protection IV | Use: Increases the target's Armor by 240 for 30 min. (1 |4Sec:Sec; Cooldown) | Requires Level 45
10306	4	Scrolls	Scroll of Spirit IV	12177	Spirit	Scroll of Spirit IV | Use: Increases the target's Spirit by 15 for 30 min. (1 |4Sec:Sec; Cooldown) | Requires Level 45
10307	4	Scrolls	Scroll of Stamina IV	12178	Stamina	Scroll of Stamina IV | Use: Increases the target's Stamina by 16 for 30 min. (1 |4Sec:Sec; Cooldown) | Requires Level 50
10308	4	Scrolls	Scroll of Intellect IV	12176	Intellect	Scroll of Intellect IV | Use: Increases the target's Intellect by 16 for 30 min. (1 |4Sec:Sec; Cooldown) | Requires Level 50
10309	4	Scrolls	Scroll of Agility IV	12174	Agility	Scroll of Agility IV | Use: Increases the target's Agility by 17 for 30 min. (1 |4Sec:Sec; Cooldown) | Requires Level 55
10310	4	Scrolls	Scroll of Strength IV	12179	Strength	Scroll of Strength IV | Use: Increases the target's Strength by 17 for 30 min. (1 |4Sec:Sec; Cooldown) | Requires Level 55
10419	8	Other	nil	nil	nil	
10448	8	Other	nil	nil	nil	
10449	8	Other	nil	nil	nil	
10451	8	Other	nil	nil	nil	
10452	8	Other	nil	nil	nil	
10453	8	Other	nil	nil	nil	
10507	0	Explosives	Solid Dynamite	12419	Solid Dynamite	Solid Dynamite | Requires Engineering (175)
10514	0	Explosives	Mithril Frag Bomb	12421	Mithril Frag Bomb	Mithril Frag Bomb | Requires Engineering (205)
10546	14	Devices	Deadly Scope	12459	Deadly Scope	Deadly Scope | Requires Level 30
10548	14	Devices	Sniper Scope	12460	Sniper Scope	Sniper Scope | Requires Level 40
10562	0	Explosives	Hi-Explosive Bomb	12543	Hi-Explosive Bomb	Hi-Explosive Bomb | Requires Engineering (235)
10580	0	Explosives	nil	nil	nil	
10586	0	Explosives	The Big One	12562	The Big One	The Big One | Requires Engineering (225)
10592	2	Elixirs	Catseye Draught	12608	Stealth Detection	Catseye Draught | Use: Slightly increases your stealth detection for 10 min. | Requires Level 30
10621	8	Other	Runed Scroll	nil	nil	Runed Scroll | Binds when picked up | Unique | This Item Begins a Quest | Requires Level 15
10646	0	Explosives	Goblin Sapper Charge	13241	Goblin Sapper Charge	Goblin Sapper Charge | Requires Engineering (205)
10663	8	Other	Essence of Hakkar	12735	Fill the Egg of Hakkar	Essence of Hakkar | Quest Item | Unique | Use: Use to fill the Egg of Hakkar. || DESC: Use to fill the Egg of Hakkar.
10684	8	Other	Colossal Parachute	12438	Slow Fall	Colossal Parachute | Binds when picked up | Unique | Use: Reduces your fall speed for 10 sec. | Duration: 20 min || DESC: Reduces your fall speed for 10 sec.
10687	8	Other	Empty Vial Labeled #1	12802	Getting Tide Pool Sample #1	Empty Vial Labeled #1 | Binds when picked up | Unique | Use: This container should be filled with water from the first tide pool in Azshara. || DESC: This container should be filled with water from the first tide pool in Azshara.
10688	8	Other	Empty Vial Labeled #2	12805	Getting Tide Pool Sample #2	Empty Vial Labeled #2 | Binds when picked up | Unique | Use: This container should be filled with water from the second tide pool in Azshara. || DESC: This container should be filled with water from the second tide pool in Azshara.
10689	8	Other	Empty Vial Labeled #3	12806	Getting Tide Pool Sample #3	Empty Vial Labeled #3 | Binds when picked up | Unique | Use: This container should be filled with water from the third tide pool in Azshara. || DESC: This container should be filled with water from the third tide pool in Azshara.
10690	8	Other	Empty Vial Labeled #4	12808	Getting Tide Pool Sample #4	Empty Vial Labeled #4 | Binds when picked up | Unique | Use: This container should be filled with water from the fourth tide pool in Azshara. || DESC: This container should be filled with water from the fourth tide pool in Azshara.
10719	14	Devices	Mobile Alarm	4074	Explosive Sheep	Mobile Alarm | Use: Summons an Explosive Sheep which will charge at a nearby enemy and explode for 137 to 169 damage. Lasts for 3 min or until it explodes. | Requires Engineering (205)
10830	8	Other	M73 Frag Grenade	13808	M73 Frag Grenade	M73 Frag Grenade | Binds when picked up | Use: Inflicts 151 to 206 Fire damage and stuns targets in a 10 yard radius for 3 sec.  Any damage will break the effect. || DESC: Inflicts 151 to 206 Fire damage and stuns targets in a 10 yard radius for 3 sec.  Any damage will break the effect.
10841	5	Food & Drink	Goldthorn Tea	1249906	Nutritious Drink	Goldthorn Tea | Use: Restores 1,292 mana over 27 sec.  Must remain seated while drinking. If you spend at least 10 seconds drinking you will become well fed and gain 15 Herbalism skill for 15 min. Additionally, experience gained from kills is increased by 5%. (1 |4Sec:Sec; Cooldown) | Requires Level 25
10918	8	Other	Wound Poison	13219	Wound Poison	Wound Poison | Use: Coats a weapon with poison that lasts for 30 minutes.  Each strike has a 30% chance of poisoning the enemy, reducing all healing effects used on them by 67 for 15 sec.  Stacks up to 5 times on a single target.  90 charges. | Classes: Rogue | Requires Level 32 || DESC: Coats a weapon with poison that lasts for 30 minutes.  Each strike has a 30% chance of poisoning the enemy, reducing all healing effects used on them by 67 for 15 sec.  Stacks up to 5 times on a single target.  90 charges.
10920	8	Other	Wound Poison II	13225	Wound Poison	Wound Poison II | Use: Coats a weapon with poison that lasts for 30 minutes.  Each strike has a 30% chance of poisoning the enemy, reducing all healing effects used on them by 92 for 15 sec.  Stacks up to 5 times on a single target.  115 charges. | Classes: Rogue | Requires Level 40 || DESC: Coats a weapon with poison that lasts for 30 minutes.  Each strike has a 30% chance of poisoning the enemy, reducing all healing effects used on them by 92 for 15 sec.  Stacks up to 5 times on a single target.  115 charges.
10921	8	Other	Wound Poison III	13226	Wound Poison	Wound Poison III | Use: Coats a weapon with poison that lasts for 30 minutes.  Each strike has a 30% chance of poisoning the enemy, reducing all healing effects used on them by 128 for 15 sec.  Stacks up to 5 times on a single target.  135 charges. | Classes: Rogue | Requires Level 48 || DESC: Coats a weapon with poison that lasts for 30 minutes.  Each strike has a 30% chance of poisoning the enemy, reducing all healing effects used on them by 128 for 15 sec.  Stacks up to 5 times on a single target.  135 charges.
10922	8	Other	Wound Poison IV	13227	Wound Poison	Wound Poison IV | Use: Coats a weapon with poison that lasts for 30 minutes.  Each strike has a 30% chance of poisoning the enemy, reducing all healing effects used on them by 165 for 15 sec.  Stacks up to 5 times on a single target.  160 charges. | Classes: Rogue | Requires Level 56 || DESC: Coats a weapon with poison that lasts for 30 minutes.  Each strike has a 30% chance of poisoning the enemy, reducing all healing effects used on them by 165 for 15 sec.  Stacks up to 5 times on a single target.  160 charges.
11109	5	Food & Drink	Special Chicken Feed	7737	Food	Special Chicken Feed | Use: Restores 28 health over 15 sec.  Must remain seated while eating.
11148	8	Other	Samophlange Manual Page	14199	Create Samophlange Manual	Samophlange Manual Page | Quest Item | Use: Join the cover and 5 pages to create the Samophlange Manual. || DESC: Join the cover and 5 pages to create the Samophlange Manual.
11182	8	Other	nil	nil	nil	
11183	8	Other	nil	nil	nil	
11325	8	Other	Dark Iron Ale Mug	14814	Throw Dark Iron Ale	Dark Iron Ale Mug | Use: Throw near a patron of the Grim Guzzler (1 |4Sec:Sec; Cooldown)
11405	8	Other	Giant Silver Vein	nil	nil	Giant Silver Vein | Quest Item
11413	8	Other	Nagmara's Filled Vial	nil	nil	Nagmara's Filled Vial | Quest Item
11415	5	Food & Drink	Mixed Berries	1131	Food	Mixed Berries | Use: Restores 2,065 health over 30 sec.  Must remain seated while eating. | Requires Level 45
11443	8	Other	Deprecated Grim Guzzler Boar	nil	nil	
11444	5	Food & Drink	Grim Guzzler Boar	1131	Food	Grim Guzzler Boar | Use: Restores 2,065 health over 30 sec.  Must remain seated while eating. | Requires Level 45
11584	5	Food & Drink	Cactus Apple Surprise	5004	Food	Cactus Apple Surprise | Use: Restores 58 health over 18 sec.  Must remain seated while eating.  If you spend at least 10 seconds eating you will become well fed and gain 2 Stamina and Spirit for 15 min.
11590	14	Devices	Mechanical Repair Kit	15057	Mechanical Patch Kit	Mechanical Repair Kit | Requires Engineering (200)
11616	8	Other	DEBUG Samophlange Manual Page	nil	nil	DEBUG Samophlange Manual Page | Quest Item
11825	14	Devices	Pet Bombling	55884	Learning	Pet Bombling | Use: Teaches you how to summon this companion.
11826	14	Devices	Lil' Smoky	55884	Learning	Lil' Smoky | Use: Teaches you how to summon this companion.
11846	5	Food & Drink	Wizbang's Special Brew	11008	Standard Alcohol	Wizbang's Special Brew | Use: A typical alcoholic beverage. (10 |4Sec:Sec; Cooldown)
11914	8	Other	Empty Cursed Ooze Jar	15698	Filling Empty Jar	Empty Cursed Ooze Jar | Binds when picked up | Use: Fills an Empty Cursed Ooze Jar with a sample of Cursed Ooze. WARNING! Will likely destroy the creature's body. || DESC: Fills an Empty Cursed Ooze Jar with a sample of Cursed Ooze. WARNING! Will likely destroy the creature's body.
11948	8	Other	Empty Tainted Ooze Jar	15699	Filling Empty Jar	Empty Tainted Ooze Jar | Binds when picked up | Use: Fills an Empty Tainted Ooze Jar with a sample of Tainted Ooze. WARNING! Will likely destroy the creature's body. || DESC: Fills an Empty Tainted Ooze Jar with a sample of Tainted Ooze. WARNING! Will likely destroy the creature's body.
11950	8	Other	Windblossom Berries	26030	Windblossom Berries	Windblossom Berries | Binds when picked up | Use: Restores 1,858 health over 27 sec.   Must remain seated while eating.   Also increases your Stamina by 10 for 10 min. | Requires Level 45 || DESC: Restores 1,858 health over 27 sec.   Must remain seated while eating.   Also increases your Stamina by 10 for 10 min.
11951	5	Food & Drink	Whipper Root Tuber	15700	Whipper Root Tuber	Whipper Root Tuber | Binds when picked up | Use: Restores 700 to 900 health. | Requires Level 45
11952	8	Other	Night Dragon's Breath	15701	Night Dragon's Breath	Night Dragon's Breath | Binds when picked up | Use: Restores 394 to 456 mana and 394 to 456 health. | Requires Level 45 || DESC: Restores 394 to 456 mana and 394 to 456 health.
11953	8	Other	Empty Pure Sample Jar	15702	Filling Empty Jar	Empty Pure Sample Jar | Binds when picked up | Use: Fills an Empty Pure Sample Jar with a sample of pure ooze. WARNING! Will likely destroy the creature's body. || DESC: Fills an Empty Pure Sample Jar with a sample of pure ooze. WARNING! Will likely destroy the creature's body.
12003	5	Food & Drink	Dark Dwarven Lager	11629	Potent Alcohol	Dark Dwarven Lager | Use: An extremely potent alcoholic beverage. (10 |4Sec:Sec; Cooldown)
12190	1	Potions	Dreamless Sleep Potion	15822	Dreamless Sleep	Dreamless Sleep Potion | Use: Puts the imbiber in a dreamless sleep for 12 sec.  During that time the imbiber heals 1200 health and 1200 mana. | Requires Level 35
12209	5	Food & Drink	Lean Wolf Steak	1248387	Nutritious Food	Lean Wolf Steak | Use: Restores 530 health over 24 sec.  Must remain seated while eating. If you spend at least 10 seconds eating you will become well fed and gain 5 Agility for 15 min. Additionally, experience gained from kills is increased by 5%. (1 |4Sec:Sec; Cooldown) | Requires Level 15
12210	5	Food & Drink	Roast Raptor	1248388	Nutritious Food	Roast Raptor | Use: Restores 530 health over 24 sec.  Must remain seated while eating. If you spend at least 10 seconds eating you will become well fed and gain 5 Intellect for 15 min. Additionally, experience gained from kills is increased by 5%. (1 |4Sec:Sec; Cooldown) | Requires Level 15
12211	5	Food & Drink	nil	nil	nil	
12212	5	Food & Drink	Jungle Stew	1248395	Nutritious Food	Jungle Stew | Use: Restores 1,338 health over 30 sec.  Must remain seated while eating. If you spend at least 10 seconds eating you will become well fed and gain 15 Agility for 15 min. Additionally, experience gained from kills is increased by 5%. (1 |4Sec:Sec; Cooldown) | Requires Level 35
12213	5	Food & Drink	Carrion Surprise	1248381	Nutritious Food	Carrion Surprise | Use: Restores 234 health over 21 sec.  Must remain seated while eating. If you spend at least 10 seconds eating you will become well fed and gain 3 Stamina for 15 min. Additionally, experience gained from kills is increased by 5%. | Requires Level 5
12214	5	Food & Drink	Mystery Stew	1248386	Nutritious Food	Mystery Stew | Use: Restores 530 health over 24 sec.  Must remain seated while eating. If you spend at least 10 seconds eating you will become well fed and gain 5 Stamina for 15 min. Additionally, experience gained from kills is increased by 5%. (1 |4Sec:Sec; Cooldown) | Requires Level 15
12215	5	Food & Drink	Heavy Kodo Stew	1248390	Nutritious Food	Heavy Kodo Stew | Use: Restores 841 health over 27 sec.  Must remain seated while eating. If you spend at least 10 seconds eating you will become well fed and gain 10 Stamina for 15 min. Additionally, experience gained from kills is increased by 5%. (1 |4Sec:Sec; Cooldown) | Requires Level 25
12216	5	Food & Drink	Spiced Chili Crab	1248392	Nutritious Food	Spiced Chili Crab | Use: Restores 841 health over 27 sec.  Must remain seated while eating. If you spend at least 10 seconds eating you will become well fed and gain 10 Intellect for 15 min. Additionally, experience gained from kills is increased by 5%. (1 |4Sec:Sec; Cooldown) | Requires Level 25
12217	5	Food & Drink	Dragonbreath Chili	15852	Dragonbreath Chili	Dragonbreath Chili | Use: Occasionally belch flame at enemies struck in melee for the next 10 min. | Requires Level 25
12218	5	Food & Drink	Monster Omelet	1248394	Nutritious Food	Monster Omelet | Use: Restores 1,338 health over 30 sec.  Must remain seated while eating. If you spend at least 10 seconds eating you will become well fed and gain 15 Stamina for 15 min. Additionally, experience gained from kills is increased by 5%. (1 |4Sec:Sec; Cooldown) | Requires Level 35
12224	5	Food & Drink	Crispy Bat Wing	1248379	Nutritious Food	Crispy Bat Wing | Use: Restores 58 health over 18 sec.  Must remain seated while eating. If you spend at least 10 seconds eating you will become well fed and gain 1 Intellect for 15 min. Additionally, experience gained from kills is increased by 5%. (1 |4Sec:Sec; Cooldown)
12238	5	Food & Drink	Darkshore Grouper	434	Food	Darkshore Grouper | Use: Restores 234 health over 21 sec.  Must remain seated while eating. | Requires Level 5
12246	8	Other	nil	nil	nil	
12385	8	Other	test	nil	nil	test | Legs | "test"
12404	8	Other	Dense Sharpening Stone	16138	Sharpen Blade V	Dense Sharpening Stone | Use: Increase sharp weapon damage by 8 for 30 minutes. (1 |4Sec:Sec; Cooldown) | Requires Level 35 || DESC: Increase sharp weapon damage by 8 for 30 minutes.
12439	8	Other	nil	nil	nil	
12440	8	Other	Magic Knucklebone (DND)	16195	Create Knucklebone Pouch	Magic Knucklebone (DND) | Use: Place 7 Magic Knucklebones in the Charm Pouch to create a Knucklebone Pouch.
12441	8	Other	nil	nil	nil	
12526	8	Other	TEST Challenge to Urok	16447	Spawn Challenge to Urok	TEST Challenge to Urok | Unique | Use: At Urok's Tribute Pile, combine Omokk's Head with the Roughshod Pike. || DESC: At Urok's Tribute Pile, combine Omokk's Head with the Roughshod Pike.
12533	8	Other	Roughshod Pike	nil	nil	Roughshod Pike | Binds when picked up | Unique
12586	8	Other	Immature Venom Sac	16537	Immature Venom Sac	Immature Venom Sac | Use: Cures 1 poison effect. | Duration: 60 min | "Protects the brood against Mother's Milk. Efficacy decays over time." || DESC: Cures 1 poison effect.
12643	8	Other	Dense Weightstone	16622	Enhance Blunt Weapon V	Dense Weightstone | Use: Increase the damage of a blunt weapon by 8 for 30 minutes. (1 |4Sec:Sec; Cooldown) | Requires Level 35 || DESC: Increase the damage of a blunt weapon by 8 for 30 minutes.
12645	6	Permanent	Thorium Shield Spike	16623	Thorium Shield Spike	Thorium Shield Spike | Requires Blacksmithing (250)
12650	8	Other	Attuned Dampener	16629	Attuned Dampener	Attuned Dampener | Binds when picked up | Use: Inflict 535 to 689 arcane damage on the attuned target, and lower the damage it deals by 25%. (1 |4Min:Min; Cooldown) | "This object has been attuned to work against a specific being." || DESC: Inflict 535 to 689 arcane damage on the attuned target, and lower the damage it deals by 25%.
12712	8	Other	Warosh's Mojo	nil	nil	Warosh's Mojo | Quest Item
12729	8	Other	nil	nil	nil	
12763	5	Food & Drink	Un'Goro Etherfruit	1131	Food	Un'Goro Etherfruit | Use: Restores 2,065 health over 30 sec.  Must remain seated while eating. | Requires Level 45
12820	2	Elixirs	Winterfall Firewater	17038	Winterfall Firewater	Winterfall Firewater | Use: Increases your melee attack power by 35 and size for 20 min. (1 |4Min:Min; Cooldown) | Requires Level 45
12884	8	Other	Arnak's Hoof	nil	nil	Arnak's Hoof | Quest Item
12885	8	Other	Pamela's Doll	nil	nil	Pamela's Doll | Quest Item
12886	8	Other	Pamela's Doll's Head	17133	Create Pamela's Doll	Pamela's Doll's Head | Quest Item | Use: Attach the pieces into a whole. || DESC: Attach the pieces into a whole.
12894	8	Other	Joseph's Wedding Ring	nil	nil	Joseph's Wedding Ring | Quest Item
12922	8	Other	Empty Canteen	17161	Taking Moon Well Sample	Empty Canteen | Binds when picked up | Unique | Use: This container should be filled with water from the corrupt moon well in Jaedenar. || DESC: This container should be filled with water from the corrupt moon well in Jaedenar.
12924	8	Other	Ritual Candle	nil	nil	Ritual Candle | Binds when picked up | Unique (5) | "A ritual candle from the depths of Jaedenar, new home of the Shadow Council."
13149	8	Other	Eldarathian Tome of Summoning Vol. 1	nil	nil	Eldarathian Tome of Summoning Vol. 1 | Binds when picked up | Unique
13151	8	Other	The Mystic Studies of Hor'ank	nil	nil	The Mystic Studies of Hor'ank | Binds when picked up | Unique
13152	8	Other	The Story With No Conclusion	nil	nil	The Story With No Conclusion | Binds when picked up | Unique
13153	8	Other	Tome of Mal'cin Vorail	nil	nil	Tome of Mal'cin Vorail | Binds when picked up | Unique
13154	8	Other	Jael'marin's Studies of the Arcane	nil	nil	Jael'marin's Studies of the Arcane | Binds when picked up | Unique
13155	8	Other	Resonating Skull	nil	nil	Resonating Skull | Quest Item
13156	8	Other	Mystic Crystal	17271	Test Fetid Skull	Mystic Crystal | Quest Item | Use: Wave over a Fetid skull to test its resonance. (1 |4Sec:Sec; Cooldown) || DESC: Wave over a Fetid skull to test its resonance.
13294	8	Other	nil	nil	nil	
13367	8	Other	Wrapped Gift	nil	nil	
13442	1	Potions	Mighty Rage Potion	17528	Mighty Rage	Mighty Rage Potion | Use: Increases Rage by 45 to 75 and increases Strength by 60 for 20 sec. | Classes: Warrior, Druid | Requires Level 46
13443	1	Potions	Superior Mana Potion	17530	Restore Mana	Superior Mana Potion | Use: Restores 900 to 1,500 mana. | Requires Level 41
13444	1	Potions	Major Mana Potion	17531	Restore Mana	Major Mana Potion | Use: Restores 1,350 to 2,250 mana. | Requires Level 49
13445	2	Elixirs	Elixir of Greater Defense	11348	Greater Armor	Elixir of Greater Defense | Use: Increases armor by 450 for 1 |4hour:hrs;. | Requires Level 43
13446	1	Potions	Major Healing Potion	17534	Healing Potion	Major Healing Potion | Use: Restores 1,050 to 1,750 health. | Requires Level 45
13447	2	Elixirs	Elixir of the Sages	17535	Elixir of the Sages	Elixir of the Sages | Use: Increases Intellect and Spirit by 18 for 1 |4hour:hrs;. | Requires Level 38
13452	2	Elixirs	Elixir of the Mongoose	17538	Elixir of the Mongoose	Elixir of the Mongoose | Use: Increases Agility by 25 and chance to get a critical hit by 2%. Lasts for 30 min. | Requires Level 46
13453	2	Elixirs	Elixir of Brute Force	17537	Elixir of Brute Force	Elixir of Brute Force | Use: Increases Strength and Stamina by 18 for 1 |4hour:hrs;. | Requires Level 45
13454	2	Elixirs	Greater Arcane Elixir	17539	Greater Arcane Elixir	Greater Arcane Elixir | Use: Increases spell damage by up to 35 for 1 |4hour:hrs;. | Requires Level 47
13455	1	Potions	Greater Stoneshield Potion	17540	Greater Stoneshield	Greater Stoneshield Potion | Use: Increases armor by 2,000 for 2 min. | Requires Level 46
13456	1	Potions	Greater Frost Protection Potion	17544	Frost Protection	Greater Frost Protection Potion | Use: Absorbs 1,950 to 3,250 frost damage.  Lasts 2 min. | Requires Level 48
13457	1	Potions	Greater Fire Protection Potion	17543	Fire Protection	Greater Fire Protection Potion | Use: Absorbs 1,950 to 3,250 fire damage.  Lasts 2 min. | Requires Level 48
13458	1	Potions	Greater Nature Protection Potion	17546	Nature Protection	Greater Nature Protection Potion | Use: Absorbs 1,950 to 3,250 nature damage.  Lasts 2 min. | Requires Level 48
13459	1	Potions	Greater Shadow Protection Potion	17548	Shadow Protection	Greater Shadow Protection Potion | Use: Absorbs 1,950 to 3,250 shadow damage.  Lasts 2 min. | Requires Level 48
13460	1	Potions	Greater Holy Protection Potion	17545	Holy Protection	Greater Holy Protection Potion | Use: Absorbs 1,950 to 3,250 holy damage.  Lasts 2 min. | Requires Level 48
13461	1	Potions	Greater Arcane Protection Potion	17549	Arcane Protection	Greater Arcane Protection Potion | Use: Absorbs 1,950 to 3,250 arcane damage.  Lasts 2 min. | Requires Level 48
13462	1	Potions	Purification Potion	17550	Purification	Purification Potion | Use: Attempts to remove one Curse or Bane, one Disease and one Poison from the Imbiber. | Requires Level 47
13506	3	Flasks	Flask of Petrification	17624	Petrification	Flask of Petrification | Use: You turn to stone, protecting you from all physical attacks and spells for 1 min, but during that time you cannot attack, move or cast spells. You can only have the effect of one flask at a time. | Requires Level 50
13508	8	Other	nil	nil	nil	
13509	8	Other	Clutch of Foresight	29443	Counterspell	Clutch of Foresight | Binds when picked up | Unique | Use: Counters the enemy's spellcast, preventing any spell from that school of magic from being cast for 10 sec.  Generates a high amount of threat. | Requires Level 55 || DESC: Counters the enemy's spellcast, preventing any spell from that school of magic from being cast for 10 sec.  Generates a high amount of threat.
13510	3	Flasks	Flask of the Titans	17626	Flask of the Titans	Flask of the Titans | Use: Increases the player's maximum health by 1,200 for 2 |4hour:hrs;. You can only have the effect of one flask at a time. This effect persists through death. | Requires Level 50
13511	3	Flasks	Flask of Distilled Wisdom	17627	Distilled Wisdom	Flask of Distilled Wisdom | Use: Increases the player's maximum Mana by 2,000 for 2 |4hour:hrs;. You can only have the effect of one flask at a time. This effect persists through death. | Requires Level 50
13512	3	Flasks	Flask of Supreme Power	17628	Supreme Power	Flask of Supreme Power | Use: Increases damage done by magical spells and effects by up to 150 for 2 |4hour:hrs;. You can only have the effect of one flask at a time. This effect persists through death. | Requires Level 50
13513	3	Flasks	Flask of Chromatic Resistance	17629	Chromatic Resistance	Flask of Chromatic Resistance | Use: Increases your resistance to all schools of magic by 25 for 2 |4hour:hrs;. You can only have the effect of one flask at a time. This effect persists through death and stacks with all other resistance spells and items. | Requires Level 50
13514	8	Other	nil	nil	nil	
13546	5	Food & Drink	Bloodbelly Fish	1129	Food	Bloodbelly Fish | Use: Restores 1,338 health over 30 sec.  Must remain seated while eating. | Requires Level 25
13562	8	Other	Remains of Trey Lightforge	nil	nil	Remains of Trey Lightforge | Quest Item | Unique
13703	8	Other	Kodo Bone	nil	nil	Kodo Bone | Quest Item
13724	5	Food & Drink	Enriched Manna Biscuit	1226814	Enriched Manna Biscuit	Enriched Manna Biscuit | Use: Restores 2,065 health and 4,240 mana over 30 sec.  Must remain seated while eating. | Requires Level 45 | Requires Argent Dawn - Friendly
13755	5	Food & Drink	Raw Winter Squid	1127	Food	Raw Winter Squid | Use: Restores 841 health over 27 sec.  Must remain seated while eating. | Requires Level 35 | Crafting Reagent
13761	8	Other	Frozen Eggs	nil	nil	Frozen Eggs | Quest Item
13810	5	Food & Drink	Blessed Sunfruit	18124	Blessed Sunfruit	Blessed Sunfruit | Binds when picked up | Use: Restores 1,858 health over 27 sec.  Must remain seated while eating. Also increases your Strength by 10 for 10 min. | Requires Level 45 | Requires Argent Dawn - Revered
13813	8	Other	Blessed Sunfruit Juice	18140	Blessed Sunfruit Juice	Blessed Sunfruit Juice | Binds when picked up | Use: Restores 4,240 mana over 30 sec.  Must remain seated while drinking. Also increases your Spirit by 10 for 10 min. | Requires Level 45 | Requires Argent Dawn - Revered || DESC: Restores 4,240 mana over 30 sec.  Must remain seated while drinking. Also increases your Spirit by 10 for 10 min.
13851	5	Food & Drink	Hot Wolf Ribs	1248391	Nutritious Food	Hot Wolf Ribs | Use: Restores 841 health over 27 sec.  Must remain seated while eating. If you spend at least 10 seconds eating you will become well fed and gain 10 Agility for 15 min. Additionally, experience gained from kills is increased by 5%. (1 |4Sec:Sec; Cooldown) | Requires Level 25
13893	5	Food & Drink	Large Raw Mightfish	1129	Food	Large Raw Mightfish | Use: Restores 1,338 health over 30 sec.  Must remain seated while eating. | Requires Level 45 | Crafting Reagent
13927	5	Food & Drink	Cooked Glossy Mightfish	1249512	Nutritious Food	Cooked Glossy Mightfish | Use: Restores 1,338 health over 30 sec.  Must remain seated while eating. If you spend at least 10 seconds eating you will become well fed and gain 30 Attack Power for 15 min. Additionally, experience gained from kills is increased by 5%. (1 |4Sec:Sec; Cooldown) | Requires Level 35
13928	5	Food & Drink	Grilled Squid	1249522	Nutritious Food	Grilled Squid | Use: Restores 2,065 health over 30 sec.  Must remain seated while eating. If you spend at least 10 seconds eating you will become well fed and gain 1% Critical Strike chance for 15 min. Additionally, experience gained from kills is increased by 5%. (1 |4Sec:Sec; Cooldown) | Requires Level 35
13929	5	Food & Drink	Hot Smoked Bass	1249522	Nutritious Food	Hot Smoked Bass | Use: Restores 2,065 health over 30 sec.  Must remain seated while eating. If you spend at least 10 seconds eating you will become well fed and gain 1% Critical Strike chance for 15 min. Additionally, experience gained from kills is increased by 5%. (1 |4Sec:Sec; Cooldown) | Requires Level 35
13930	5	Food & Drink	Filet of Redgill	1249514	Nutritious Food	Filet of Redgill | Use: Restores 1,338 health over 30 sec.  Must remain seated while eating. If you spend at least 10 seconds eating you will become well fed and gain 18 Fishing Skill for 15 min. Additionally, experience gained from kills is increased by 5%. (1 |4Sec:Sec; Cooldown) | Requires Level 35
13931	5	Food & Drink	Nightfin Soup	1249513	Nutritious Food	Nightfin Soup | Use: Restores 1,338 health over 30 sec.  Must remain seated while eating. If you spend at least 10 seconds eating you will become well fed and gain 22 Spell Damage for 15 min. Additionally, experience gained from kills is increased by 5%. (1 |4Sec:Sec; Cooldown) | Requires Level 35
13932	5	Food & Drink	Poached Sunscale Salmon	1249515	Nutritious Food	Poached Sunscale Salmon | Use: Restores 2,065 health over 30 sec.  Must remain seated while eating. If you spend at least 10 seconds eating you will become well fed and gain 40 Attack Power for 15 min. Additionally, experience gained from kills is increased by 5%. (1 |4Sec:Sec; Cooldown) | Requires Level 35
13933	5	Food & Drink	Lobster Stew	1249516	Nutritious Food	Lobster Stew | Use: Restores 2,065 health over 30 sec.  Must remain seated while eating. If you spend at least 10 seconds eating you will become well fed and gain 28 Spell Damage for 15 min. Additionally, experience gained from kills is increased by 5%. (1 |4Sec:Sec; Cooldown) | Requires Level 45
13934	5	Food & Drink	Mightfish Steak	1249515	Nutritious Food	Mightfish Steak | Use: Restores 2,065 health over 30 sec.  Must remain seated while eating. If you spend at least 10 seconds eating you will become well fed and gain 40 Attack Power for 15 min. Additionally, experience gained from kills is increased by 5%. (1 |4Sec:Sec; Cooldown) | Requires Level 45
13935	5	Food & Drink	Baked Salmon	1249516	Nutritious Food	Baked Salmon | Use: Restores 2,065 health over 30 sec.  Must remain seated while eating. If you spend at least 10 seconds eating you will become well fed and gain 28 Spell Damage for 15 min. Additionally, experience gained from kills is increased by 5%. (1 |4Sec:Sec; Cooldown) | Requires Level 45
14529	7	Bandages	Runecloth Bandage	18608	First Aid	Runecloth Bandage | Use: Heals 1,360 damage over 8 sec. | Requires First Aid (200)
14530	7	Bandages	Heavy Runecloth Bandage	18610	First Aid	Heavy Runecloth Bandage | Use: Heals 2,000 damage over 8 sec. | Requires First Aid (225)
14542	8	Other	Kravel's Crate	nil	nil	Kravel's Crate | Quest Item | Unique
14894	8	Other	Lily Root	18832	Lily Root	Lily Root | Conjured Item | Binds when picked up | Use: Restores 525 to 675 mana and health. | Duration: 60 min || DESC: Restores 525 to 675 mana and health.
15314	8	Other	Bundle of Relics	nil	nil	Bundle of Relics | Quest Item | Unique
15564	6	Permanent	Rugged Armor Kit	19057	Rugged Armor Kit	Rugged Armor Kit | Requires Level 40
15723	8	Other	Tea with Sugar	19199	Tea with Sugar	Tea with Sugar | Binds when picked up | Use: Restores 1,050 to 1,750 health and mana. | 3 |4Charge:Charges; | Requires Level 50 || DESC: Restores 1,050 to 1,750 health and mana.
15778	8	Other	Mechanical Yeti	19363	Summon Mechanical Yeti	Mechanical Yeti | Binds when picked up | Use: Summons a mechanical yeti that will protect you for 10 min. (10 |4Min:Min; Cooldown) | 3 |4Charge:Charges; || DESC: Summons a mechanical yeti that will protect you for 10 min.
15846	14	Devices	Salt Shaker	19566	Salt Shaker	Salt Shaker | Requires Leatherworking (250)
15869	8	Other	Silver Skeleton Key	19646	Silver Skeleton Key	Silver Skeleton Key | Use: Allows opening of simple locks.  The skeleton key is consumed in the process. | Requires Blacksmithing (75) || DESC: Allows opening of simple locks.  The skeleton key is consumed in the process.
15870	8	Other	Golden Skeleton Key	19649	Golden Skeleton Key	Golden Skeleton Key | Use: Allows opening of standard locks.  The skeleton key is consumed in the process. | Requires Blacksmithing (125) || DESC: Allows opening of standard locks.  The skeleton key is consumed in the process.
15871	8	Other	Truesilver Skeleton Key	19651	Truesilver Skeleton Key	Truesilver Skeleton Key | Use: Allows opening of difficult locks.  The skeleton key is consumed in the process. | Requires Blacksmithing (175) || DESC: Allows opening of difficult locks.  The skeleton key is consumed in the process.
15872	8	Other	Arcanite Skeleton Key	20709	Arcanite Skeleton Key	Arcanite Skeleton Key | Use: Allows opening of hard locks.  The skeleton key is consumed in the process. | Requires Blacksmithing (250) || DESC: Allows opening of hard locks.  The skeleton key is consumed in the process.
15993	0	Explosives	Thorium Grenade	19769	Thorium Grenade	Thorium Grenade | Requires Engineering (260)
16005	0	Explosives	Dark Iron Bomb	19784	Dark Iron Bomb	Dark Iron Bomb | Requires Engineering (285)
16023	14	Devices	Masterwork Target Dummy	19805	Masterwork Target Dummy	Masterwork Target Dummy | Requires Engineering (275)
16040	0	Explosives	Arcane Bomb	19821	Arcane Bomb	Arcane Bomb | Requires Engineering (300)
16086	8	Other	Test Enchant Chest Health	nil	nil	
16102	8	Other	Test Enchant Chest Mana	nil	nil	
16103	8	Other	Test Enchant Boots Stamina	nil	nil	
16104	8	Other	nil	nil	nil	
16105	8	Other	Test Enchant Bracer Greater Stamina	nil	nil	
16106	8	Other	Test Enchant Weapon Greater Striking	nil	nil	
16107	8	Other	Test Enchant Bracer Greater Spirit	nil	nil	
16108	8	Other	Test Enchant 2H Weapon Greater Impact	nil	nil	
16166	5	Food & Drink	Bean Soup	433	Food	Bean Soup | Use: Restores 58 health over 18 sec.  Must remain seated while eating.
16167	5	Food & Drink	Versicolor Treat	434	Food	Versicolor Treat | Use: Restores 234 health over 21 sec.  Must remain seated while eating. | Requires Level 5
16168	5	Food & Drink	Heaven Peach	1129	Food	Heaven Peach | Use: Restores 1,338 health over 30 sec.  Must remain seated while eating. | Requires Level 35
16169	5	Food & Drink	Wild Ricecake	1127	Food	Wild Ricecake | Use: Restores 841 health over 27 sec.  Must remain seated while eating. | Requires Level 25
16170	5	Food & Drink	Steamed Mandu	435	Food	Steamed Mandu | Use: Restores 530 health over 24 sec.  Must remain seated while eating. | Requires Level 15
16171	5	Food & Drink	Shinsollo	1131	Food	Shinsollo | Use: Restores 2,065 health over 30 sec.  Must remain seated while eating. | Requires Level 45
16282	8	Other	Bundle of Hides	nil	nil	Bundle of Hides | Quest Item | Unique
16766	5	Food & Drink	Undermine Clam Chowder	1129	Food	Undermine Clam Chowder | Use: Restores 1,338 health over 30 sec.  Must remain seated while eating. (1 |4Sec:Sec; Cooldown) | Requires Level 35
16892	8	Other	Lesser Soulstone	20762	Soulstone Resurrection	Lesser Soulstone | Conjured Item | Binds when picked up | Unique | Use: Stores the friendly target's soul.  If the target dies while their soul is stored, they will be able to resurrect with 750 health and 1200 mana. || DESC: Stores the friendly target's soul.  If the target dies while their soul is stored, they will be able to resurrect with 750 health and 1200 mana.
16893	8	Other	Soulstone	20763	Soulstone Resurrection	Soulstone | Conjured Item | Binds when picked up | Unique | Use: Stores the friendly target's soul.  If the target dies while their soul is stored, they will be able to resurrect with 1,100 health and 1700 mana. || DESC: Stores the friendly target's soul.  If the target dies while their soul is stored, they will be able to resurrect with 1,100 health and 1700 mana.
16895	8	Other	Greater Soulstone	20764	Soulstone Resurrection	Greater Soulstone | Conjured Item | Binds when picked up | Unique | Use: Stores the friendly target's soul.  If the target dies while their soul is stored, they will be able to resurrect with 1,600 health and 2200 mana. || DESC: Stores the friendly target's soul.  If the target dies while their soul is stored, they will be able to resurrect with 1,600 health and 2200 mana.
16896	8	Other	Major Soulstone	20765	Soulstone Resurrection	Major Soulstone | Conjured Item | Binds when picked up | Unique | Use: Stores the friendly target's soul.  If the target dies while their soul is stored, they will be able to resurrect with 2,200 health and 2800 mana. || DESC: Stores the friendly target's soul.  If the target dies while their soul is stored, they will be able to resurrect with 2,200 health and 2800 mana.
16971	5	Food & Drink	Clamlette Surprise	10256	Food	Clamlette Surprise | Use: Restores 1,338 health over 30 sec.  Must remain seated while eating.  If you spend at least 10 seconds eating you will become well fed and gain 12 Stamina and Spirit for 15 min. | Requires Level 40
17048	8	Other	Rumsey Rum	20875	Rumsey Rum	Rumsey Rum | Binds when picked up | Use: Increases Stamina by 10 for 15 min and gets you drunk to boot! || DESC: Increases Stamina by 10 for 15 min and gets you drunk to boot!
17119	5	Food & Drink	Deeprun Rat Kabob	434	Food	Deeprun Rat Kabob | Use: Restores 234 health over 21 sec.  Must remain seated while eating. | Requires Level 5
17162	8	Other	Eric Test Item A	23853	Jubling Cooldown	
17163	8	Other	Eric Test Item B	nil	nil	
17196	5	Food & Drink	Holiday Spirits	11007	Weak Alcohol	Holiday Spirits | Use: A fairly weak alcoholic beverage. (10 |4Sec:Sec; Cooldown) | Crafting Reagent
17197	5	Food & Drink	Gingerbread Cookie	5004	Food	Gingerbread Cookie | Use: Restores 58 health over 18 sec.  Must remain seated while eating.  If you spend at least 10 seconds eating you will become well fed and gain 2 Stamina and Spirit for 15 min.
17198	5	Food & Drink	Egg Nog	21149	Egg Nog	Egg Nog | Use: Restores 58 health over 18 sec.  Must remain seated while eating.  If you spend at least 10 seconds eating you will become well fed and gain 2 Stamina and Spirit for 15 min.  Also packs quite a kick...
17199	5	Food & Drink	nil	nil	nil	
17222	5	Food & Drink	Spider Sausage	1248394	Nutritious Food	Spider Sausage | Use: Restores 1,338 health over 30 sec.  Must remain seated while eating. If you spend at least 10 seconds eating you will become well fed and gain 15 Stamina for 15 min. Additionally, experience gained from kills is increased by 5%. (1 |4Sec:Sec; Cooldown) | Requires Level 35
17302	8	Other	Blue Ribboned Holiday Gift	nil	nil	
17303	8	Other	Blue Ribboned Wrapping Paper	nil	nil	
17304	8	Other	Green Ribboned Wrapping Paper	nil	nil	
17305	8	Other	Green Ribboned Holiday Gift	nil	nil	
17307	8	Other	Purple Ribboned Wrapping Paper	nil	nil	
17308	8	Other	Purple Ribboned Holiday Gift	nil	nil	
17344	5	Food & Drink	Candy Cane	433	Food	Candy Cane | Use: Restores 58 health over 18 sec.  Must remain seated while eating.
17348	1	Potions	Major Healing Draught	21393	Healing Draught	Major Healing Draught | Binds when picked up | Unique (10) | Use: Restores 980 to 1,260 health. This item may only be used in PvP Battlegrounds. | Requires Level 45
17349	1	Potions	Superior Healing Draught	21394	Healing Draught	Superior Healing Draught | Binds when picked up | Unique (10) | Use: Restores 560 to 720 health. This item may only be used in PvP Battlegrounds. | Requires Level 35
17350	8	Other	nil	nil	nil	
17351	1	Potions	Major Mana Draught	21395	Restore Mana	Major Mana Draught | Binds when picked up | Unique (10) | Use: Restores 980 to 1,260 mana. This item may only be used in PvP Battlegrounds. | Requires Level 45
17352	1	Potions	Superior Mana Draught	21396	Restore Mana	Superior Mana Draught | Binds when picked up | Unique (10) | Use: Restores 560 to 720 mana. This item may only be used in PvP Battlegrounds. | Requires Level 35
17402	5	Food & Drink	Greatfather's Winter Ale	11009	Strong Alcohol	Greatfather's Winter Ale | Use: A strong alcoholic beverage. (10 |4Sec:Sec; Cooldown)
17403	5	Food & Drink	Steamwheedle Fizzy Spirits	11008	Standard Alcohol	Steamwheedle Fizzy Spirits | Use: A typical alcoholic beverage. (10 |4Sec:Sec; Cooldown)
17404	5	Food & Drink	Blended Bean Brew	431	Drink	Blended Bean Brew | Use: Restores 420 mana over 21 sec.  Must remain seated while drinking. | Requires Level 5
17406	5	Food & Drink	Holiday Cheesewheel	434	Food	Holiday Cheesewheel | Use: Restores 234 health over 21 sec.  Must remain seated while eating. | Requires Level 5
17407	5	Food & Drink	Graccu's Homemade Meat Pie	1127	Food	Graccu's Homemade Meat Pie | Use: Restores 841 health over 27 sec.  Must remain seated while eating. | Requires Level 25
17408	5	Food & Drink	Spicy Beefstick	1129	Food	Spicy Beefstick | Use: Restores 1,338 health over 30 sec.  Must remain seated while eating. | Requires Level 35
17708	2	Elixirs	Elixir of Frost Power	21920	Frost Power	Elixir of Frost Power | Use: Increases spell frost damage by up to 15 for 30 min. | Requires Level 28
17716	14	Devices	Snowmaster 9000	21935	Snowmaster 9000	Snowmaster 9000 | Toy | Use: Adds this toy to your Toy Box. |   | Requires Engineering (190)
17729	8	Other	nil	nil	nil	
17747	8	Other	Razorlash Root	21955	Razorlash Root	Razorlash Root | Use: Restores 600 health and mana over 10 sec. | Requires Level 40 || DESC: Restores 600 health and mana over 10 sec.
17827	8	Other	nil	nil	nil	
17828	8	Other	nil	nil	nil	
17829	8	Other	nil	nil	nil	
17830	8	Other	nil	nil	nil	
17882	8	Other	nil	nil	nil	
17883	8	Other	nil	nil	nil	
17884	8	Other	nil	nil	nil	
17885	8	Other	nil	nil	nil	
17887	8	Other	nil	nil	nil	
17888	8	Other	nil	nil	nil	
17889	8	Other	nil	nil	nil	
17890	8	Other	nil	nil	nil	
17891	8	Other	nil	nil	nil	
17892	8	Other	nil	nil	nil	
17893	8	Other	nil	nil	nil	
17894	8	Other	nil	nil	nil	
17895	8	Other	nil	nil	nil	
17896	8	Other	nil	nil	nil	
17897	8	Other	nil	nil	nil	
17898	8	Other	nil	nil	nil	
17899	8	Other	nil	nil	nil	
18045	5	Food & Drink	Tender Wolf Steak	1248395	Nutritious Food	Tender Wolf Steak | Use: Restores 1,338 health over 30 sec.  Must remain seated while eating. If you spend at least 10 seconds eating you will become well fed and gain 15 Agility for 15 min. Additionally, experience gained from kills is increased by 5%. (1 |4Sec:Sec; Cooldown) | Requires Level 35
18105	8	Other	PVP TEST Alliance Ear	nil	nil	
18106	8	Other	PVP TEST Horde Ear	nil	nil	
18154	8	Other	Blizzard Stationery	nil	nil	
18209	8	Other	Energized Sparkplug	5917	Fumble	Energized Sparkplug | Binds when picked up | Use: Decreases target's chance to hit with attacks by 25% for 10 sec.
18232	14	Devices	Field Repair Bot 74A	22700	Field Repair Bot 74A	Field Repair Bot 74A | Requires Engineering (300)
18251	6	Permanent	Core Armor Kit	22725	Core Armor Kit	Core Armor Kit | Requires Level 50
18253	1	Potions	Major Rejuvenation Potion	22729	Rejuvenation Potion	Major Rejuvenation Potion | Use: Restores 1,440 to 1,760 mana and health. | Requires Level 50
18254	5	Food & Drink	Runn Tum Tuber Surprise	1248396	Nutritious Food	Runn Tum Tuber Surprise | Use: Restores 1,338 health over 30 sec.  Must remain seated while eating. If you spend at least 10 seconds eating you will become well fed and gain 15 Intellect for 15 min. Additionally, experience gained from kills is increased by 5%. (1 |4Sec:Sec; Cooldown) | Requires Level 35
18255	5	Food & Drink	Runn Tum Tuber	1129	Food	Runn Tum Tuber | Use: Restores 1,338 health over 30 sec.  Must remain seated while eating. | Requires Level 45
18262	8	Other	Elemental Sharpening Stone	22756	Sharpen Weapon - Critical	Elemental Sharpening Stone | Use: Increase critical chance on a melee weapon by 2% for 30 minutes. (1 |4Sec:Sec; Cooldown) | Requires Level 50 || DESC: Increase critical chance on a melee weapon by 2% for 30 minutes.
18269	8	Other	Gordok Green Grog	22789	Gordok Green Grog	Gordok Green Grog | Binds when picked up | Use: Increases Stamina by 10 for 15 min and gets you drunk to boot.  Green means it's good! || DESC: Increases Stamina by 10 for 15 min and gets you drunk to boot.  Green means it's good!
18283	14	Devices	Biznicks 247x128 Accurascope	22779	Biznicks 247x128 Accurascope	Biznicks 247x128 Accurascope | Requires Level 50
18284	8	Other	Kreeg's Stout Beatdown	22790	Kreeg's Stout Beatdown	Kreeg's Stout Beatdown | Binds when picked up | Use: Increases Spirit by 25, but decreases Intelligence by 5 for 15 min.  Smoooooth. || DESC: Increases Spirit by 25, but decreases Intelligence by 5 for 15 min.  Smoooooth.
18287	5	Food & Drink	Evermurky	11008	Standard Alcohol	Evermurky | Use: A typical alcoholic beverage. (10 |4Sec:Sec; Cooldown) | "Tastes better going down than coming up!"
18288	5	Food & Drink	Molasses Firewater	11009	Strong Alcohol	Molasses Firewater | Use: A strong alcoholic beverage. (10 |4Sec:Sec; Cooldown) | "Do not consume near open flames."
18294	2	Elixirs	Draught of Greater Water Breathing	22807	Greater Water Breathing	Draught of Greater Water Breathing | Use: Allows the Imbiber to breathe water for 1 |4hour:hrs;. | Requires Level 35
18297	8	Other	Thornling Seed	22792	Plant Thornling	Thornling Seed | Binds when picked up | Use: Plants a Thornling which attracts nearby enemies. (15 |4Min:Min; Cooldown) | Requires Level 55 || DESC: Plants a Thornling which attracts nearby enemies.
18300	5	Food & Drink	Hyjal Nectar	22734	Drink	Hyjal Nectar | Use: Restores 4,038 mana over 30 sec.  Must remain seated while drinking. | Requires Level 55
18588	0	Explosives	Ez-Thro Dynamite II	23000	Ez-Thro Dynamite	Ez-Thro Dynamite II | Requires Level 30 | "The dynamite for Non-Engineers that rarely* blows up in your hand with over twice the blasting power of standard EZ-Thro."
18594	0	Explosives	Powerful Seaforium Charge	23008	Powerful Seaforium Charge	Powerful Seaforium Charge | Requires Engineering (275)
18595	8	Other	Blood Opal	nil	nil	Blood Opal | Binds when picked up
18599	8	Other	nil	nil	nil	
18606	8	Other	Alliance Battle Standard	23034	Battle Standard	Alliance Battle Standard | Binds when picked up | Use: Place a Battle Standard with 1,500 health that increases the maximum health of all party members that stay within 45 yards of the Battle Standard by 15%.  Lasts 2 min. The Battle Standard may only be used in PvP Battlegrounds. (10 |4Min:Min; Cooldown) || DESC: Place a Battle Standard with 1,500 health that increases the maximum health of all party members that stay within 45 yards of the Battle Standard by 15%.  Lasts 2 min. The Battle Standard may only be used in PvP Battlegrounds.
18607	8	Other	Horde Battle Standard	23035	Battle Standard	Horde Battle Standard | Binds when picked up | Use: Place a Battle Standard with 1,500 health that increases the maximum health of all party members that stay within 45 yards of the Battle Standard by 15%.  Lasts 2 min. The Battle Standard may only be used in PvP Battlegrounds. (10 |4Min:Min; Cooldown) || DESC: Place a Battle Standard with 1,500 health that increases the maximum health of all party members that stay within 45 yards of the Battle Standard by 15%.  Lasts 2 min. The Battle Standard may only be used in PvP Battlegrounds.
18632	5	Food & Drink	Moonbrook Riot Taffy	1127	Food	Moonbrook Riot Taffy | Use: Restores 841 health over 27 sec.  Must remain seated while eating. | Requires Level 25
18633	5	Food & Drink	Styleen's Sour Suckerpop	434	Food	Styleen's Sour Suckerpop | Use: Restores 234 health over 21 sec.  Must remain seated while eating. | Requires Level 5
18635	5	Food & Drink	Bellara's Nutterbar	1129	Food	Bellara's Nutterbar | Use: Restores 1,338 health over 30 sec.  Must remain seated while eating. | Requires Level 35
18636	14	Devices	Ruined Jumper Cables XL	nil	nil	
18640	8	Other	Happy Fun Rock	23065	Throw Rock	Happy Fun Rock | Unique (4) | Use: Throw rock to a friendly target.   If they have free room in their pack they will catch it! (1 |4Sec:Sec; Cooldown) || DESC: Throw rock to a friendly target.   If they have free room in their pack they will catch it!
18641	0	Explosives	Dense Dynamite	23063	Dense Dynamite	Dense Dynamite | Requires Engineering (250)
18645	14	Devices	Gnomish Alarm-O-Bot	23004	Summon Alarm-o-Bot	Gnomish Alarm-O-Bot | Requires Engineering (265)
18660	14	Devices	World Enlarger	23126	World Enlarger	World Enlarger | Toy | Use: Adds this toy to your Toy Box. |   | Requires Engineering (250) | Requires Gnomish Engineer | "Only Gnomish Technology could invent a device that affects the entire world!"
18662	8	Other	Heavy Leather Ball	23135	Heavy Leather Ball	Heavy Leather Ball | Unique (10) | Use: Throw the ball to a friendly player.   If they have free room in their pack they will catch it! (1 |4Sec:Sec; Cooldown) || DESC: Throw the ball to a friendly player.   If they have free room in their pack they will catch it!
18666	8	Other	nil	nil	nil	
18667	8	Other	nil	nil	nil	
18668	8	Other	nil	nil	nil	
18669	8	Other	nil	nil	nil	
18839	8	Other	Combat Healing Potion	4042	Healing Potion	Combat Healing Potion | Binds when picked up | Unique (5) | Use: Restores 700 to 900 health. | Requires Level 35
18841	8	Other	Combat Mana Potion	17530	Restore Mana	Combat Mana Potion | Binds when picked up | Unique (5) | Use: Restores 900 to 1,500 mana. | Requires Level 41
19004	8	Other	Minor Healthstone	23468	Minor Healthstone	Minor Healthstone | Conjured Item | Unique | Use: Instantly restores 110 life. || DESC: Instantly restores 110 life.
19005	8	Other	Minor Healthstone	23469	Minor Healthstone	Minor Healthstone | Conjured Item | Unique | Use: Instantly restores 120 life. || DESC: Instantly restores 120 life.
19006	8	Other	Lesser Healthstone	23470	Lesser Healthstone	Lesser Healthstone | Conjured Item | Unique | Use: Instantly restores 275 life. | Requires Level 12 || DESC: Instantly restores 275 life.
19007	8	Other	Lesser Healthstone	23471	Lesser Healthstone	Lesser Healthstone | Conjured Item | Unique | Use: Instantly restores 300 life. | Requires Level 12 || DESC: Instantly restores 300 life.
19008	8	Other	Healthstone	23472	Healthstone	Healthstone | Conjured Item | Unique | Use: Instantly restores 550 life. | Requires Level 24 || DESC: Instantly restores 550 life.
19009	8	Other	Healthstone	23473	Healthstone	Healthstone | Conjured Item | Unique | Use: Instantly restores 600 life. | Requires Level 24 || DESC: Instantly restores 600 life.
19010	8	Other	Greater Healthstone	23474	Greater Healthstone	Greater Healthstone | Conjured Item | Unique | Use: Instantly restores 880 life. | Requires Level 36 || DESC: Instantly restores 880 life.
19011	8	Other	Greater Healthstone	23475	Greater Healthstone	Greater Healthstone | Conjured Item | Unique | Use: Instantly restores 960 life. | Requires Level 36 || DESC: Instantly restores 960 life.
19012	8	Other	Major Healthstone	23476	Major Healthstone	Major Healthstone | Conjured Item | Unique | Use: Instantly restores 1,320 life. | Requires Level 48 || DESC: Instantly restores 1,320 life.
19013	8	Other	Major Healthstone	23477	Major Healthstone	Major Healthstone | Conjured Item | Unique | Use: Instantly restores 1,440 life. | Requires Level 48 || DESC: Instantly restores 1,440 life.
19026	8	Other	Snake Burst Firework	11544	Yellow Rose Firework	Snake Burst Firework | Use: Shoots a firework into the air that bursts in a yellow pattern. (1 |4Sec:Sec; Cooldown)
19045	8	Other	Stormpike Battle Standard	23539	Battle Standard	Stormpike Battle Standard | Binds when picked up | Use: Place a Battle Standard with 1,500 health that increases the damage of all party members that stay within 45 yards of the Battle Standard by 10%.  Lasts 2 min. May only be used in Alterac Valley. (15 |4Min:Min; Cooldown) || DESC: Place a Battle Standard with 1,500 health that increases the damage of all party members that stay within 45 yards of the Battle Standard by 10%.  Lasts 2 min. May only be used in Alterac Valley.
19046	8	Other	Frostwolf Battle Standard	23538	Battle Standard	Frostwolf Battle Standard | Binds when picked up | Use: Place a Battle Standard with 1,500 health that increases the maximum damage of all party members that stay within 45 yards of the Battle Standard by 10%.  Lasts 2 min. May only be used in Alterac Valley. (15 |4Min:Min; Cooldown) || DESC: Place a Battle Standard with 1,500 health that increases the maximum damage of all party members that stay within 45 yards of the Battle Standard by 10%.  Lasts 2 min. May only be used in Alterac Valley.
19060	8	Other	Warsong Gulch Enriched Ration	23540	Warsong Gulch Enriched Ration	Warsong Gulch Enriched Ration | Binds when picked up | Use: Restores 2,065 health and 4,240 mana over 30 sec.  Must remain seated while eating.  Usable only inside Warsong Gulch. | Requires Level 45 || DESC: Restores 2,065 health and 4,240 mana over 30 sec.  Must remain seated while eating.  Usable only inside Warsong Gulch.
19061	8	Other	Warsong Gulch Iron Ration	23541	Warsong Gulch Iron Ration	Warsong Gulch Iron Ration | Binds when picked up | Use: Restores 1,546 health and 3,178 mana over 30 sec.  Must remain seated while eating.  Usable only inside Warsong Gulch. | Requires Level 35 || DESC: Restores 1,546 health and 3,178 mana over 30 sec.  Must remain seated while eating.  Usable only inside Warsong Gulch.
19062	8	Other	Warsong Gulch Field Ration	23542	Warsong Gulch Field Ration	Warsong Gulch Field Ration | Binds when picked up | Use: Restores 1,032 health and 2,117 mana over 30 sec.  Must remain seated while eating.  Usable only inside Warsong Gulch. | Requires Level 25 || DESC: Restores 1,032 health and 2,117 mana over 30 sec.  Must remain seated while eating.  Usable only inside Warsong Gulch.
19063	8	Other	nil	nil	nil	
19066	7	Bandages	Warsong Gulch Runecloth Bandage	23567	First Aid	Warsong Gulch Runecloth Bandage | Binds when picked up | Use: Heals 2,000 damage over 8 sec.  Usable only inside Warsong Gulch. | Requires Level 45 | Requires First Aid (225)
19067	7	Bandages	Warsong Gulch Mageweave Bandage	23568	First Aid	Warsong Gulch Mageweave Bandage | Binds when picked up | Use: Heals 1,104 damage over 8 sec.  Usable only inside Warsong Gulch. | Requires Level 35 | Requires First Aid (175)
19068	7	Bandages	Warsong Gulch Silk Bandage	23569	First Aid	Warsong Gulch Silk Bandage | Binds when picked up | Use: Heals 640 damage over 8 sec.  Usable only inside Warsong Gulch. | Requires Level 25 | Requires First Aid (125)
19150	8	Other	Sentinel Basic Care Package	nil	nil	Sentinel Basic Care Package | Binds when picked up | Unique
19151	8	Other	Sentinel Standard Care Package	nil	nil	Sentinel Standard Care Package | Binds when picked up | Unique
19152	8	Other	Sentinel Advanced Care Package	nil	nil	Sentinel Advanced Care Package | Binds when picked up | Unique
19153	8	Other	Outrider Advanced Care Package	nil	nil	Outrider Advanced Care Package | Binds when picked up | Unique
19154	8	Other	Outrider Basic Care Package	nil	nil	Outrider Basic Care Package | Binds when picked up | Unique
19155	8	Other	Outrider Standard Care Package	nil	nil	Outrider Standard Care Package | Binds when picked up | Unique
19182	8	Other	nil	nil	nil	
19183	8	Other	Hourglass Sand	23645	Hourglass Sand	Hourglass Sand | Use: Cures the user of Brood Affliction: Bronze.
19221	5	Food & Drink	Darkmoon Special Reserve	11629	Potent Alcohol	Darkmoon Special Reserve | Use: An extremely potent alcoholic beverage. (10 |4Sec:Sec; Cooldown)
19222	5	Food & Drink	Cheap Beer	11007	Weak Alcohol	Cheap Beer | Use: A fairly weak alcoholic beverage. (10 |4Sec:Sec; Cooldown)
19223	5	Food & Drink	Darkmoon Dog	433	Food	Darkmoon Dog | Use: Restores 58 health over 18 sec.  Must remain seated while eating.
19224	5	Food & Drink	Red Hot Wings	1127	Food	Red Hot Wings | Use: Restores 841 health over 27 sec.  Must remain seated while eating. | Requires Level 25
19225	5	Food & Drink	Deep Fried Candybar	1131	Food	Deep Fried Candybar | Use: Restores 2,065 health over 30 sec.  Must remain seated while eating. | Requires Level 45
19296	8	Other	Greater Darkmoon Prize	nil	nil	Greater Darkmoon Prize | Requires Level 45 | "Guaranteed to contain an item of value!"
19297	8	Other	Lesser Darkmoon Prize	nil	nil	Lesser Darkmoon Prize | Requires Level 30 | "Guaranteed to contain an item of value!"
19298	8	Other	Minor Darkmoon Prize	nil	nil	Minor Darkmoon Prize | Requires Level 15 | "Guaranteed to contain an item of value!"
19299	5	Food & Drink	Fizzy Faire Drink	432	Drink	Fizzy Faire Drink | Use: Restores 803 mana over 24 sec.  Must remain seated while drinking. | Requires Level 15
19300	5	Food & Drink	Bottled Winterspring Water	1135	Drink	Bottled Winterspring Water | Use: Restores 1,915 mana over 30 sec.  Must remain seated while drinking. | Requires Level 35
19301	5	Food & Drink	Alterac Manna Biscuit	23692	Alterac Manna Biscuit	Alterac Manna Biscuit | Binds when picked up | Use: Restores 4,240 health and 4,240 mana over 30 sec.  Must remain seated while eating. | Requires Level 51
19304	5	Food & Drink	Spiced Beef Jerky	434	Food	Spiced Beef Jerky | Use: Restores 234 health over 21 sec.  Must remain seated while eating. | Requires Level 5
19305	5	Food & Drink	Pickled Kodo Foot	435	Food	Pickled Kodo Foot | Use: Restores 530 health over 24 sec.  Must remain seated while eating. | Requires Level 15
19306	5	Food & Drink	Crunchy Frog	1129	Food	Crunchy Frog | Use: Restores 1,338 health over 30 sec.  Must remain seated while eating. | Requires Level 35
19307	7	Bandages	Alterac Heavy Runecloth Bandage	23696	First Aid	Alterac Heavy Runecloth Bandage | Binds when picked up | Use: Heals 2,000 damage over 8 sec. | Requires First Aid (225) | "May only be used in Alterac Valley."
19318	8	Other	Bottled Alterac Spring Water	23698	Alterac Spring Water	Bottled Alterac Spring Water | Binds when picked up | Use: Restores 4,240 mana over 30 sec.  Must remain seated while drinking. Also increases your Spirit by 10 for 10 min. | Requires Level 55 | "From the mountain springs of Alterac!" || DESC: Restores 4,240 mana over 30 sec.  Must remain seated while drinking. Also increases your Spirit by 10 for 10 min.
19425	8	Other	Mysterious Lockbox	nil	nil	Mysterious Lockbox | Binds when picked up | Unique
19440	8	Other	Powerful Anti-Venom	23786	Powerful Anti-Venom	Powerful Anti-Venom | Use: Target is cured of poisons up to level 65. (1 |4Min:Min; Cooldown) | Requires First Aid (300) || DESC: Target is cured of poisons up to level 65.
19696	5	Food & Drink	Harvest Bread	24005	Food	Harvest Bread | Conjured Item | Binds when picked up | Use: Restores 2% of your health per second for 25 sec.  Must remain seated while eating.
19971	6	Permanent	High Test Eternium Fishing Line	24302	Eternium Fishing Line	High Test Eternium Fishing Line | Binds when picked up | Requires Fishing (150)
19977	8	Other	nil	nil	nil	
19994	5	Food & Drink	Harvest Fruit	24005	Food	Harvest Fruit | Binds when picked up | Unique (20) | Use: Restores 2% of your health per second for 25 sec.  Must remain seated while eating.
19995	5	Food & Drink	Harvest Boar	24005	Food	Harvest Boar | Binds when picked up | Unique (20) | Use: Restores 2% of your health per second for 25 sec.  Must remain seated while eating.
19996	5	Food & Drink	Harvest Fish	24005	Food	Harvest Fish | Binds when picked up | Unique (20) | Use: Restores 2% of your health per second for 25 sec.  Must remain seated while eating.
19997	8	Other	Harvest Nectar	24355	Drink	Harvest Nectar | Binds when picked up | Unique (20) | Use: Restores 2% of your mana per second for 30 sec.  Must remain seated while drinking. || DESC: Restores 2% of your mana per second for 30 sec.  Must remain seated while drinking.
20002	1	Potions	Greater Dreamless Sleep Potion	24360	Greater Dreamless Sleep	Greater Dreamless Sleep Potion | Use: Puts the imbiber in a dreamless sleep for 12 sec.  During that time the imbiber heals 2100 health and 2100 mana. | Requires Level 55
20004	1	Potions	Major Troll's Blood Elixir	24361	Regeneration	Major Troll's Blood Elixir | Use: Regenerate 20 health every 5 sec for 1 |4hour:hrs;. | Requires Level 53
20007	1	Potions	Mageblood Elixir	24363	Mana Regeneration	Mageblood Elixir | Use: Regenerate 12 mana per 5 sec for 1 |4hour:hrs;. | Requires Level 40
20008	1	Potions	Living Action Potion	24364	Living Free Action	Living Action Potion | Use: Makes you immune to Stun and Movement Impairing effects for the next 5 sec.  Also removes existing Stun and Movement Impairing effects. | Requires Level 47
20031	5	Food & Drink	Essence Mango	24384	Essence Mango	Essence Mango | Binds when picked up | Use: Restores 2,451 health and 4,240 mana over 30 sec.  Must remain seated while eating. | Requires Level 55
20062	8	Other	Arathi Basin Enriched Ration	24411	Arathi Basin Enriched Ration	Arathi Basin Enriched Ration | Binds when picked up | Use: Restores 2,065 health and 4,240 mana over 30 sec.  Must remain seated while eating.  Usable only inside Arathi Basin. | Requires Level 45 || DESC: Restores 2,065 health and 4,240 mana over 30 sec.  Must remain seated while eating.  Usable only inside Arathi Basin.
20063	8	Other	Arathi Basin Field Ration	24409	Arathi Basin Field Ration	Arathi Basin Field Ration | Binds when picked up | Use: Restores 1,032 health and 2,117 mana over 30 sec.  Must remain seated while eating.  Usable only inside Arathi Basin. | Requires Level 25 || DESC: Restores 1,032 health and 2,117 mana over 30 sec.  Must remain seated while eating.  Usable only inside Arathi Basin.
20064	8	Other	Arathi Basin Iron Ration	24410	Arathi Basin Iron Ration	Arathi Basin Iron Ration | Binds when picked up | Use: Restores 1,546 health and 3,178 mana over 30 sec.  Must remain seated while eating.  Usable only inside Arathi Basin. | Requires Level 35 || DESC: Restores 1,546 health and 3,178 mana over 30 sec.  Must remain seated while eating.  Usable only inside Arathi Basin.
20065	7	Bandages	Arathi Basin Mageweave Bandage	24413	First Aid	Arathi Basin Mageweave Bandage | Binds when picked up | Use: Heals 1,104 damage over 8 sec.  Usable only inside Arathi Basin. | Requires Level 35 | Requires First Aid (175)
20066	7	Bandages	Arathi Basin Runecloth Bandage	24414	First Aid	Arathi Basin Runecloth Bandage | Binds when picked up | Use: Heals 2,000 damage over 8 sec.  Usable only inside Arathi Basin. | Requires Level 45 | Requires First Aid (225)
20067	7	Bandages	Arathi Basin Silk Bandage	24412	First Aid	Arathi Basin Silk Bandage | Binds when picked up | Use: Heals 640 damage over 8 sec.  Usable only inside Arathi Basin. | Requires Level 25 | Requires First Aid (125)
20074	5	Food & Drink	Heavy Crocolisk Stew	1248391	Nutritious Food	Heavy Crocolisk Stew | Use: Restores 841 health over 27 sec.  Must remain seated while eating. If you spend at least 10 seconds eating you will become well fed and gain 10 Agility for 15 min. Additionally, experience gained from kills is increased by 5%. (1 |4Sec:Sec; Cooldown) | Requires Level 25
20079	8	Other	Spirit of Zanza	24382	Spirit of Zanza	Spirit of Zanza | Binds when picked up | Unique | Use: Increases the player's Spirit by 50 and Stamina by 50 for 2 |4hour:hrs;.  You can only have the effect of one Zanza potion at a time. | Requires Level 55 | "Blessed with the mojo of Zanza!" || DESC: Increases the player's Spirit by 50 and Stamina by 50 for 2 |4hour:hrs;.  You can only have the effect of one Zanza potion at a time.
20080	8	Other	Sheen of Zanza	24417	Sheen of Zanza	Sheen of Zanza | Binds when picked up | Unique | Use: Increases the chance that the player will reflect hostile spells cast on them by 3% for 2 |4hour:hrs;. Will automatically reflect the first offensive spell cast against the user. Only one type of Zanza potion may be active at any given time. (2 |4Min:Min; Cooldown) | Requires Level 55 | "Blessed with the mojo of Zanza!" || DESC: Increases the chance that the player will reflect hostile spells cast on them by 3% for 2 |4hour:hrs;. Will automatically reflect the first offensive spell cast against the user. Only one type of Zanza potion may be active at any given time.
20081	8	Other	Swiftness of Zanza	24383	Swiftness of Zanza	Swiftness of Zanza | Binds when picked up | Unique | Use: Increases the player's run speed by 20% for 2 |4hour:hrs;.  You can only have the effect of one Zanza potion at a time. | Requires Level 55 | "Blessed with the mojo of Zanza!" || DESC: Increases the player's run speed by 20% for 2 |4hour:hrs;.  You can only have the effect of one Zanza potion at a time.
20222	8	Other	Defiler's Enriched Ration	24411	Arathi Basin Enriched Ration	Defiler's Enriched Ration | Binds when picked up | Use: Restores 2,065 health and 4,240 mana over 30 sec.  Must remain seated while eating.  Usable only inside Arathi Basin. | Requires Level 45 | Requires The Defilers - Friendly
20223	8	Other	Defiler's Field Ration	24409	Arathi Basin Field Ration	Defiler's Field Ration | Binds when picked up | Use: Restores 1,032 health and 2,117 mana over 30 sec.  Must remain seated while eating.  Usable only inside Arathi Basin. | Requires Level 25 | Requires The Defilers - Friendly || DESC: Restores 1,032 health and 2,117 mana over 30 sec.  Must remain seated while eating.  Usable only inside Arathi Basin.
20224	8	Other	Defiler's Iron Ration	24410	Arathi Basin Iron Ration	Defiler's Iron Ration | Binds when picked up | Use: Restores 1,546 health and 3,178 mana over 30 sec.  Must remain seated while eating.  Usable only inside Arathi Basin. | Requires Level 35 | Requires The Defilers - Friendly || DESC: Restores 1,546 health and 3,178 mana over 30 sec.  Must remain seated while eating.  Usable only inside Arathi Basin.
20225	8	Other	Highlander's Enriched Ration	24411	Arathi Basin Enriched Ration	Highlander's Enriched Ration | Binds when picked up | Use: Restores 2,065 health and 4,240 mana over 30 sec.  Must remain seated while eating.  Usable only inside Arathi Basin. | Requires Level 45 | Requires The League of Arathor - Friendly
20226	8	Other	Highlander's Field Ration	24409	Arathi Basin Field Ration	Highlander's Field Ration | Binds when picked up | Use: Restores 1,032 health and 2,117 mana over 30 sec.  Must remain seated while eating.  Usable only inside Arathi Basin. | Requires Level 25 | Requires The League of Arathor - Friendly || DESC: Restores 1,032 health and 2,117 mana over 30 sec.  Must remain seated while eating.  Usable only inside Arathi Basin.
20227	8	Other	Highlander's Iron Ration	24410	Arathi Basin Iron Ration	Highlander's Iron Ration | Binds when picked up | Use: Restores 1,546 health and 3,178 mana over 30 sec.  Must remain seated while eating.  Usable only inside Arathi Basin. | Requires Level 35 | Requires The League of Arathor - Friendly || DESC: Restores 1,546 health and 3,178 mana over 30 sec.  Must remain seated while eating.  Usable only inside Arathi Basin.
20228	8	Other	Defiler's Advanced Care Package	nil	nil	Defiler's Advanced Care Package | Binds when picked up | Unique
20229	8	Other	Defiler's Basic Care Package	nil	nil	Defiler's Basic Care Package | Binds when picked up | Unique
20230	8	Other	Defiler's Standard Care Package	nil	nil	Defiler's Standard Care Package | Binds when picked up | Unique
20231	8	Other	Arathor Advanced Care Package	nil	nil	Arathor Advanced Care Package | Binds when picked up | Unique
20232	7	Bandages	Defiler's Mageweave Bandage	24413	First Aid	Defiler's Mageweave Bandage | Binds when picked up | Use: Heals 1,104 damage over 8 sec.  Usable only inside Arathi Basin. | Requires Level 35 | Requires First Aid (175) | Requires The Defilers - Friendly
20233	8	Other	Arathor Basic Care Package	nil	nil	Arathor Basic Care Package | Binds when picked up | Unique
20234	7	Bandages	Defiler's Runecloth Bandage	24414	First Aid	Defiler's Runecloth Bandage | Binds when picked up | Use: Heals 2,000 damage over 8 sec.  Usable only inside Arathi Basin. | Requires Level 45 | Requires First Aid (225) | Requires The Defilers - Friendly
20235	7	Bandages	Defiler's Silk Bandage	24412	First Aid	Defiler's Silk Bandage | Binds when picked up | Use: Heals 640 damage over 8 sec.  Usable only inside Arathi Basin. | Requires Level 25 | Requires First Aid (125) | Requires The Defilers - Friendly
20236	8	Other	Arathor Standard Care Package	nil	nil	Arathor Standard Care Package | Binds when picked up | Unique
20237	7	Bandages	Highlander's Mageweave Bandage	24413	First Aid	Highlander's Mageweave Bandage | Binds when picked up | Use: Heals 1,104 damage over 8 sec.  Usable only inside Arathi Basin. | Requires Level 35 | Requires First Aid (175) | Requires The League of Arathor - Friendly
20243	7	Bandages	Highlander's Runecloth Bandage	24414	First Aid	Highlander's Runecloth Bandage | Binds when picked up | Use: Heals 2,000 damage over 8 sec.  Usable only inside Arathi Basin. | Requires Level 45 | Requires First Aid (225) | Requires The League of Arathor - Friendly
20244	7	Bandages	Highlander's Silk Bandage	24412	First Aid	Highlander's Silk Bandage | Binds when picked up | Use: Heals 640 damage over 8 sec.  Usable only inside Arathi Basin. | Requires Level 25 | Requires First Aid (125) | Requires The League of Arathor - Friendly
20337	8	Other	Gnome Head on a Stick	nil	nil	Gnome Head on a Stick | Off Hand
20365	8	Other	nil	nil	nil	
20386	8	Other	nil	nil	nil	
20388	8	Other	Lollipop	24707	Food	Lollipop | Binds when picked up | Use: Restores 3% of your health and mana per second for 25 sec.  Must remain seated while eating. || DESC: Restores 3% of your health and mana per second for 25 sec.  Must remain seated while eating.
20389	8	Other	Candy Corn	24707	Food	Candy Corn | Binds when picked up | Use: Restores 3% of your health and mana per second for 25 sec.  Must remain seated while eating. || DESC: Restores 3% of your health and mana per second for 25 sec.  Must remain seated while eating.
20390	8	Other	Candy Bar	24707	Food	Candy Bar | Binds when picked up | Use: Restores 3% of your health and mana per second for 25 sec.  Must remain seated while eating. || DESC: Restores 3% of your health and mana per second for 25 sec.  Must remain seated while eating.
20397	8	Other	Hallowed Wand - Pirate	24717	Pirate Costume	Hallowed Wand - Pirate | Binds when picked up | Use: Puts a pirate costume on targeted party member. (1 |4Sec:Sec; Cooldown) | 5 |4Charge:Charges; || DESC: Puts a pirate costume on targeted party member.
20398	8	Other	Hallowed Wand - Ninja	24718	Ninja Costume	Hallowed Wand - Ninja | Binds when picked up | Use: Puts a ninja costume on targeted party member. (1 |4Sec:Sec; Cooldown) | 5 |4Charge:Charges; || DESC: Puts a ninja costume on targeted party member.
20399	8	Other	Hallowed Wand - Leper Gnome	24719	Leper Gnome Costume	Hallowed Wand - Leper Gnome | Binds when picked up | Use: Puts a leper gnome costume on targeted party member. (1 |4Sec:Sec; Cooldown) | 5 |4Charge:Charges; || DESC: Puts a leper gnome costume on targeted party member.
20409	8	Other	Hallowed Wand - Ghost	24737	Ghost Costume	Hallowed Wand - Ghost | Binds when picked up | Use: Puts a ghost costume on targeted party member. (1 |4Sec:Sec; Cooldown) | 5 |4Charge:Charges; || DESC: Puts a ghost costume on targeted party member.
20410	8	Other	Hallowed Wand - Bat	24733	Bat Costume	Hallowed Wand - Bat | Binds when picked up | Use: Puts a Bat costume on targeted party member. (1 |4Sec:Sec; Cooldown) | 5 |4Charge:Charges; || DESC: Puts a Bat costume on targeted party member.
20411	8	Other	Hallowed Wand - Skeleton	24724	Skeleton Costume	Hallowed Wand - Skeleton | Binds when picked up | Use: Puts a Skeleton costume on targeted party member. (1 |4Sec:Sec; Cooldown) | 5 |4Charge:Charges; || DESC: Puts a Skeleton costume on targeted party member.
20413	8	Other	Hallowed Wand - Random	24720	Random Costume	Hallowed Wand - Random | Binds when picked up | Use: Puts a random costume on targeted party member. (1 |4Sec:Sec; Cooldown) | 5 |4Charge:Charges; || DESC: Puts a random costume on targeted party member.
20414	8	Other	Hallowed Wand - Wisp	24741	Wisp Costume	Hallowed Wand - Wisp | Binds when picked up | Use: Puts a Wisp costume on targeted party member. (1 |4Sec:Sec; Cooldown) | 5 |4Charge:Charges; || DESC: Puts a Wisp costume on targeted party member.
20452	5	Food & Drink	Smoked Desert Dumplings	1248401	Nutritious Food	Smoked Desert Dumplings | Use: Restores 2,065 health over 30 sec.  Must remain seated while eating. If you spend at least 10 seconds eating you will become well fed and gain 20 Strength for 15 min. Additionally, experience gained from kills is increased by 5%. (1 |4Sec:Sec; Cooldown) | Requires Level 45
20475	8	Other	Soul Gem	24828	Shatter Soul Gem	Soul Gem | Use: Creates 3 Soul Shards.
20516	5	Food & Drink	Bobbing Apple	24869	Food	Bobbing Apple | Binds when picked up | Unique (5) | Use: Restores 2% of your health per second for 24 sec.  Must remain seated while eating.  If you spend at least 10 seconds eating you will become well fed and gain Stamina and Spirit for 15 min. | "Crisp, delicious and hopefully worm-free"
20557	8	Other	Hallow's End Pumpkin Treat	24930	Hallow's End Candy	Hallow's End Pumpkin Treat | Binds when picked up | Use: Enjoy a tasty Hallow's End treat!  Better eat it quick before they go bad... (1 |4Min:Min; Cooldown) | Requires Hallow's End || DESC: Enjoy a tasty Hallow's End treat!  Better eat it quick before they go bad...
20558	8	Other	Warsong Gulch Mark of Honor	nil	nil	Warsong Gulch Mark of Honor | Binds when picked up | Unique (20) | "Medal awarded for fighting in Warsong Gulch"
20559	8	Other	Arathi Basin Mark of Honor	nil	nil	Arathi Basin Mark of Honor | Binds when picked up | Unique (20) | "Medal awarded for fighting in Arathi Basin"
20560	8	Other	Alterac Valley Mark of Honor	nil	nil	Alterac Valley Mark of Honor | Binds when picked up | Unique (20) | "Medal awarded for fighting in Alterac Valley"
20709	5	Food & Drink	Rumsey Rum Light	25037	Rumsey Rum Light	Rumsey Rum Light | Use: Increases Stamina by 5 for 15 min and gets you drunk to boot!
20744	8	Other	Minor Wizard Oil	25117	Minor Wizard Oil	Minor Wizard Oil | Use: While applied to target weapon it increases spell damage and healing by up to 8. Lasts for 30 minutes. (1 |4Sec:Sec; Cooldown) | 5 |4Charge:Charges; | Requires Level 5
20745	8	Other	Minor Mana Oil	25118	Minor Mana Oil	Minor Mana Oil | Use: While applied to target weapon it restores 5 mana to the caster every 5 seconds and increases healing done by up to 10. Lasts for 30 minutes. (1 |4Sec:Sec; Cooldown) | 5 |4Charge:Charges; | Requires Level 20
20748	8	Other	Brilliant Mana Oil	25123	Brilliant Mana Oil	Brilliant Mana Oil | Use: While applied to target weapon it restores 15 mana to the caster every 5 seconds and increases the effect of healing spells by up to 30. Lasts for 30 minutes. (1 |4Sec:Sec; Cooldown) | 5 |4Charge:Charges; | Requires Level 45
20749	8	Other	Brilliant Wizard Oil	25122	Brilliant Wizard Oil	Brilliant Wizard Oil | Use: While applied to target weapon it increases spell damage and healing by up to 36 and increases Spell Critical chance by 1%. Lasts for 30 minutes. (1 |4Sec:Sec; Cooldown) | 5 |4Charge:Charges; | Requires Level 45
20750	8	Other	Wizard Oil	25121	Wizard Oil	Wizard Oil | Use: While applied to target weapon it increases spell damage and healing by up to 24. Lasts for 30 minutes. (1 |4Sec:Sec; Cooldown) | 5 |4Charge:Charges; | Requires Level 40
20834	14	Devices	nil	nil	nil	
20844	8	Other	Deadly Poison V	25351	Deadly Poison V	Deadly Poison V | Use: Coats a weapon with poison that lasts for 30 minutes.  Each strike has a 30% chance of poisoning the enemy for 93 Nature damage over 12 sec.  Stacks up to 5 times on a single target.  180 charges. | Classes: Rogue | Requires Level 60 || DESC: Coats a weapon with poison that lasts for 30 minutes.  Each strike has a 30% chance of poisoning the enemy for 93 Nature damage over 12 sec.  Stacks up to 5 times on a single target.  180 charges.
20905	8	Other	nil	nil	nil	
21023	5	Food & Drink	Dirge's Kickin' Chimaerok Chops	25660	Food	Dirge's Kickin' Chimaerok Chops | Use: Restores 2,451 health over 30 sec.  Must remain seated while eating.  If you spend at least 10 seconds eating you will become well fed and gain 25 Stamina for 15 min. (1 |4Sec:Sec; Cooldown) | Requires Level 45
21030	5	Food & Drink	Darnassus Kimchi Pie	1129	Food	Darnassus Kimchi Pie | Use: Restores 1,338 health over 30 sec.  Must remain seated while eating. | Requires Level 35
21031	5	Food & Drink	Cabbage Kimchi	1131	Food	Cabbage Kimchi | Use: Restores 2,065 health over 30 sec.  Must remain seated while eating. | Requires Level 45
21033	5	Food & Drink	Radish Kimchi	1131	Food	Radish Kimchi | Use: Restores 2,065 health over 30 sec.  Must remain seated while eating. | Requires Level 45
21038	8	Other	Hardpacked Snowball	25677	Snowball	Hardpacked Snowball | Alterac Valley | Unique (5) | Use: Throw me before I melt! (30 |4Sec:Sec; Cooldown) | Duration: 5 min || DESC: Throw me before I melt!
21072	5	Food & Drink	Smoked Sagefish	1249504	Nutritious Food	Smoked Sagefish | Use: Restores 234 health over 21 sec.  Must remain seated while eating. If you spend at least 10 seconds eating you will become well fed and gain 4 Spell Damage for 15 min. Additionally, experience gained from kills is increased by 5%. (1 |4Sec:Sec; Cooldown) | Requires Level 10
21114	5	Food & Drink	Rumsey Rum Dark	25722	Rumsey Rum Dark	Rumsey Rum Dark | Use: Increases Stamina by 10 for 15 min and gets you drunk to boot!
21140	8	Other	Auction Stationery	nil	nil	
21151	5	Food & Drink	Rumsey Rum Black Label	25804	Rumsey Rum Black Label	Rumsey Rum Black Label | Use: Increases Stamina by 15 for 15 min and gets you drunk to boot!
21212	8	Other	Fresh Holly	25860	Reindeer Transformation	Fresh Holly | Binds when picked up | Use: Transforms your mount into something more festive. (1 |4Min:Min; Cooldown) | Duration: 7 |4day:days; | Requires Level 40 || DESC: Transforms your mount into something more festive.
21215	5	Food & Drink	Graccu's Mince Meat Fruitcake	25990	Graccu's Mince Meat Fruitcake	Graccu's Mince Meat Fruitcake | Binds when picked up | Use: Restores 5% of your health and mana per second for 20 sec.  Must remain seated while eating.  You should also probably like the taste of fruitcake. | Requires Level 40 | "Preserved with Graccu's special spices!  It'll be a very long time before these turn bad..."
21217	5	Food & Drink	Sagefish Delight	1249507	Nutritious Food	Sagefish Delight | Use: Restores 530 health over 24 sec.  Must remain seated while eating. If you spend at least 10 seconds eating you will become well fed and gain 7 Spell Damage for 15 min. Additionally, experience gained from kills is increased by 5%. (1 |4Sec:Sec; Cooldown) | Requires Level 30
21235	5	Food & Drink	Winter Veil Roast	24005	Food	Winter Veil Roast | Binds when picked up | Use: Restores 2% of your health per second for 25 sec.  Must remain seated while eating.
21236	5	Food & Drink	UNUSED ITEM	24005	Food	UNUSED ITEM | Conjured Item | Binds when picked up | Use: Restores 2% of your health per second for 25 sec.  Must remain seated while eating.
21238	8	Other	UNUSED ITEM	24005	Food	UNUSED ITEM | Binds when picked up | Unique (20) | Use: Restores 2% of your health per second for 25 sec.  Must remain seated while eating.
21240	5	Food & Drink	UNUSED ITEM	24005	Food	UNUSED ITEM | Binds when picked up | Unique (20) | Use: Restores 2% of your health per second for 25 sec.  Must remain seated while eating.
21241	8	Other	Winter Veil Eggnog	24355	Drink	Winter Veil Eggnog | Binds when picked up | Unique (20) | Use: Restores 2% of your mana per second for 30 sec.  Must remain seated while drinking.
21254	5	Food & Drink	Winter Veil Cookie	24869	Food	Winter Veil Cookie | Binds when picked up | Use: Restores 2% of your health per second for 24 sec.  Must remain seated while eating.  If you spend at least 10 seconds eating you will become well fed and gain Stamina and Spirit for 15 min. | "Fresh from the oven."
21325	8	Other	Mechanical Greench	26067	Summon Mechanical Greench	Mechanical Greench | Binds when picked up | Use: Summons a mechanical Greench that will protect you for 10 min. (10 |4Min:Min; Cooldown) | 3 |4Charge:Charges; | Duration: 10 |4day:days; || DESC: Summons a mechanical Greench that will protect you for 10 min.
21537	8	Other	Festival Dumplings	26263	Dim Sum	Festival Dumplings | Binds when picked up | Use: Restores 4% of your health and mana per second for 25 sec.  Must remain seated while eating. || DESC: Restores 4% of your health and mana per second for 25 sec.  Must remain seated while eating.
21546	2	Elixirs	Elixir of Holy Power	1310077	Greater Firepower	Elixir of Holy Power | Use: Increases spell Holy damage by up to 40 for 30 min. | Requires Level 40
21552	5	Food & Drink	Striped Yellowtail	1129	Food	Striped Yellowtail | Use: Restores 1,338 health over 30 sec.  Must remain seated while eating. | Requires Level 35
21556	8	Other	nil	nil	nil	
21711	8	Other	Lunar Festival Invitation	26373	Lunar Invititation	Lunar Festival Invitation | Binds when picked up | Unique | Use: Teleports the caster from within Greater Moonlight. (10 |4Min:Min; Cooldown) | Requires Lunar Festival || DESC: Teleports the caster from within Greater Moonlight.
21713	0	Explosives	Elune's Candle	26374	Elune's Candle	Elune's Candle | Use: Shoots a firework at target. (3 |4Sec:Sec; Cooldown) | 88 |4Charge:Charges;
21721	5	Food & Drink	Moonglow	26389	Moonglow Alcohol	Moonglow | Use: A strangely glowing alcoholic beverage. (10 |4Sec:Sec; Cooldown)
21739	8	Other	nil	nil	nil	
21740	8	Other	nil	nil	nil	
21741	8	Other	nil	nil	nil	
21742	8	Other	nil	nil	nil	
21743	8	Other	nil	nil	nil	
21744	8	Other	Lucky Rocket Cluster	26521	Lucky Lunar Rocket	Lucky Rocket Cluster | Binds when picked up | Use: You're in luck!  Throw into a cluster launcher! (1 |4Sec:Sec; Cooldown) || DESC: You're in luck!  Throw into a cluster launcher!
21745	8	Other	Elder's Moonstone	25823	Spotlight	Elder's Moonstone | Binds when picked up | Use: Summon a ring of light on a specific location that lasts for 3 min. (1 |4Min:Min; Cooldown) || DESC: Summon a ring of light on a specific location that lasts for 3 min.
21746	8	Other	Lucky Red Envelope	nil	nil	Lucky Red Envelope | Binds when picked up
21815	8	Other	Love Token	nil	nil	Love Token | Binds when picked up | Requires Love is in the Air | "A small message of affection..."
21832	8	Other	nil	nil	nil	
21834	8	Other	nil	nil	nil	
21922	8	Other	nil	nil	nil	
21961	8	Other	nil	nil	nil	
21965	8	Other	nil	nil	nil	
21966	8	Other	nil	nil	nil	
21967	8	Other	nil	nil	nil	
21968	8	Other	nil	nil	nil	
21969	8	Other	nil	nil	nil	
21970	8	Other	nil	nil	nil	
21971	8	Other	nil	nil	nil	
21972	8	Other	nil	nil	nil	
21973	8	Other	nil	nil	nil	
21974	8	Other	nil	nil	nil	
21976	8	Other	nil	nil	nil	
21977	8	Other	nil	nil	nil	
21978	8	Other	nil	nil	nil	
22020	8	Other	nil	nil	nil	
22021	8	Other	nil	nil	nil	
22022	8	Other	nil	nil	nil	
22023	8	Other	nil	nil	nil	
22024	8	Other	nil	nil	nil	
22025	8	Other	nil	nil	nil	
22026	8	Other	nil	nil	nil	
22027	8	Other	nil	nil	nil	
22028	8	Other	nil	nil	nil	
22029	8	Other	nil	nil	nil	
22030	8	Other	nil	nil	nil	
22031	8	Other	nil	nil	nil	
22032	8	Other	nil	nil	nil	
22033	8	Other	nil	nil	nil	
22034	8	Other	nil	nil	nil	
22035	8	Other	nil	nil	nil	
22036	8	Other	nil	nil	nil	
22037	8	Other	nil	nil	nil	
22038	8	Other	nil	nil	nil	
22039	8	Other	nil	nil	nil	
22040	8	Other	nil	nil	nil	
22041	8	Other	nil	nil	nil	
22042	8	Other	nil	nil	nil	
22043	8	Other	nil	nil	nil	
22118	8	Other	nil	nil	nil	
22124	8	Other	nil	nil	nil	
22125	8	Other	nil	nil	nil	
22126	8	Other	nil	nil	nil	
22127	8	Other	nil	nil	nil	
22129	8	Other	nil	nil	nil	
22192	8	Other	Bloodkelp Elixir of Dodging	27653	Elixir of Dodging	Bloodkelp Elixir of Dodging | Binds when picked up | Use: Increases chance to dodge by 3% for 30 min. || DESC: Increases chance to dodge by 3% for 30 min.
22193	8	Other	Bloodkelp Elixir of Resistance	27652	Elixir of Resistance	Bloodkelp Elixir of Resistance | Binds when picked up | Use: Increases all magical resistances by 15 for 30 min. || DESC: Increases all magical resistances by 15 for 30 min.
22236	8	Other	Buttermilk Delight	27720	Buttermilk Delight	Buttermilk Delight | Binds when picked up | Use: Increases Defense by 13 for 1 |4hour:hrs;. (1 |4Sec:Sec; Cooldown) | Requires Love is in the Air || DESC: Increases Defense by 13 for 1 |4hour:hrs;.
22237	8	Other	Dark Desire	27723	Dark Desire	Dark Desire | Binds when picked up | Use: Improves your chance to hit with attacks by 2% for 1 |4hour:hrs;. (1 |4Sec:Sec; Cooldown) | Requires Love is in the Air || DESC: Improves your chance to hit with attacks by 2% for 1 |4hour:hrs;.
22238	8	Other	Very Berry Cream	27721	Very Berry Cream	Very Berry Cream | Binds when picked up | Use: Increases damage done from spells by up to 23 for 1 |4hour:hrs;. (1 |4Sec:Sec; Cooldown) | Requires Love is in the Air || DESC: Increases damage done from spells by up to 23 for 1 |4hour:hrs;.
22239	8	Other	Sweet Surprise	27722	Sweet Surprise	Sweet Surprise | Binds when picked up | Use: Increases healing done by magical spells by up to 44 for 1 |4hour:hrs;. (1 |4Sec:Sec; Cooldown) | Requires Love is in the Air || DESC: Increases healing done by magical spells by up to 44 for 1 |4hour:hrs;.
22259	8	Other	Unbestowed Friendship Bracelet	26899	Give Friendship Bracelet	Unbestowed Friendship Bracelet | Binds when picked up | Use: Give to a Heartbroken player to cheer them up. | Requires Love is in the Air || DESC: Give to a Heartbroken player to cheer them up.
22260	8	Other	Friendship Bracelet	nil	nil	Friendship Bracelet | Binds when picked up | Requires Love is in the Air | "These are received from true friends..."
22324	5	Food & Drink	Winter Kimchi	1131	Food	Winter Kimchi | Use: Restores 2,065 health over 30 sec.  Must remain seated while eating. | Requires Level 45
22584	8	Other	nil	nil	nil	
22585	8	Other	nil	nil	nil	
22586	8	Other	nil	nil	nil	
22587	8	Other	nil	nil	nil	
22588	8	Other	nil	nil	nil	
22895	5	Food & Drink	Conjured Cinnamon Roll	29073	Food	Conjured Cinnamon Roll | Conjured Item | Use: Restores 3,057 health over 30 sec.  Must remain seated while eating. | Requires Level 55
23122	8	Other	Consecrated Sharpening Stone	28891	Consecrated Weapon	Consecrated Sharpening Stone | Binds when picked up | Use: While applied to target weapon it increases attack power against undead by 100. Lasts for 1 hour. (1 |4Sec:Sec; Cooldown) | Requires Level 50 || DESC: While applied to target weapon it increases attack power against undead by 100. Lasts for 1 hour.
23123	8	Other	Blessed Wizard Oil	28898	Blessed Wizard Oil	Blessed Wizard Oil | Binds when picked up | Use: While applied to target weapon it increases spell damage against undead by up to 60. Lasts for 1 hour. (1 |4Sec:Sec; Cooldown) | Requires Level 50
23160	5	Food & Drink	Friendship Bread	29008	Food	Friendship Bread | Binds when picked up | Use: Restores 2,065 health over 30 sec.  Must remain seated while eating. | Requires Level 45
23161	8	Other	Freshly-Squeezed Lemonade	29007	Drink	Freshly-Squeezed Lemonade | Binds when picked up | Use: Restores 2,821 mana over 30 sec.  Must remain seated while drinking. | Requires Level 45 || DESC: Restores 2,821 mana over 30 sec.  Must remain seated while drinking.
23163	8	Other	Performer's Wand	29004	Transform to Dancer	Performer's Wand | Binds when picked up | Use: Transforms target party memeber into a dancer! (1 |4Sec:Sec; Cooldown) | 5 |4Charge:Charges; || DESC: Transforms target party memeber into a dancer!
23164	8	Other	Bubbly Beverage	29006	Bubbly Refreshment	Bubbly Beverage | Binds when picked up | Use: Raise a toast to your friend! | Duration: 7 |4day:days; || DESC: Raise a toast to your friend!
23172	5	Food & Drink	Refreshing Red Apple	29055	Refreshing Red Apple	Refreshing Red Apple | Binds when picked up | Use: Restores 4% of your health and mana per second for 25 sec.  Must remain seated while eating. | "The perfect snack on a warm summer day."
23175	8	Other	Tasty Summer Treat	29041	Tasty Summer Treat	Tasty Summer Treat | Binds when picked up | Use: It's so good, you'll glow. || DESC: It's so good, you'll glow.
23176	8	Other	Fizzy Energy Drink	29029	Fizzy Energy Drink	Fizzy Energy Drink | Binds when picked up | Use: Restores 807 health and 1,211 mana over 21 sec.  Must remain seated while eating.  If you spend at least 10 seconds eating you will become refreshed and gain 6 Mana every 5 seconds for 15 min. (1 |4Sec:Sec; Cooldown) | Duration: 7 |4day:days; || DESC: Restores 807 health and 1,211 mana over 21 sec.  Must remain seated while eating.  If you spend at least 10 seconds eating you will become refreshed and gain 6 Mana every 5 seconds for 15 min.
23194	8	Other	Lesser Mark of the Dawn	30088	Lesser Mark of the Dawn	Lesser Mark of the Dawn | Binds when picked up | Unique (3) | Use: Increases Stamina for 1 hour. (1 |4Sec:Sec; Cooldown) || DESC: Increases Stamina for 1 hour.
23195	8	Other	Mark of the Dawn	30089	Mark of the Dawn	Mark of the Dawn | Binds when picked up | Unique (3) | Use: Increases Stamina for 1 hour. (1 |4Sec:Sec; Cooldown) || DESC: Increases Stamina for 1 hour.
23196	8	Other	Greater Mark of the Dawn	30090	Greater Mark of the Dawn	Greater Mark of the Dawn | Binds when picked up | Unique (3) | Use: Increases Stamina for 1 hour. (1 |4Sec:Sec; Cooldown) || DESC: Increases Stamina for 1 hour.
23209	8	Other	nil	nil	nil	
23210	8	Other	nil	nil	nil	
23211	8	Other	Toasted Smorc	29334	Toasted Smorc	Toasted Smorc | Binds when picked up | Use: Increases healing done by magical spells by up to 44 for 1 |4hour:hrs;. | Duration: 14 |4day:days; | "Gooey, melty, good." || DESC: Increases healing done by magical spells by up to 44 for 1 |4hour:hrs;.
23215	8	Other	Bag of Smorc Ingredients	29116	Toast Smorc	Bag of Smorc Ingredients | Binds when picked up | Use: Creates 5 Toasted Smorcs when used at a cooking fire. | Duration: 6 |4hour:hrs; | "Sweet honey crackers, marshmallow and chocolate." || DESC: Creates 5 Toasted Smorcs when used at a cooking fire.
23224	8	Other	Summer Gift Package	nil	nil	
23245	8	Other	[PH] Everburning Elixir	nil	nil	
23246	8	Other	Fiery Festival Brew	29388	Breath of Fire	Fiery Festival Brew | Binds when picked up | Use: Sets your breath aflame! || DESC: Sets your breath aflame!
23326	8	Other	Midsummer Sausage	29333	Midsummer Sausage	Midsummer Sausage | Binds when picked up | Use: Increases damage done from spells by up to 23 for 1 |4hour:hrs;. | Duration: 14 |4day:days; || DESC: Increases damage done from spells by up to 23 for 1 |4hour:hrs;.
23327	8	Other	Fire-toasted Bun	29332	Fire-toasted Bun	Fire-toasted Bun | Binds when picked up | Use: Improves your chance to hit with attacks by 2% for 1 |4hour:hrs;. | Duration: 14 |4day:days; || DESC: Improves your chance to hit with attacks by 2% for 1 |4hour:hrs;.
23379	8	Other	Cinder Bracers	29305	Summon Cinder Elemental	Cinder Bracers | Binds when picked up | Use: Summons a Cinder Elemental that will protect you for 10 min. (10 |4Min:Min; Cooldown) | 3 |4Charge:Charges; | Duration: 10 |4day:days; || DESC: Summons a Cinder Elemental that will protect you for 10 min.
23418	0	Explosives	nil	nil	nil	
23435	8	Other	Elderberry Pie	29335	Elderberry Pie	Elderberry Pie | Binds when picked up | Use: Increases Defense by 13 for 1 |4hour:hrs;. | Duration: 14 |4day:days; || DESC: Increases Defense by 13 for 1 |4hour:hrs;.
23578	1	Potions	Diet McWeaksauce	17531	Restore Mana	Diet McWeaksauce | Use: Restores 1,350 to 2,250 mana. | Requires Level 49 | "Food for the Mind"
23579	1	Potions	The McWeaksauce Classic	17534	Healing Potion	The McWeaksauce Classic | Use: Restores 1,050 to 1,750 health. | Requires Level 45 | "The Original."
23640	8	Other	nil	nil	nil	
23641	8	Other	nil	nil	nil	
23656	8	Other	Promotion Test Item	nil	nil	
23683	5	Food & Drink	nil	nil	nil	
23684	7	Bandages	Crystal Infused Bandage	30020	First Aid	Crystal Infused Bandage | Use: Heals 2,500 damage over 10 sec. | Requires First Aid (225)
23696	1	Potions	[PH] Potion of Heightened Senses [DEP]	30297	Heightened Senses	[PH] Potion of Heightened Senses [DEP] | Use: Decreases your chance to be crit by 5%.
23698	1	Potions	[PH] Nature Resist Potion [DEP]	nil	nil	
23699	8	Other	[PH] Light Consumable [DEP]	nil	nil	
23700	8	Other	[PH] Glorious Standard of the Alliance [DEP]	nil	nil	
23701	8	Other	[PH] Victorious Standard of the Horde [DEP]	nil	nil	
23715	8	Other	Permanent Lung Juice Cocktail	30164	Permanent Lung Juice Cocktail	Permanent Lung Juice Cocktail | Binds when picked up | Unique | Use: Increases Stamina by 25 when consumed. | "100% Grade A Lung Juice - Freshly Squeezed" || DESC: Increases Stamina by 25 when consumed.
23718	8	Other	Permanent Ground Scorpok Assay	30173	Permanent Ground Scorpok Assay	Permanent Ground Scorpok Assay | Binds when picked up | Unique | Use: Increases Agility by 25 when consumed. || DESC: Increases Agility by 25 when consumed.
23719	8	Other	Permanent Cerebral Cortex Compound	30175	Permanent Cerebral Cortex Compound	Permanent Cerebral Cortex Compound | Binds when picked up | Unique | Use: Increases Intellect by 25 when consumed. | "Best Served Chilled" || DESC: Increases Intellect by 25 when consumed.
23721	8	Other	Permanent Gizzard Gum	30177	Permanent Gizzard Gum	Permanent Gizzard Gum | Binds when picked up | Unique | Use: Increases Spirit by 25 when consumed. | "Strawberry Flavor" || DESC: Increases Spirit by 25 when consumed.
23722	8	Other	Permanent R.O.I.D.S.	30178	Permanent R.O.I.D.S.	Permanent R.O.I.D.S. | Binds when picked up | Unique | Use: Increases Strength by 25 when consumed. | "Robust Operational Imbue Derived From Snickerfang" || DESC: Increases Strength by 25 when consumed.
23725	8	Other	nil	nil	nil	
23727	8	Other	nil	nil	nil	
23728	8	Other	nil	nil	nil	
23794	8	Other	Permanent Sheen of Zanza	30331	Permanent Sheen of Zanza	Permanent Sheen of Zanza | Binds when picked up | Unique | Use: Increases the chance that the player will reflect hostile spells cast on them by 3% for 2 |4hour:hrs;. Will automatically reflect the first offensive spell cast against the user. Only one type of Zanza potion may be active at any given time. | Requires Level 55 | "Blessed with the mojo of Zanza!" || DESC: Increases the chance that the player will reflect hostile spells cast on them by 3% for 2 |4hour:hrs;. Will automatically reflect the first offensive spell cast against the user. Only one type of Zanza potion may be active at any given time.
23795	8	Other	Permanent Spirit of Zanza	30336	Permanent Spirit of Zanza	Permanent Spirit of Zanza | Binds when picked up | Unique | Use: Increases the player's Spirit by 50 and Stamina by 50 for 2 |4hour:hrs;.  You can only have the effect of one Zanza potion at a time. | Requires Level 55 | "Blessed with the mojo of Zanza!" || DESC: Increases the player's Spirit by 50 and Stamina by 50 for 2 |4hour:hrs;.  You can only have the effect of one Zanza potion at a time.
23796	8	Other	Permanent Swiftness of Zanza	30338	Permanent Swiftness of Zanza	Permanent Swiftness of Zanza | Binds when picked up | Unique | Use: Increases the player's run speed by 20% for 2 |4hour:hrs;.  You can only have the effect of one Zanza potion at a time. | Requires Level 55 | "Blessed with the mojo of Zanza!" || DESC: Increases the player's run speed by 20% for 2 |4hour:hrs;.  You can only have the effect of one Zanza potion at a time.
184937	8	Other	Chronoboon Displacer	349858	Charging	Chronoboon Displacer | Use: Alters the fabric of time, suspending beneficial world effects from dragonslaying, Dire Maul, Zul'Gurub, and Felwood.
184938	8	Other	Supercharged Chronoboon Displacer	349863	Restoring	Supercharged Chronoboon Displacer | Binds when picked up | Unique | Use: Restores your suspended world effects. || DESC: Restores your suspended world effects.
191204	8	Other	Lesser Deathstone	370289	Greater Deathstone	Lesser Deathstone | Binds when picked up | Use: Turn 100 lesser deathstones into a greater one. || DESC: Turn 100 lesser deathstones into a greater one.
191249	8	Other	Greater Deathstone	nil	nil	Greater Deathstone | Binds when picked up | "A vibrant green stone glowing with untold energies."
191267	8	Other	Rune of Teleportation: Antechamber	370301	Rune of Teleportation: Antechamber	Rune of Teleportation: Antechamber | Binds when picked up | Use: Transports you to the Antechamber in Naxxramas. | Duration: 7 |4day:days; || DESC: Transports you to the Antechamber in Naxxramas.
191268	8	Other	Orb of Corruption	370303	Orb of Corruption	Orb of Corruption | Binds when picked up | Use: Crush the orb, increasing the amount of lesser deathstones absorbed from Kel'Thuzad's minions by 50% for 30 min. | Duration: 7 |4day:days; || DESC: Crush the orb, increasing the amount of lesser deathstones absorbed from Kel'Thuzad's minions by 50% for 30 min.
191272	8	Other	Rod of Necromancy	370308	Rod of Necromancy	Rod of Necromancy | Binds when picked up | Use: Subdues the will of an undead target within Naxxramas, causing them to become charmed for 5 min. | 3 |4Charge:Charges; | Duration: 7 |4day:days; || DESC: Subdues the will of an undead target within Naxxramas, causing them to become charmed for 5 min.
191280	8	Other	Fungal Spore Cluster	370336	Fungal Spore Cluster	Fungal Spore Cluster | Binds when picked up | Use: Grants your offensive abilities a chance to summon a spore that affects nearby players with Fungal Bloom when killed. This effect lasts for 1 |4hour:hrs;.    |T134202:24|t|cffffffffFungal Bloom|r   Inflicts 153 Nature damage every 1 sec while increasing the chance for a melee, ranged, or spell critical by 15%. | Duration: 7 |4day:days; || DESC: Grants your offensive abilities a chance to summon a spore that affects nearby players with Fungal Bloom when killed. This effect lasts for 1 |4hour:hrs;.    |T134202:24|t|cffffffffFungal Bloom|r   Inflicts 153 Nature damage every 1 sec while increasing the chance for a melee, ranged, or spell critical by 15%.
191288	8	Other	Rune of Teleportation: Frostwyrm's Lair	370343	Rune of Teleportation: Frostwyrm's Lair	Rune of Teleportation: Frostwyrm's Lair | Binds when picked up | Use: Transports you to Frostwyrm's Lair in Naxxramas. | Duration: 7 |4day:days; || DESC: Transports you to Frostwyrm's Lair in Naxxramas.
191292	8	Other	Ritual Dagger	370347	Ritual Dagger	Ritual Dagger | Binds when picked up | Use: Absorb the life force of those around you, increasing stamina by 3 for each target hit. This effect stacks up to 40 and lasts for 1 |4hour:hrs;. | Duration: 7 |4day:days; || DESC: Absorb the life force of those around you, increasing stamina by 3 for each target hit. This effect stacks up to 40 and lasts for 1 |4hour:hrs;.
191313	8	Other	Mask of Death	370423	Mask of Death	Mask of Death | Use: Adopt the visage of a denizen of Naxxramas. | Duration: 7 |4day:days; || DESC: Adopt the visage of a denizen of Naxxramas.
191414	8	Other	Skeletal Artifact	370531	Skeletal Artifact	Skeletal Artifact | Binds when picked up | Use: Entraps the soul of the dead target, granting you a beneficial effect. This effect lasts for 1 |4hour:hrs;. | Duration: 7 |4day:days; || DESC: Entraps the soul of the dead target, granting you a beneficial effect. This effect lasts for 1 |4hour:hrs;.
191459	8	Other	Rune of Fortune	370630	Rune of Fortune	Rune of Fortune | Binds when picked up | Use: Empowers Kel'Thuzad and his lieutenants with necromantic energy, granting them increased health and damage. Empowered foes will yield additional rewards upon defeat.    This effect stacks and lasts for an entire week. | Duration: 7 |4day:days; || DESC: Empowers Kel'Thuzad and his lieutenants with necromantic energy, granting them increased health and damage. Empowered foes will yield additional rewards upon defeat.    This effect stacks and lasts for an entire week.
191656	8	Other	Death's Essence	nil	nil	Death's Essence | Binds when picked up
191660	8	Other	Thaddius' Lightning Bolts	370831	Thaddius' Lightning Bolts	Thaddius' Lightning Bolts | Binds when picked up | Use: Affix the bolts to your neck, applying a positive or negative charge at random that grants 1% increased damage and healing.     This effect stacks while near allies who have a similar charge, and deals Nature damage to allies who have an opposite charge. | Duration: 7 |4day:days; || DESC: Affix the bolts to your neck, applying a positive or negative charge at random that grants 1% increased damage and healing.     This effect stacks while near allies who have a similar charge, and deals Nature damage to allies who have an opposite charge.
191661	8	Other	Monstrous Spider Fang	370832	Gift of the Spider	Monstrous Spider Fang | Binds when picked up | Use: Pierce yourself with the fang, increasing movement speed, attack speed, and cast speed by 15% for 1 |4hour:hrs;. | Duration: 7 |4day:days; || DESC: Pierce yourself with the fang, increasing movement speed, attack speed, and cast speed by 15% for 1 |4hour:hrs;.
202251	8	Other	Bag of Pet Treats	398117	Pockets of Treats	Bag of Pet Treats | Binds when picked up | Use: Open the bag of treats and palm it into your target's pocket, increasing the damage of Beasts against this target by 20. || DESC: Open the bag of treats and palm it into your target's pocket, increasing the damage of Beasts against this target by 20.
202316	8	Other	Runecarving Test - Crippling Poison	398608	Runecarving Test - Crippling Poison	Runecarving Test - Crippling Poison | Use: Coats a weapon with poison that lasts for 30 minutes.  Each strike has a 30% chance of poisoning the enemy, slowing their movement speed by 50% for 12 sec. | Classes: Rogue | Requires Level 20 || DESC: Coats a weapon with poison that lasts for 30 minutes.  Each strike has a 30% chance of poisoning the enemy, slowing their movement speed by 50% for 12 sec.
203726	8	Other	Cutty's Rune	401489	Runecarving: Learn Cutty's Rune	Cutty's Rune | Classes: Rogue
203750	8	Other	Elwynn Treasure Map	401617	Dig Up Treasure	Elwynn Treasure Map | Binds when picked up | Use: Dig up treasure at the marked location (1 |4Min:Min; Cooldown) | Classes: Rogue | "West of ridgepoint tower. Near the stump behind the prowler den." || DESC: Dig up treasure at the marked location
203784	8	Other	Top-Right Map Piece	401847	Combine Map Pieces	Top-Right Map Piece | Use: Combine with 3 other pieces to make the full map. | "A torn piece of what seems to be a map..." || DESC: Combine with 3 other pieces to make the full map.
203785	8	Other	Top-Left Map Piece	401847	Combine Map Pieces	Top-Left Map Piece | Use: Combine with 3 other pieces to make the full map. | "A torn piece of what seems to be a map..." || DESC: Combine with 3 other pieces to make the full map.
203786	8	Other	Bottom-Right Map Piece	401847	Combine Map Pieces	Bottom-Right Map Piece | Use: Combine with 3 other pieces to make the full map. | "A torn piece of what seems to be a map..." || DESC: Combine with 3 other pieces to make the full map.
203787	8	Other	Bottom-Left Map Piece	401847	Combine Map Pieces	Bottom-Left Map Piece | Use: Combine with 3 other pieces to make the full map. | "A torn piece of what seems to be a map..." || DESC: Combine with 3 other pieces to make the full map.
203990	8	Other	Rune of Mutilation	402265	Learning	Rune of Mutilation | Binds when picked up | Unique | Use: Teaches you a new Engraving ability. | Classes: Rogue
203991	8	Other	Rune of Quick Draw	402265	Learning	Rune of Quick Draw | Binds when picked up | Unique | Use: Teaches you a new Engraving ability. | Classes: Rogue
203992	8	Other	Rune of Trickery	nil	nil	Rune of Trickery | Classes: Rogue | "Teaches you a new Engraving ability."
203993	8	Other	Rune of Slaughter	402265	Learning	Rune of Slaughter | Binds when picked up | Unique | Use: Teaches you a new Engraving ability. | Classes: Rogue
203994	8	Other	Rune of Deadly Brew	402265	Learning	Rune of Deadly Brew | Binds when picked up | Unique | Use: Teaches you a new Engraving ability. | Classes: Rogue
204174	8	Other	Rune of Precision	402265	Learning	Rune of Precision | Binds when picked up | Unique | Use: Teaches you a new Engraving ability. | Classes: Rogue
204441	8	Other	Rune of Blood Frenzy	402265	Learning	Rune of Blood Frenzy | Binds when picked up | Unique | Use: Teaches you a new Engraving ability. | Classes: Warrior
204688	8	Other	Monster Hunter's First Rune Fragment	406651	Combine Rune Pieces	Monster Hunter's First Rune Fragment | Use: Combine with 2 other pieces to make the full rune.
204689	8	Other	Monster Hunter's Second Rune Fragment	406651	Combine Rune Pieces	Monster Hunter's Second Rune Fragment | Use: Combine with 2 other pieces to make the full rune.
204690	8	Other	Monster Hunter's Third Rune Fragment	406651	Combine Rune Pieces	Monster Hunter's Third Rune Fragment | Use: Combine with 2 other pieces to make the full rune.
204703	8	Other	Rune of Devastate	402265	Learning	Rune of Devastate | Binds when picked up | Unique | Use: Teaches you a new Engraving ability. | Classes: Warrior
204716	8	Other	Rune of Frenzied Assault	402265	Learning	Rune of Frenzied Assault | Binds when picked up | Unique | Use: Teaches you a new Engraving ability. | Classes: Warrior
204795	8	Other	Rune of Shadowstrike	402265	Learning	Rune of Shadowstrike | Binds when picked up | Unique | Use: Teaches you a new Engraving ability. | Classes: Rogue
204806	8	Other	Rune of Victory Rush	402265	Learning	Rune of Victory Rush | Binds when picked up | Unique | Use: Teaches you a new Engraving ability. | Classes: Warrior
204809	8	Other	Rune of Furious Thunder	402265	Learning	Rune of Furious Thunder | Binds when picked up | Unique | Use: Teaches you a new Engraving ability. | Classes: Warrior
204912	8	Other	Rune of Grace	402265	Learning	Rune of Grace | Binds when picked up | Unique | Use: Teaches you a new Engraving ability. | Classes: Warlock
205022	8	Other	Rune of Soul Siphon	402265	Learning	Rune of Soul Siphon | Binds when picked up | Unique | Use: Teaches you a new Engraving ability. | Classes: Warlock
205215	8	Other	Rune of Tactics	402265	Learning	Rune of Tactics | Binds when picked up | Unique | Use: Teaches you a new Engraving ability. | Classes: Warlock
205228	8	Other	Rune of Chaos Bolt	402265	Learning	Rune of Chaos Bolt | Binds when picked up | Unique | Use: Teaches you a new Engraving ability. | Classes: Warlock
205230	8	Other	Rune of Haunting	402265	Learning	Rune of Haunting | Binds when picked up | Unique | Use: Teaches you a new Engraving ability. | Classes: Warlock
205683	8	Other	Rune of Rebuke	402265	Learning	Rune of Rebuke | Binds when picked up | Unique | Use: Teaches you a new Engraving ability. | Classes: Paladin
205685	8	Other	Rune of Aegis	402265	Learning	Rune of Aegis | Binds when picked up | Unique | Use: Teaches you a new Engraving ability. | Classes: Paladin
205897	8	Other	Rune of Divine Light	402265	Learning	Rune of Divine Light | Binds when picked up | Unique | Use: Teaches you a new Engraving ability. | Classes: Paladin
205905	8	Other	Memory of a Devout Champion	410958	Learn Rune From Memory	Memory of a Devout Champion | Binds when picked up | Unique | Use:  | Classes: Priest
205932	8	Other	Prophecy of a King's Demise	410971	Learn Rune From Prophecy	Prophecy of a King's Demise | Binds when picked up | Unique | Use:  | Use: Focus on the Prophecy to learn a new spell.  Requires a mind focused by meditating on two spiritual mysteries of Azeroth. | Classes: Priest
205940	8	Other	Memory of a Dark Purpose	410958	Learn Rune From Memory	Memory of a Dark Purpose | Binds when picked up | Unique | Use:  | Classes: Priest
205942	8	Other	Chimaeric Epiphany	402265	Learning	Chimaeric Epiphany | Use: 
205943	8	Other	Prophecy of a Desecrated Citadel	410971	Learn Rune From Prophecy	Prophecy of a Desecrated Citadel | Unique | Use:  | Use: Focus on the Prophecy to learn a new spell.  Requires a mind focused by meditating on two spiritual mysteries of Azeroth.
205944	8	Other	Reciprocal Epiphany	402265	Learning	Reciprocal Epiphany | Binds when picked up | Unique | Use: Learn a new Engraving ability. | Classes: Priest
205945	8	Other	Memory of an Imprisoned Savior	410958	Learn Rune From Memory	Memory of an Imprisoned Savior | Binds when picked up | Unique | Use:  | Classes: Priest
205946	8	Other	Memory of a Leader's Betrayal	410958	Learn Rune From Memory	Memory of a Leader's Betrayal | Binds when picked up | Unique | Use:  | Classes: Priest
205947	8	Other	Prophecy of a Desecrated Citadel	410971	Learn Rune From Prophecy	Prophecy of a Desecrated Citadel | Binds when picked up | Unique | Use:  | Use: Focus on the Prophecy to learn a new spell.  Requires a mind focused by meditating on two spiritual mysteries of Azeroth. | Classes: Priest
205948	8	Other	Anodyne Epiphany	402265	Learning	Anodyne Epiphany | Use: 
205949	8	Other	Manifold Epiphany	402265	Learning	Manifold Epiphany | Use: Teaches you a new Engraving ability. | Classes: Priest
205950	8	Other	Tenebrous Epiphany	402265	Learning	Tenebrous Epiphany | Binds when picked up | Unique | Use: Learn a new Engraving ability. | Classes: Priest
205951	8	Other	Memory of a Troubled Acolyte	410958	Learn Rune From Memory	Memory of a Troubled Acolyte | Binds when picked up | Unique | Use:  | Use: Focus on the Memory to learn a new spell.  Requires a mind cleared by meditating on the spiritual mysteries of Azeroth. | Classes: Priest
205952	8	Other	Memory of a Shattered World	410958	Learn Rune From Memory	Memory of a Shattered World | Use: Focus on the Memory to learn a new spell.  Requires a mind cleared by meditating on the spiritual mysteries of Azeroth.
205953	8	Other	Prophecy of a Broken Vow	410971	Learn Rune From Prophecy	Prophecy of a Broken Vow | Binds when picked up | Unique | Use:  | Use: Focus on the Prophecy to learn a new spell.  Requires a mind focused by meditating on two spiritual mysteries of Azeroth. | Classes: Priest
205979	8	Other	Rune of Flanking	402265	Learning	Rune of Flanking | Binds when picked up | Unique | Use: Teaches you a new Engraving ability. | Classes: Hunter
205995	8	Other	Prairie Dog Musk	411622	Prairie Dog Musk	Prairie Dog Musk | Use: Your Tame Beast ability also works on prairie dogs (as companion pet) (10 |4Min:Min; Cooldown) | Classes: Hunter || DESC: Your Tame Beast ability also works on prairie dogs (as companion pet)
206032	8	Other	Rune of Carve	402265	Learning	Rune of Carve | Binds when picked up | Unique | Use: Teaches you a new Engraving ability. | Classes: Hunter
206155	8	Other	Rune of Marksmanship	402265	Learning	Rune of Marksmanship | Binds when picked up | Unique | Use: Teaches you a new Engraving ability. | Classes: Hunter
206168	8	Other	Rune of the Chimera	402265	Learning	Rune of the Chimera | Binds when picked up | Unique | Use: Teaches you a new Engraving ability. | Classes: Hunter
206169	8	Other	Rune of Explosive Shot	402265	Learning	Rune of Explosive Shot | Binds when picked up | Unique | Use: Teaches you a new Engraving ability. | Classes: Hunter
206177	8	Other	Pine Nut Butter	5004	Food	Pine Nut Butter | Binds when picked up | Use: Restores 58 health over 18 sec.  Must remain seated while eating.  If you spend at least 10 seconds eating you will become well fed and gain 2 Stamina and Spirit for 15 min.
206264	8	Other	Rune of Inspiration	402265	Learning	Rune of Inspiration | Binds when picked up | Unique | Use: Teaches you a new Engraving ability. | Classes: Paladin
206466	8	Other	Prairie Crown	414724	Place Prairie Crown	Prairie Crown | Use: Awaken a spirit of the plains 
206469	8	Other	Prairie Flower	413651	Combine Prairie Flowers	Prairie Flower | Use: Combine 3 Prairie Flowers to make a crown. | Classes: Druid || DESC: Combine 3 Prairie Flowers to make a crown.
206963	8	Other	Rune of Natural Potential	402265	Learning	Rune of Natural Potential | Binds when picked up | Unique | Use: Teaches you a new Engraving ability. | Classes: Druid
206970	8	Other	Rune of Life	402265	Learning	Rune of Life | Binds when picked up | Unique | Use: Teaches you a new Engraving ability. | Classes: Druid
206985	8	Other	Echo of the Alpha	402265	Learning	Echo of the Alpha | Binds when picked up | Unique | Use: Learn a new ability. | Classes: Shaman | Requires Level 3
206989	8	Other	Rune of the Sun	402265	Learning	Rune of the Sun | Binds when picked up | Unique | Use: Teaches you a new Engraving ability. | Classes: Druid
206992	8	Other	Rune of Skull Bash	402265	Learning	Rune of Skull Bash | Binds when picked up | Unique | Use: Teaches you a new Engraving ability. | Classes: Druid
207106	8	Other	Bottom-Left Map Piece	416288	Combine Map Pieces	Bottom-Left Map Piece | Binds when picked up | Unique | Use: Combine with 3 other pieces to make the full map. | "A torn piece of what seems to be a map..." || DESC: Combine with 3 other pieces to make the full map.
207107	8	Other	Bottom-Right Map Piece	416288	Combine Map Pieces	Bottom-Right Map Piece | Binds when picked up | Unique | Use: Combine with 3 other pieces to make the full map. | "A torn piece of what seems to be a map..." || DESC: Combine with 3 other pieces to make the full map.
207108	8	Other	Top-Left Map Piece	416288	Combine Map Pieces	Top-Left Map Piece | Binds when picked up | Unique | Use: Combine with 3 other pieces to make the full map. | "A torn piece of what seems to be a map..."
207109	8	Other	Top-Right Map Piece	416288	Combine Map Pieces	Top-Right Map Piece | Binds when picked up | Unique | Use: Combine with 3 other pieces to make the full map. | "A torn piece of what seems to be a map..."
207110	8	Other	Durotar Treasure Map	416304	Dig Up Treasure	Durotar Treasure Map | Binds when picked up | Use: Dig up treasure at the marked location (1 |4Min:Min; Cooldown) | Classes: Rogue | "In front of the Monkey's head on the southmost echo isle." || DESC: Dig up treasure at the marked location
207631	8	Other	Adder Pheromone	416861	Adder Pheromone	Adder Pheromone | Use: Your Tame Beast ability also works on adders (as companion pet) (10 |4Min:Min; Cooldown) | Classes: Hunter || DESC: Your Tame Beast ability also works on adders (as companion pet)
208034	8	Other	Tirisfal Treasure Map	417433	Dig Up Treasure	Tirisfal Treasure Map | Binds when picked up | Use: Dig up treasure at the marked location (1 |4Min:Min; Cooldown) | Classes: Rogue | "West of Brill, under the bridge, west side." || DESC: Dig up treasure at the marked location
208035	8	Other	Top-Right Map Piece	417434	Combine Map Pieces	Top-Right Map Piece | Binds when picked up | Unique | Use: Combine with 3 other pieces to make the full map. | "A torn piece of what seems to be a map..." || DESC: Combine with 3 other pieces to make the full map.
208036	8	Other	Top-Left Map Piece	417434	Combine Map Pieces	Top-Left Map Piece | Binds when picked up | Unique | Use: Combine with 3 other pieces to make the full map. | "A torn piece of what seems to be a map..." || DESC: Combine with 3 other pieces to make the full map.
208037	8	Other	Bottom-Right Map Piece	417434	Combine Map Pieces	Bottom-Right Map Piece | Binds when picked up | Unique | Use: Combine with 3 other pieces to make the full map. | "A torn piece of what seems to be a map..." || DESC: Combine with 3 other pieces to make the full map.
208038	8	Other	Bottom-Left Map Piece	417434	Combine Map Pieces	Bottom-Left Map Piece | Binds when picked up | Unique | Use: Combine with 3 other pieces to make the full map. | "A torn piece of what seems to be a map..." || DESC: Combine with 3 other pieces to make the full map.
208180	8	Other	Rabbit Musk	418236	Rabbit Musk	Rabbit Musk | Use: Your Tame Beast ability also works on rabbits (as companion pet) (10 |4Min:Min; Cooldown) | Classes: Hunter || DESC: Your Tame Beast ability also works on rabbits (as companion pet)
208213	8	Other	Top-Right Map Piece	418600	Combine Map Pieces	Top-Right Map Piece | Binds when picked up | Unique | Use: Combine with 3 other pieces to make the full map. | "A torn piece of what seems to be a map..." || DESC: Combine with 3 other pieces to make the full map.
208215	8	Other	Top-Left Map Piece	418600	Combine Map Pieces	Top-Left Map Piece | Binds when picked up | Unique | Use: Combine with 3 other pieces to make the full map. | "A torn piece of what seems to be a map..." || DESC: Combine with 3 other pieces to make the full map.
208218	8	Other	Bottom-Right Map Piece	418600	Combine Map Pieces	Bottom-Right Map Piece | Binds when picked up | Unique | Use: Combine with 3 other pieces to make the full map. | "A torn piece of what seems to be a map..." || DESC: Combine with 3 other pieces to make the full map.
208219	8	Other	Bottom-Left Map Piece	418600	Combine Map Pieces	Bottom-Left Map Piece | Binds when picked up | Unique | Use: Combine with 3 other pieces to make the full map. | "A torn piece of what seems to be a map..." || DESC: Combine with 3 other pieces to make the full map.
208220	8	Other	Dun Morogh Treasure Map	418599	Dig Up Treasure	Dun Morogh Treasure Map | Binds when picked up | Use: Dig up treasure at the marked location (1 |4Min:Min; Cooldown) | Classes: Rogue | "Beneath the bridge from Kharanos to Ironforge." || DESC: Dig up treasure at the marked location
208601	8	Other	Top-Right Map Piece	421425	Combine Map Pieces	Top-Right Map Piece | Binds when picked up | Unique | Use: Combine with 3 other pieces to make the full map. | "A torn piece of what seems to be a map..." || DESC: Combine with 3 other pieces to make the full map.
208602	8	Other	Top-Left Map Piece	421425	Combine Map Pieces	Top-Left Map Piece | Binds when picked up | Unique | Use: Combine with 3 other pieces to make the full map. | "A torn piece of what seems to be a map..." || DESC: Combine with 3 other pieces to make the full map.
208603	8	Other	Bottom-Right Map Piece	421425	Combine Map Pieces	Bottom-Right Map Piece | Binds when picked up | Unique | Use: Combine with 3 other pieces to make the full map. | "A torn piece of what seems to be a map..." || DESC: Combine with 3 other pieces to make the full map.
208604	8	Other	Bottom-Left Map Piece	421425	Combine Map Pieces	Bottom-Left Map Piece | Binds when picked up | Unique | Use: Combine with 3 other pieces to make the full map. | "A torn piece of what seems to be a map..." || DESC: Combine with 3 other pieces to make the full map.
208605	8	Other	Teldrassil Treasure Map	421424	Dig Up Treasure	Teldrassil Treasure Map | Binds when picked up | Use: Dig up treasure at the marked location (1 |4Min:Min; Cooldown) | Classes: Rogue | "The hollow stump of Rut'theran." || DESC: Dig up treasure at the marked location
208607	8	Other	Deer Musk	421311	Deer Musk	Deer Musk | Use: Your Tame Beast ability also works on deer (as companion pet) (10 |4Min:Min; Cooldown) | Classes: Hunter || DESC: Your Tame Beast ability also works on deer (as companion pet)
208609	8	Other	Glade Flower	421436	Combine Glade Flowers	Glade Flower | Use: Combine 3 Glade Flowers to make a crown. | Classes: Druid || DESC: Combine 3 Glade Flowers to make a crown.
208687	8	Other	Rune of Lacerate	402265	Learning	Rune of Lacerate | Binds when picked up | Unique | Use: Teaches you a new Engraving ability. | Classes: Druid
208701	8	Other	Rune of Beast Mastery	402265	Learning	Rune of Beast Mastery | Binds when picked up | Unique | Use: Teaches you a new Engraving ability. | Classes: Hunter
208741	8	Other	Rune of Endless Rage	402265	Learning	Rune of Endless Rage | Binds when picked up | Unique | Use: Teaches you a new Engraving ability. | Classes: Warrior
208744	8	Other	Rune of Shadowbolts	402265	Learning	Rune of Shadowbolts | Binds when picked up | Unique | Use: Teaches you a new Engraving ability. | Classes: Warlock
208750	8	Other	Rune of Channeling	402265	Learning	Rune of Channeling | Binds when picked up | Unique | Use: Teaches you a new Engraving ability. | Classes: Warlock
208758	8	Other	Earthen Rune	402265	Learning	Earthen Rune | Binds when picked up | Unique | Use: Teaches you a new Engraving ability. | Classes: Shaman
208760	8	Other	Glade Crown	414724	Place Prairie Crown	Glade Crown | Use: Awaken a spirit of the plains 
208764	8	Other	Rune of the Mind	402265	Learning	Rune of the Mind | Unique | Use:  | Classes: Priest
208767	8	Other	Rune of Mending	402265	Learning	Rune of Mending | Unique | Use: Teaches you a new Runecarving ability. | Classes: Priest
208771	8	Other	Rune of Blade Dance	402265	Learning	Rune of Blade Dance | Binds when picked up | Unique | Use: Teaches you a new Engraving ability. | Classes: Rogue
208772	8	Other	Rune of Saber Slash	402265	Learning	Rune of Saber Slash | Binds when picked up | Unique | Use: Teaches you a new Engraving ability. | Classes: Rogue
208773	8	Other	Fishing Harpoon	420964	Fishing Harpoon	Fishing Harpoon | Binds when picked up | Use: Throw harpoon at target (40 yd. range) | "A must-have for the aspiring shark hunter!" || DESC: Throw harpoon at target (40 yd. range)
208777	8	Other	Rune of the Sniper	402265	Learning	Rune of the Sniper | Binds when picked up | Unique | Use: Teaches you a new Engraving ability. | Classes: Hunter
208778	8	Other	Rune of Quick Strike	402265	Learning	Rune of Quick Strike | Binds when picked up | Unique | Use: Teaches you a new Engraving ability. | Classes: Warrior
208799	8	Other	Spell Notes: Living Bomb	402265	Learning	Spell Notes: Living Bomb | Binds when picked up | Unique | Use: Teaches you a new Engraving ability. | Classes: Mage
208823	8	Other	Offering Coin	421197	Wishing Well - Give Rune	Offering Coin | Binds when picked up | Use: Toss into a nearby well to make a wish | Classes: Priest || DESC: Toss into a nearby well to make a wish
208828	8	Other	Memory of a Broken Vow	410958	Learn Rune From Memory	Memory of a Broken Vow | Binds when picked up | Unique | Use:  | Use: Focus on the Memory to learn a new spell.  Requires a mind cleared by meditating on the spiritual mysteries of Azeroth. | Classes: Priest
208833	8	Other	Malevolent Pie	421262	Hellish Indigestion	Malevolent Pie | Binds when picked up | Unique | Classes: Warlock | "A pastry with a sinister energy."
208843	8	Other	Battle Totem	421406	Battle Totem	Battle Totem | Binds when picked up | Unique | Use: Challenge a Tauren to a duel | Classes: Warrior | "A symbol of hostility among members of the Horde" || DESC: Challenge a Tauren to a duel
208855	8	Other	Rainbow Fin Albacore Chum	421599	Feed Chum	Rainbow Fin Albacore Chum | Binds when picked up | Unique | Use: Feed chum to target. | Classes: Druid | "A tasty treat for lake monsters" || DESC: Feed chum to target.
209027	8	Other	Crab Treats	422171	Feed Treat	Crab Treats | Binds when picked up | Unique | Use: Feed treat to target. | Classes: Hunter, Druid | "The furbolgs catch young reef crawlers with these" || DESC: Feed treat to target.
209047	8	Other	Gnarled Harpoon	422397	Gnarled Harpoon	Gnarled Harpoon | Binds when picked up | Use: Throw harpoon at target (40 yd. range) | Classes: Warrior, Hunter | "Only the blood of the largest thresher will slake its thirst" || DESC: Throw harpoon at target (40 yd. range)
209057	8	Other	Prototype Engine	422478	Install Engine	Prototype Engine | Binds when picked up | Unique | Use: Install into a harvest reaper prototype. | Classes: Mage, Warlock || DESC: Install into a harvest reaper prototype.
209852	8	Other	Rune of Kill Command	402265	Learning	Rune of Kill Command | Binds when picked up | Unique | Use: Teaches you a new Engraving ability. | Classes: Hunter
210015	8	Other	Rune of Raging Blow	402265	Learning	Rune of Raging Blow | Binds when picked up | Unique | Use: Teaches you a new Engraving ability. | Classes: Warrior
210137	8	Other	Rune of Wild Growth	402265	Learning	Rune of Wild Growth | Binds when picked up | Unique | Use: Teaches you a new Engraving ability. | Classes: Druid
210138	8	Other	Dark Iron Ordinance	nil	nil	
210146	8	Other	Shredder Turbocharger	nil	nil	
210147	8	Other	Shredder Autosalvage Unit	424788	Salvage	Shredder Autosalvage Unit | Use: Salvage the wreckage of a shredder for spare parts.
210229	8	Other	Rune of Mutilation	402265	Learning	Rune of Mutilation | Binds when picked up | Unique | Use: Teaches you a new Engraving ability. | Classes: Rogue
210252	8	Other	Rune of Shiving	402265	Learning	Rune of Shiving | Binds when picked up | Unique | Use: Teaches you a new Engraving ability. | Classes: Rogue
210253	8	Other	Rot Totem	425285	Summon Decayed Elemental	Rot Totem | Binds when picked up | Unique | Use: Call to the spirits of the elements. | "A traditional totem... twisted and gnarled by dark magic, nearly unrecognizable to those that commune with the elements." || DESC: Call to the spirits of the elements.
210322	8	Other	Rune of Venom	402265	Learning	Rune of Venom | Binds when picked up | Unique | Use: Teaches you a new Engraving ability. | Classes: Rogue
210499	8	Other	Marshroom	426019	Marshroom	Marshroom | Use: Eat (at your own risk).
210500	8	Other	Rune of the Stars	402265	Learning	Rune of the Stars | Binds when picked up | Unique | Use: Teaches you a new Engraving ability. | Classes: Druid
210569	8	Other	Rune of Flagellation	402265	Learning	Rune of Flagellation | Binds when picked up | Unique | Use: Teaches you a new Engraving ability. | Classes: Warrior
210573	8	Other	Rune of Consuming Rage	402265	Learning	Rune of Consuming Rage | Binds when picked up | Unique | Use: Teaches you a new Engraving ability. | Classes: Warrior
210589	8	Other	Echo of the Ancestors	402265	Learning	Echo of the Ancestors | Binds when picked up | Unique | Use: Learn a new Engraving ability. | Classes: Shaman
210596	8	Other	Rune of Cobra Strikes	402265	Learning	Rune of Cobra Strikes | Binds when picked up | Unique | Use: Teaches you a new Engraving ability. | Classes: Hunter
210653	8	Other	Rune of Main Gauche	402265	Learning	Rune of Main Gauche | Binds when picked up | Unique | Use: Teaches you a new Engraving ability. | Classes: Rogue
210708	8	Other	Elixir of Coalesced Regret	426606	Speak with the Dead?	Elixir of Coalesced Regret | Use: Allows the imbiber to speak with the corpse of an individual with unfinished business in the mortal world. Also may cure indigestion. | Requires Level 20 || DESC: Allows the imbiber to speak with the corpse of an individual with unfinished business in the mortal world. Also may cure indigestion.
210712	8	Other	Elixir of Insight	426612	Elixir of Insight	Elixir of Insight | Binds when picked up | Use: Behold a vision at Je'neu's  bonfire. || DESC: Behold a vision at Je'neu's  bonfire.
210746	8	Other	Rune of Earth Shield	402265	Learning	Rune of Earth Shield | Binds when picked up | Unique | Use: Teaches you a new Engraving ability. | Classes: Shaman
210811	8	Other	Rune of Primordial Fury	402265	Learning	Rune of Primordial Fury | Binds when picked up | Unique | Use: Teaches you a new Engraving ability. | Classes: Shaman
210817	8	Other	Rune of Survival	402265	Learning	Rune of Survival | Binds when picked up | Unique | Use: Teaches you a new Engraving ability. | Classes: Druid
210818	8	Other	Rune of Lone Wolf	402265	Learning	Rune of Lone Wolf | Binds when picked up | Unique | Use: Teaches you a new Engraving ability. | Classes: Hunter
210820	8	Other	Rune of Sacrifice	402265	Learning	Rune of Sacrifice | Binds when picked up | Unique | Use: Teaches you a new Engraving ability. | Classes: Paladin
210822	8	Other	Harmonious Epiphany	402265	Learning	Harmonious Epiphany | Binds when picked up | Unique | Use: Learn a new Engraving ability. | Classes: Priest
210823	8	Other	Rune of Dual Wield Specialization	402265	Learning	Rune of Dual Wield Specialization | Binds when picked up | Unique | Use: Teaches you a new Engraving ability. | Classes: Shaman
210824	8	Other	Rune of the Pact	402265	Learning	Rune of the Pact | Binds when picked up | Unique | Use: Teaches you a new Engraving ability. | Classes: Warlock
210825	8	Other	Rune of the Warbringer	402265	Learning	Rune of the Warbringer | Binds when picked up | Unique | Use: Teaches you a new Engraving ability. | Classes: Warrior
210979	8	Other	Rune of Shadowstep	402265	Learning	Rune of Shadowstep | Binds when picked up | Unique | Use: Teaches you a new Engraving ability. | Classes: Rogue
210980	8	Other	Rune of Metamorphosis	402265	Learning	Rune of Metamorphosis | Binds when picked up | Unique | Use: Teaches you a new Engraving ability. | Classes: Warlock
211205	8	Other	Rune of Cobra Slayer	402265	Learning	Rune of Cobra Slayer | Binds when picked up | Unique | Use: Teaches you a new Engraving ability. | Classes: Hunter
211301	8	Other	Rune of Expose Weakness	402265	Learning	Rune of Expose Weakness | Binds when picked up | Use: Teaches you a new Engraving ability. | Classes: Hunter
211385	8	Other	Rune of Serpent Spread	402265	Learning	Rune of Serpent Spread | Binds when picked up | Unique | Use: Teaches you a new Engraving ability. | Classes: Hunter
211387	8	Other	Rune of Beckoning Light	402265	Learning	Rune of Beckoning Light | Binds when picked up | Unique | Use: Teaches you a new Engraving ability. | Classes: Paladin
211390	8	Other	Rune of Teasing	402265	Learning	Rune of Teasing | Binds when picked up | Unique | Use: Teaches you a new Engraving ability. | Classes: Rogue
211391	8	Other	Rune of Healing Rain	402265	Learning	Rune of Healing Rain | Binds when picked up | Unique | Use: Teaches you a new Engraving ability. | Classes: Shaman
211392	8	Other	Rune of Everlasting Affliction	402265	Learning	Rune of Everlasting Affliction | Binds when picked up | Unique | Use: Teaches you a new Engraving ability. | Classes: Warlock
211393	8	Other	Rune of Single-Minded Fury	402265	Learning	Rune of Single-Minded Fury | Binds when picked up | Unique | Use: Teaches you a new Engraving ability. | Classes: Warrior
211476	8	Other	Rune of Fires Wake	402265	Learning	Rune of Fires Wake | Binds when picked up | Unique | Use: Teaches you a new Engraving ability. | Classes: Warlock
211477	8	Other	Rune of Incinerate	402265	Learning	Rune of Incinerate | Binds when picked up | Unique | Use: Teaches you a new Engraving ability. | Classes: Warlock
211487	8	Other	Demolition Explosives	429732	Demolition Explosives	Demolition Explosives | Binds when picked up | Unique | Use: Place a bomb with a short fuse on the ground in front of you. | "Only seems useful for clearing out debris and rubble." || DESC: Place a bomb with a short fuse on the ground in front of you.
211488	8	Other	Rune of the Avenger	402265	Learning	Rune of the Avenger | Binds when picked up | Unique | Use: Teaches you a new Engraving ability. | Classes: Paladin
211490	8	Other	Prophecy of a Thousand Lights	410971	Learn Rune From Prophecy	Prophecy of a Thousand Lights | Binds when picked up | Unique | Use: Learn a new Engraving ability. | Use: Focus on the Prophecy to learn a new spell.  Requires a mind focused by meditating on two spiritual mysteries of Azeroth. | Classes: Priest
211514	8	Other	Spell Notes: Mass Regeneration	402265	Learning	Spell Notes: Mass Regeneration | Binds when picked up | Unique | Use: Teaches you a new Engraving ability. | Classes: Mage
211528	8	Other	Dark Insight	429972	Dark Insight	Dark Insight | Binds when picked up | Unique | Use: Consider at a certain secluded grave in Duskwood to receive a prophecy. | Classes: Priest || DESC: Consider at a certain secluded grave in Duskwood to receive a prophecy.
211530	8	Other	Prophecy of a City Enthralled	410971	Learn Rune From Prophecy	Prophecy of a City Enthralled | Binds when picked up | Unique | Use:  | Use: Focus on the Prophecy to learn a new spell.  Requires a mind focused by meditating on two spiritual mysteries of Azeroth. | Classes: Priest
211531	8	Other	Prophecy of Seven Visitors	410971	Learn Rune From Prophecy	Prophecy of Seven Visitors | Binds when picked up | Unique | Use:  | Use: Focus on the Prophecy to learn a new spell.  Requires a mind focused by meditating on two spiritual mysteries of Azeroth. | Classes: Priest
211534	8	Other	Primal Insight	430021	Primal Insight	Primal Insight | Binds when picked up | Unique | Use: Consider at a Thistlefur dreamcatcher high in the canopy to receive a prophecy. | Classes: Priest || DESC: Consider at a Thistlefur dreamcatcher high in the canopy to receive a prophecy.
211691	8	Other	Spell Notes: Arcane Blast	402265	Learning	Spell Notes: Arcane Blast | Binds when picked up | Unique | Use: Teaches you a new Engraving ability. | Classes: Mage
211780	4	Scrolls	Scroll: KWYJIBO	nil	nil	Scroll: KWYJIBO | Classes: Mage | Requires Comprehension (1) | "A Mage can decipher this with their Comprehension skill."
211784	4	Scrolls	Scroll: WUBBA WUBBA	nil	nil	Scroll: WUBBA WUBBA | Classes: Mage | Requires Comprehension (15) | "A Mage can decipher this with their Comprehension skill."
211785	4	Scrolls	Scroll: CWAL	nil	nil	Scroll: CWAL | Classes: Mage | Requires Comprehension (1) | "A Mage can decipher this with their Comprehension skill."
211786	4	Scrolls	Scroll: CHAP BALK WELLES	nil	nil	Scroll: CHAP BALK WELLES | Classes: Mage | Requires Comprehension (1) | "A Mage can decipher this with their Comprehension skill."
211787	4	Scrolls	Scroll: LOWER PING WHOMEVER	nil	nil	Scroll: LOWER PING WHOMEVER | Classes: Mage | Requires Comprehension (1) | "A Mage can decipher this with their Comprehension skill."
211800	8	Other	Scroll of Reintegration	430318	Reintegration	Scroll of Reintegration | Use: Brings a dead player back to life with 15% of their health and mana.  Cannot be used when in combat. (1 |4Sec:Sec; Cooldown) | Classes: Mage | Requires Level 12 || DESC: Brings a dead player back to life with 15% of their health and mana.  Cannot be used when in combat.
211815	8	Other	Silverwing Battle Hymn	430352	Ashenvale Rallying Cry	Silverwing Battle Hymn | Binds when picked up | Use: Increases all damage and healing done by 5% for 2 |4hour:hrs;. (1 |4Sec:Sec; Cooldown) | "A stirring arrangement to rally morale before battle." || DESC: Increases all damage and healing done by 5% for 2 |4hour:hrs;.
211816	8	Other	Warsong Battle Drum	430352	Ashenvale Rallying Cry	Warsong Battle Drum | Binds when picked up | Use: Increases all damage and healing done by 5% for 2 |4hour:hrs;. (1 |4Sec:Sec; Cooldown) | "Drums of war to prepare for battle." || DESC: Increases all damage and healing done by 5% for 2 |4hour:hrs;.
211853	4	Scrolls	Scroll: VOCE WELL	nil	nil	Scroll: VOCE WELL | Classes: Mage | Requires Comprehension (15) | "A Mage can decipher this with their Comprehension skill."
211854	4	Scrolls	Scroll: OMIT KESA	nil	nil	Scroll: OMIT KESA | Classes: Mage | Requires Comprehension (15) | "A Mage can decipher this with their Comprehension skill."
211855	4	Scrolls	Scroll: STHENIC LUNATE	nil	nil	Scroll: STHENIC LUNATE | Classes: Mage | Requires Comprehension (15) | "A Mage can decipher this with their Comprehension skill."
211953	8	Other	Scroll of Arcane Recovery I	430948	Arcane Recovery	Scroll of Arcane Recovery I | Binds when picked up | Use: Restores 8 mana per 5.2 sec. (1 |4Sec:Sec; Cooldown) | Classes: Mage | Requires Level 20 || DESC: Restores 8 mana per 5.2 sec.
211954	8	Other	Scroll of Arcane Accuracy I	430949	Arcane Accuracy	Scroll of Arcane Accuracy I | Binds when picked up | Use: Increases your chance to hit with spells by 1%.  (1 |4Sec:Sec; Cooldown) | Classes: Mage | Requires Level 20 || DESC: Increases your chance to hit with spells by 1%. 
211955	8	Other	Scroll of Arcane Protection - Fire I	430950	Arcane Protection - Fire	Scroll of Arcane Protection - Fire I | Binds when picked up | Use: Increases your fire resistance by 20 for 30 min.  (1 |4Sec:Sec; Cooldown) | Classes: Mage | Requires Level 20 || DESC: Increases your fire resistance by 20 for 30 min. 
211956	8	Other	Scroll of Arcane Protection - Frost I	430951	Arcane Protection - Frost	Scroll of Arcane Protection - Frost I | Binds when picked up | Use: Increases your frost resistance by 20 for 30 min.  (1 |4Sec:Sec; Cooldown) | Classes: Mage | Requires Level 20 || DESC: Increases your frost resistance by 20 for 30 min. 
211957	8	Other	Scroll of Arcane Power I	430952	Arcane Power	Scroll of Arcane Power I | Binds when picked up | Use: Improves your chance to get a critical strike with spells by 1.0%. (1 |4Sec:Sec; Cooldown) | Classes: Mage | Requires Level 20 || DESC: Improves your chance to get a critical strike with spells by 1.0%.
212160	8	Other	Chronoboon Displacer	1223679	Charging	Chronoboon Displacer | |cFFFFD0 0Season of Discovery|r | Use: Alters the fabric of time, suspending beneficial world effects from dragonslaying, Dire Maul, Zul'Gurub, and Felwood. || DESC: Alters the fabric of time, suspending beneficial world effects from dragonslaying, Dire Maul, Zul'Gurub, and Felwood.
212548	8	Other	Rune of Eclipse	402265	Learning	Rune of Eclipse | Binds when picked up | Unique | Use: Teaches you a new Engraving ability. | Classes: Druid
212549	8	Other	Rune of the Trapper	402265	Learning	Rune of the Trapper | Binds when picked up | Use: Teaches you a new Engraving ability. | Classes: Hunter
212550	8	Other	nil	nil	nil	
212551	8	Other	Rune of Warfare	402265	Learning	Rune of Warfare | Binds when picked up | Unique | Use: Teaches you a new Engraving ability. | Classes: Paladin
212552	8	Other	Psychosophic Epiphany	402265	Learning	Psychosophic Epiphany | Binds when picked up | Unique | Use: Teaches you a new Engraving ability. | Classes: Priest
212559	8	Other	Rune of the Poisoned Blade	402265	Learning	Rune of the Poisoned Blade | Binds when picked up | Unique | Use: Teaches you a new Engraving ability. | Classes: Rogue
212560	8	Other	Rune of Ancestral Awakening	402265	Learning	Rune of Ancestral Awakening | Binds when picked up | Unique | Use: Teaches you a new Engraving ability. | Classes: Shaman
212561	8	Other	Rune of Burning Darkness	402265	Learning	Rune of Burning Darkness | Binds when picked up | Unique | Use: Teaches you a new Engraving ability. | Classes: Warlock
212562	8	Other	Rune of Healing Rage	402265	Learning	Rune of Healing Rage | Binds when picked up | Unique | Use: Teaches you a new Engraving ability. | Classes: Warrior
212568	8	Other	Wolfshead Trophy	432190	Wolfshead Trophy	Wolfshead Trophy | Binds when picked up | Unique | Use: Permanently enchant a helm slot item, causing you to gain 20 energy or 5 rage when shapeshifting into Cat or Bear form. | Classes: Druid | Requires Level 40 || DESC: Permanently enchant a helm slot item, causing you to gain 20 energy or 5 rage when shapeshifting into Cat or Bear form.
213074	8	Other	Rune of Nourishing	402265	Learning	Rune of Nourishing | Binds when picked up | Unique | Use: Teaches you a new Engraving ability. | Classes: Druid
213086	8	Other	Rune of the Storm	402265	Learning	Rune of the Storm | Binds when picked up | Unique | Use: Teaches you a new Engraving ability. | Classes: Shaman
213090	8	Other	Rune of Synergy	402265	Learning	Rune of Synergy | Binds when picked up | Unique | Use: Teaches you a new Engraving ability. | Classes: Warlock
213092	8	Other	nil	nil	nil	
213093	8	Other	Rune of Power	402265	Learning	Rune of Power | Binds when picked up | Unique | Use: Teaches you a new Engraving ability. | Classes: Shaman
213094	8	Other	Rune of Fire Nova	402265	Learning	Rune of Fire Nova | Binds when picked up | Unique | Use: Teaches you a new Engraving ability. | Classes: Shaman
213095	8	Other	nil	nil	nil	
213096	8	Other	Rune of Decoys	402265	Learning	Rune of Decoys | Binds when picked up | Unique | Use: Teaches you a new Engraving ability. | Classes: Shaman
213098	8	Other	Rune of Invocation	402265	Learning	Rune of Invocation | Binds when picked up | Unique | Use: Teaches you a new Engraving ability. | Classes: Warlock
213100	8	Other	Rune of Forbidden Knowledge	402265	Learning	Rune of Forbidden Knowledge | Binds when picked up | Unique | Use: Teaches you a new Engraving ability. | Classes: Warlock
213101	8	Other	Rune of Shadowflames	402265	Learning	Rune of Shadowflames | Binds when picked up | Unique | Use: Teaches you a new Engraving ability. | Classes: Warlock
213102	8	Other	Rune of Wickedness	402265	Learning	Rune of Wickedness | Binds when picked up | Unique | Use: Teaches you a new Engraving ability. | Classes: Warlock
213103	8	Other	Rune of Blood Surge	402265	Learning	Rune of Blood Surge | Binds when picked up | Unique | Use: Teaches you a new Engraving ability. | Classes: Warrior
213104	8	Other	Rune of Ruthless Precision	402265	Learning	Rune of Ruthless Precision | Binds when picked up | Unique | Use: Teaches you a new Engraving ability. | Classes: Warrior
213109	8	Other	Rune of Focused Rage	402265	Learning	Rune of Focused Rage | Binds when picked up | Unique | Use: Teaches you a new Engraving ability. | Classes: Warrior
213110	8	Other	Rune of the Commander	402265	Learning	Rune of the Commander | Binds when picked up | Unique | Use: Teaches you a new Engraving ability. | Classes: Warrior
213111	8	Other	Rune of Intervention	402265	Learning	Rune of Intervention | Binds when picked up | Unique | Use: Teaches you a new Engraving ability. | Classes: Warrior
213112	8	Other	Spell Notes: Missile Barrage	402265	Learning	Spell Notes: Missile Barrage | Binds when picked up | Unique | Use: Teaches you a new Engraving ability. | Classes: Mage
213113	8	Other	nil	nil	nil	
213114	8	Other	nil	nil	nil	
213115	8	Other	nil	nil	nil	
213116	8	Other	nil	nil	nil	
213117	8	Other	Rune of Berserk	402265	Learning	Rune of Berserk | Binds when picked up | Unique | Use: Teaches you a new Engraving ability. | Classes: Druid
213118	8	Other	Rune of the Jungle King	402265	Learning	Rune of the Jungle King | Binds when picked up | Unique | Use: Teaches you a new Engraving ability. | Classes: Druid
213119	8	Other	Rune of Instinct	402265	Learning	Rune of Instinct | Binds when picked up | Unique | Use: Teaches you a new Engraving ability. | Classes: Druid
213120	8	Other	Rune of the Dreamer	402265	Learning	Rune of the Dreamer | Binds when picked up | Unique | Use: Teaches you a new Engraving ability. | Classes: Druid
213121	8	Other	DEPRECATED ITEM	434495	Reindeer Transformation	DEPRECATED ITEM | Use: Transforms your mount into something more festive. (1 |4Min:Min; Cooldown) | Requires Level 25 || DESC: Transforms your mount into something more festive.
213122	8	Other	Rune of Steady Shot	402265	Learning	Rune of Steady Shot | Binds when picked up | Use: Teaches you a new Engraving ability. | Classes: Hunter
213123	8	Other	Rune of Exposure	402265	Learning	Rune of Exposure | Binds when picked up | Use: Teaches you a new Engraving ability. | Classes: Hunter
213124	8	Other	Rune of Close Combat	402265	Learning	Rune of Close Combat | Binds when picked up | Use: Teaches you a new Engraving ability. | Classes: Hunter
213125	8	Other	Rune of Invigoration	402265	Learning	Rune of Invigoration | Binds when picked up | Use: Teaches you a new Engraving ability. | Classes: Hunter
213126	8	Other	Rune of the Scrapper	402265	Learning	Rune of the Scrapper | Binds when picked up | Use: Teaches you a new Engraving ability. | Classes: Hunter
213128	8	Other	Rune of Piety	402265	Learning	Rune of Piety | Binds when picked up | Unique | Use: Teaches you a new Engraving ability. | Classes: Paladin
213129	8	Other	Rune of Light's Embrace	402265	Learning	Rune of Light's Embrace | Binds when picked up | Unique | Use: Teaches you a new Engraving ability. | Classes: Paladin
213130	8	Other	Rune of Infusions	402265	Learning	Rune of Infusions | Binds when picked up | Unique | Use: Teaches you a new Engraving ability. | Classes: Paladin
213131	8	Other	Rune of Sacred Shields	402265	Learning	Rune of Sacred Shields | Binds when picked up | Unique | Use: Teaches you a new Engraving ability. | Classes: Paladin
213132	8	Other	Rune of the Guardian	402265	Learning	Rune of the Guardian | Binds when picked up | Unique | Use: Teaches you a new Engraving ability. | Classes: Paladin
213135	8	Other	nil	nil	nil	
213136	8	Other	Rune of Subtlety	402265	Learning	Rune of Subtlety | Binds when picked up | Unique | Use: Teaches you a new Engraving ability. | Classes: Rogue
213137	8	Other	Rune of the Assailant	402265	Learning	Rune of the Assailant | Binds when picked up | Unique | Use: Teaches you a new Engraving ability. | Classes: Rogue
213138	8	Other	Rune of the Southpaw	402265	Learning	Rune of the Southpaw | Binds when picked up | Unique | Use: Teaches you a new Engraving ability. | Classes: Rogue
213139	8	Other	Rune of the Assassin	402265	Learning	Rune of the Assassin | Binds when picked up | Unique | Use: Teaches you a new Engraving ability. | Classes: Rogue
213140	8	Other	Prophecy of the Quickened Path	410971	Learn Rune From Prophecy	Prophecy of the Quickened Path | Binds when picked up | Unique | Use:  | Use: Focus on the Prophecy to learn a new spell.  Requires a mind focused by meditating on two spiritual mysteries of Azeroth. | Classes: Priest
213141	8	Other	Rune of Hope	402265	Learning	Rune of Hope | Binds when picked up | Unique | Use: Teaches you a new Engraving ability. | Classes: Priest
213142	8	Other	Prophecy of Imprisoned Malice	410971	Learn Rune From Prophecy	Prophecy of Imprisoned Malice | Binds when picked up | Unique | Use:  | Use: Focus on the Prophecy to learn a new spell.  Requires a mind focused by meditating on two spiritual mysteries of Azeroth. | Classes: Priest
213143	8	Other	Apocryphal Epiphany	402265	Learning	Apocryphal Epiphany | Binds when picked up | Unique | Use: Learn a new Engraving ability. | Classes: Priest
213144	8	Other	Luminous Epiphany	402265	Learning	Luminous Epiphany | Binds when picked up | Unique | Use: Teaches you a new Engraving ability. | Classes: Priest
213407	8	Other	nil	nil	nil	
213426	8	Other	Ogre Lightning Rod	434350	Plant Lightning Rod	Ogre Lightning Rod | Binds when picked up | Unique | Use: Plant into Soft Soil. || DESC: Plant into Soft Soil.
213543	4	Scrolls	Scroll: UPDOG	nil	nil	Scroll: UPDOG | Classes: Mage | Requires Comprehension (50) | "A Mage can decipher this with their Comprehension skill."
213544	4	Scrolls	Scroll: TOPAZ YORAK	nil	nil	Scroll: TOPAZ YORAK | Classes: Mage | Requires Comprehension (50) | "A Mage can decipher this with their Comprehension skill."
213545	4	Scrolls	Scroll: PEATCHY ATTAX	nil	nil	Scroll: PEATCHY ATTAX | Classes: Mage | Requires Comprehension (50) | "A Mage can decipher this with their Comprehension skill."
213546	4	Scrolls	Scroll: SHOOBEEDOOP	nil	nil	Scroll: SHOOBEEDOOP | Classes: Mage | Requires Comprehension (50) | "A Mage can decipher this with their Comprehension skill."
213547	4	Scrolls	Scroll: THAW WORDS	nil	nil	Scroll: THAW WORDS | Classes: Mage | Requires Comprehension (50) | "A Mage can decipher this with their Comprehension skill."
213548	4	Scrolls	Scroll of Liminal Passage	434752	Liminal Passage	Scroll of Liminal Passage | Use: Teleport to a party member. Both you and the target must be resting at an inn or city. | Classes: Mage
213549	8	Other	Scroll of Arcane Angling	nil	nil	Scroll of Arcane Angling | Classes: Mage | Requires Level 12
213550	8	Other	Scroll of Polymorph: Odd Melon	434754	Polymorph	Scroll of Polymorph: Odd Melon | Binds when picked up | Use: Polymorph the target into an Odd Melon. (5 |4Sec:Sec; Cooldown) | Classes: Mage | Requires Level 16 || DESC: Polymorph the target into an Odd Melon.
213551	8	Other	Scroll of Controlled Displacement	nil	nil	Scroll of Controlled Displacement | Classes: Mage | Requires Level 12
213564	4	Scrolls	Scroll of Minor Evocation	434851	Minor Evocation	Scroll of Minor Evocation | Use: Restores mana. (8 |4Min:Min; Cooldown) | Classes: Mage
213599	8	Other	Unsettling Vision	435120	Learn Rune	Unsettling Vision | Binds when picked up | Unique | Use:  | Classes: Priest
215118	8	Other	nil	nil	nil	
215126	8	Other	UNUSED Flask of Merciless Pursuit	17628	Supreme Power	UNUSED Flask of Merciless Pursuit | Use: Increases damage done by magical spells and effects by up to 150 for 2 |4hour:hrs;. You can only have the effect of one flask at a time. This effect persists through death. | Requires Level 40
215162	8	Other	nil	nil	nil	
215257	4	Scrolls	Scroll of Comprehension	435563	Comprehension	Scroll of Comprehension | Use: Increases your Comprehension skill by 15 for 1 |4hour:hrs;. | Classes: Mage
216483	8	Other	Witherbark Mallet	436278	Strike Gong	Witherbark Mallet | Unique | Use: Strike the gong inside the Witherbark's den. || DESC: Strike the gong inside the Witherbark's den.
216491	8	Other	Shipment of Stranglethorn Lumber	nil	nil	Shipment of Stranglethorn Lumber | Binds when picked up | "A shipment of lumber from Stranglethorn Vale that can be of use to your faction in Arathi Highlands."
216606	8	Other	Rune of Two-Handed Mastery	402265	Learning	Rune of Two-Handed Mastery | Binds when picked up | Unique | Use: Teaches you a new Engraving ability. | Classes: Shaman
216609	8	Other	nil	nil	nil	
216619	8	Other	Student Fodder	436432	Trail Snack	Student Fodder | Binds when picked up | Use: Eat a handful and make up for lost time on the trail! | "Good ol' raisins and peanuts...and more!" || DESC: Eat a handful and make up for lost time on the trail!
216738	8	Other	nil	nil	nil	
216740	8	Other	nil	nil	nil	
216744	8	Other	nil	nil	nil	
216745	8	Other	nil	nil	nil	
216746	8	Other	nil	nil	nil	
216747	8	Other	nil	nil	nil	
216748	8	Other	Grimoire of Portal of Summoning	402265	Learning	Grimoire of Portal of Summoning | Binds when picked up | Unique | Use: Teaches you Portal of Summoning. | Classes: Warlock
216764	8	Other	nil	nil	nil	
216767	8	Other	nil	nil	nil	
216768	8	Other	nil	nil	nil	
216769	8	Other	nil	nil	nil	
216770	8	Other	nil	nil	nil	
216771	8	Other	nil	nil	nil	
216879	8	Other	Mysterious Troll Scroll	437707	Decipher Scroll	Mysterious Troll Scroll | Unique | Use: Decipher the scroll with a Comprehension Charm. Who knows what magic it contains? | Classes: Mage || DESC: Decipher the scroll with a Comprehension Charm. Who knows what magic it contains?
216880	8	Other	Deciphered Troll Scroll	nil	nil	Deciphered Troll Scroll | Unique | This Item Begins a Quest | Classes: Priest
217014	8	Other	Supply Bag	nil	nil	Supply Bag | Binds when picked up | Unique
217308	8	Other	Enchanted Sigil: Innovation	439155	Sigil of Innovation	Enchanted Sigil: Innovation | Binds when picked up | Unique (5) | Use: Gain an enchanted sigil of innovation, empowering you to deal up to 20 increased damage and healing with spells, and increasing attack power by 20 for 30 min. This can only be applied outside of combat.  (30 |4Min:Min; Cooldown) | Requires Level 40 | Requires Enchanting (225) || DESC: Gain an enchanted sigil of innovation, empowering you to deal up to 20 increased damage and healing with spells, and increasing attack power by 20 for 30 min. This can only be applied outside of combat. 
217345	8	Other	Sebacious Poison	439462	Sebacious Poison	Sebacious Poison | Use: Coats a weapon with poison that lasts for 30 minutes.  Each strike has a 30% chance of poisoning the enemy, reducing the enemy's armor by 1,700 for 15 sec.    Sebacious Poison benefits from the Improved Expose Armor talent. | Classes: Rogue | Requires Level 60 || DESC: Coats a weapon with poison that lasts for 30 minutes.  Each strike has a 30% chance of poisoning the enemy, reducing the enemy's armor by 1,700 for 15 sec.    Sebacious Poison benefits from the Improved Expose Armor talent.
217346	8	Other	Numbing Poison	439464	Numbing Poison	Numbing Poison | Use: Coats a weapon with poison that lasts for 30 minutes.  Each strike has a 30% chance of poisoning the enemy, increasing the time between the enemy's melee attacks by 20% for 15 sec. | Classes: Rogue | Requires Level 60 || DESC: Coats a weapon with poison that lasts for 30 minutes.  Each strike has a 30% chance of poisoning the enemy, increasing the time between the enemy's melee attacks by 20% for 15 sec.
217347	8	Other	Atrophic Poison	439465	Atrophic Poison	Atrophic Poison | Use: Coats a weapon with poison that lasts for 30 minutes.  Each strike has a 30% chance of poisoning the enemy, reducing the enemy's melee attack power by 205 for 15 sec. | Classes: Rogue | Requires Level 60 || DESC: Coats a weapon with poison that lasts for 30 minutes.  Each strike has a 30% chance of poisoning the enemy, reducing the enemy's melee attack power by 205 for 15 sec.
217398	2	Elixirs	Lesser Arcane Elixir	439959	Lesser Arcane Elixir	Lesser Arcane Elixir | Use: Increases spell damage by up to 14 for 30 min. | Requires Level 28
217495	4	Scrolls	Scroll of Cryoblast	440212	Cryoblast	Scroll of Cryoblast | Use: Inflicts 186 to 252 Frost damage in a 5 yard radius. | Classes: Mage | Requires Level 16
217496	8	Other	Scroll of the Blade	1302286	Imbue Blade	Scroll of the Blade | Binds when picked up | Use: Use on Hypnotic Blade to create a powerful weapon. | Classes: Mage || DESC: Use on Hypnotic Blade to create a powerful weapon.
217693	8	Other	Invisibility Potion	440505	Invisibility	Invisibility Potion | Quest Item | Use: Gives the imbiber invisibility for 30 sec. (2 |4Min:Min; Cooldown) || DESC: Gives the imbiber invisibility for 30 sec.
217716	8	Other	nil	nil	nil	
217736	8	Other	Rune of the Coterie	402265	Learning	Rune of the Coterie | Binds when picked up | Unique | Use: Teaches you a new Engraving ability. | Classes: Rogue
218117	8	Other	nil	nil	nil	
219147	8	Other	Rune of Grace	402265	Learning	Rune of Grace | Binds when picked up | Unique | Use: Teaches you a new Engraving ability. | Classes: Paladin
220164	8	Other	Rune of the Gladiator	402265	Learning	Rune of the Gladiator | Binds when picked up | Unique | Use: Teaches you a new Engraving ability. | Classes: Warrior
220165	8	Other	Rune of Wrath	402265	Learning	Rune of Wrath | Binds when picked up | Unique | Use: Teaches you a new Engraving ability. | Classes: Paladin
220217	8	Other	Rune of the Ravenous	402265	Learning	Rune of the Ravenous | Binds when picked up | Use: Teaches you a new Engraving ability. | Classes: Hunter
220360	8	Other	Rune of Efflorescence	402265	Learning	Rune of Efflorescence | Binds when picked up | Unique | Use: Teaches you a new Engraving ability. | Classes: Druid
220446	8	Other	Otherworldly Treasure	nil	nil	Otherworldly Treasure | Binds when picked up
220610	8	Other	Rune of Mental Dexterity	402265	Learning	Rune of Mental Dexterity | Binds when picked up | Unique | Use: Teaches you a new Engraving ability. | Classes: Shaman
220612	8	Other	Rune of Tidal Waves	402265	Learning	Rune of Tidal Waves | Binds when picked up | Unique | Use: Teaches you a new Engraving ability. | Classes: Shaman
220613	8	Other	Rune of Rolling Thunder	402265	Learning	Rune of Rolling Thunder | Binds when picked up | Unique | Use: Teaches you a new Engraving ability. | Classes: Shaman
220614	8	Other	Rune of Static Shock	402265	Learning	Rune of Static Shock | Binds when picked up | Unique | Use: Teaches you a new Engraving ability. | Classes: Shaman
220616	8	Other	Rune of Overcharged	402265	Learning	Rune of Overcharged | Binds when picked up | Unique | Use: Teaches you a new Engraving ability. | Classes: Shaman
220617	8	Other	Rune of Pandemic	402265	Learning	Rune of Pandemic | Binds when picked up | Unique | Use: Teaches you a new Engraving ability. | Classes: Warlock
220618	8	Other	Rune of Immolation Aura	402265	Learning	Rune of Immolation Aura | Binds when picked up | Unique | Use: Teaches you a new Engraving ability. | Classes: Warlock
220682	8	Other	Rune of the Unbridled	402265	Learning	Rune of the Unbridled | Binds when picked up | Unique | Use: Teaches you a new Engraving ability. | Classes: Warrior
220687	8	Other	Rune of the Raptor	402265	Learning	Rune of the Raptor | Binds when picked up | Use: Teaches you a new Engraving ability. | Classes: Hunter
220754	8	Other	Rune of the Windstorm	402265	Learning	Rune of the Windstorm | Binds when picked up | Unique | Use: Teaches you a new Engraving ability. | Classes: Druid
220791	8	Other	Rune of the Jungle Cat	402265	Learning	Rune of the Jungle Cat | Binds when picked up | Use: Teaches you a new Engraving ability. | Classes: Hunter
220792	8	Other	Scroll of Spatial Mending	448381	Close Fel Portal	Scroll of Spatial Mending | Use: Close a targeted Fel portal. May draw unwanted attention from the other side.
220913	8	Other	Rune of Demolition	402265	Learning	Rune of Demolition | Binds when picked up | Unique | Use: Teaches you a new Engraving ability. | Classes: Warrior
221020	8	Other	Rune of the Moon Goddess	402265	Learning	Rune of the Moon Goddess | Binds when picked up | Unique | Use: Teaches you a new Engraving ability. | Classes: Druid
221024	8	Other	nil	nil	nil	
221028	8	Other	nil	nil	nil	
221030	8	Other	nil	nil	nil	
221196	8	Other	nil	nil	nil	
221199	8	Other	Satyrweed Tincture	447475	Satyrweed Tincture	Satyrweed Tincture | Binds when picked up | Unique | Use: Cure a creature of Satyr corruption. || DESC: Cure a creature of Satyr corruption.
221267	8	Other	Rune of the Bloodthirsty	402265	Learning	Rune of the Bloodthirsty | Binds when picked up | Unique | Use: Teaches you a new Engraving ability. | Classes: Warrior
221311	8	Other	nil	nil	nil	
221317	8	Other	Feralas Leycryst	446454	Channel Leycrysts	Feralas Leycryst | Binds when picked up | Unique | Use: Use 4 leycrysts to attune with Azeroth and learn a new ability. || DESC: Use 4 leycrysts to attune with Azeroth and learn a new ability.
221318	8	Other	Azshara Leycryst	446454	Channel Leycrysts	Azshara Leycryst | Binds when picked up | Unique | Use: Use 4 leycrysts to attune with Azeroth and learn a new ability. || DESC: Use 4 leycrysts to attune with Azeroth and learn a new ability.
221319	8	Other	Blackrock Leycryst	446454	Channel Leycrysts	Blackrock Leycryst | Binds when picked up | Unique | Use: Use 4 leycrysts to attune with Azeroth and learn a new ability. || DESC: Use 4 leycrysts to attune with Azeroth and learn a new ability.
221320	8	Other	Hinterlands Leycryst	446454	Channel Leycrysts	Hinterlands Leycryst | Binds when picked up | Unique | Use: Use 4 leycrysts to attune with Azeroth and learn a new ability. || DESC: Use 4 leycrysts to attune with Azeroth and learn a new ability.
221418	8	Other	Agamaggan's Roar	446704	Agamaggan's Roar	Agamaggan's Roar | Binds when picked up | Unique | Use: Catch the attention of a Delirious Ancient, drawing it into combat. (5 |4Sec:Sec; Cooldown) || DESC: Catch the attention of a Delirious Ancient, drawing it into combat.
221428	8	Other	Rune of Foul Play	402265	Learning	Rune of Foul Play | Binds when picked up | Unique | Use: Teaches you a new Engraving ability. | Classes: Rogue
221433	8	Other	Rune of Focus	402265	Learning	Rune of Focus | Binds when picked up | Unique | Use: Teaches you a new Engraving ability. | Classes: Rogue
221444	8	Other	nil	nil	nil	
221445	8	Other	Rune of Focused Fire	402265	Learning	Rune of Focused Fire | Binds when picked up | Use: Teaches you a new Engraving ability. | Classes: Hunter
221461	8	Other	Rune of Carnage	402265	Learning	Rune of Carnage | Binds when picked up | Unique | Use: Teaches you a new Engraving ability. | Classes: Rogue
221473	8	Other	Rune of the Watchman	402265	Learning	Rune of the Watchman | Binds when picked up | Unique | Use: Teaches you a new Engraving ability. | Classes: Warrior
221480	8	Other	Spell Notes: Molten Armor	402265	Learning	Spell Notes: Molten Armor | Binds when picked up | Unique | Use: Teaches you a new Engraving ability. | Classes: Mage
221481	8	Other	Nihilist Epiphany	402265	Learning	Nihilist Epiphany | Binds when picked up | Unique | Use: Teaches you a new Engraving ability. | Classes: Priest
221482	8	Other	Rune of Affliction	402265	Learning	Rune of Affliction | Binds when picked up | Unique | Use: Teaches you a new Engraving ability. | Classes: Warlock
221483	8	Other	Rune of Burn	402265	Learning	Rune of Burn | Binds when picked up | Unique | Use: Teaches you a new Engraving ability. | Classes: Shaman
221487	8	Other	Spell Notes: Advanced Warding	402265	Learning	Spell Notes: Advanced Warding | Binds when picked up | Unique | Use: Teaches you a new Engraving ability. | Classes: Mage
221488	8	Other	Resolute Epiphany	402265	Learning	Resolute Epiphany | Binds when picked up | Unique | Use: Teaches you a new Engraving ability. | Classes: Priest
221489	8	Other	Rune of Vengeance	402265	Learning	Rune of Vengeance | Binds when picked up | Unique | Use: Teaches you a new Engraving ability. | Classes: Warlock
221490	8	Other	Rune of Riptide	402265	Learning	Rune of Riptide | Binds when picked up | Unique | Use: Teaches you a new Engraving ability. | Classes: Shaman
221491	8	Other	Shadowtooth Bag	nil	nil	Shadowtooth Bag | Binds when picked up | "Contains a random Darkmoon card."
221499	8	Other	Rune of the Felguard	402265	Learning	Rune of the Felguard | Binds when picked up | Unique | Use: Teaches you a new Engraving ability. | Classes: Warlock
221510	8	Other	Rune of the Knight	402265	Learning	Rune of the Knight | Binds when picked up | Unique | Use: Teaches you a new Engraving ability. | Classes: Warrior
221511	8	Other	Rune of the Protector	402265	Learning	Rune of the Protector | Binds when picked up | Unique | Use: Teaches you a new Engraving ability. | Classes: Warrior
221512	8	Other	Rune of Alacrity	402265	Learning	Rune of Alacrity | Binds when picked up | Unique | Use: Teaches you a new Engraving ability. | Classes: Rogue
221513	8	Other	Rune of Potency	402265	Learning	Rune of Potency | Binds when picked up | Unique | Use: Teaches you a new Engraving ability. | Classes: Rogue
221514	8	Other	Rune of Firepower	402265	Learning	Rune of Firepower | Binds when picked up | Use: Teaches you a new Engraving ability. | Classes: Hunter
221515	8	Other	Rune of Detonation	402265	Learning	Rune of Detonation | Binds when picked up | Unique | Use: Teaches you a new Engraving ability. | Classes: Hunter
221516	8	Other	Rune of Primal Energy	402265	Learning	Rune of Primal Energy | Binds when picked up | Unique | Use: Teaches you a new Engraving ability. | Classes: Druid
221517	8	Other	Rune of Bloodshed	402265	Learning	Rune of Bloodshed | Binds when picked up | Unique | Use: Teaches you a new Engraving ability. | Classes: Druid
221979	8	Other	Prophecy of Verdant Winter	410971	Learn Rune From Prophecy	Prophecy of Verdant Winter | Binds when picked up | Unique | Use:  | Use: Focus on the Prophecy to learn a new spell.  Requires a mind focused by meditating on two spiritual mysteries of Azeroth. | Classes: Priest
221980	8	Other	Prophecy of Awakened Chaos	410971	Learn Rune From Prophecy	Prophecy of Awakened Chaos | Binds when picked up | Unique | Use:  | Use: Focus on the Prophecy to learn a new spell.  Requires a mind focused by meditating on two spiritual mysteries of Azeroth. | Classes: Priest
221981	8	Other	Prophecy of the Lost Tribe	410971	Learn Rune From Prophecy	Prophecy of the Lost Tribe | Binds when picked up | Unique | Use:  | Use: Focus on the Prophecy to learn a new spell.  Requires a mind focused by meditating on two spiritual mysteries of Azeroth. | Classes: Priest
222952	8	Other	nil	nil	nil	
222962	8	Other	Hyjal's Wisdom	448149	Hyjal's Wisdom	Hyjal's Wisdom | Binds when picked up | Unique | Use: Learn a new Engraving ability. || DESC: Learn a new Engraving ability.
223147	8	Other	Spell Notes: Balefire Bolt	402265	Learning	Spell Notes: Balefire Bolt | Binds when picked up | Unique | Use: Teaches you a new Engraving ability. | Classes: Mage
223148	8	Other	Otherworldly Treasure	nil	nil	Otherworldly Treasure | Binds when picked up
223149	8	Other	Otherworldly Treasure	nil	nil	Otherworldly Treasure | Binds when picked up
223150	8	Other	Otherworldly Treasure	nil	nil	Otherworldly Treasure | Binds when picked up
223151	8	Other	Otherworldly Treasure	nil	nil	Otherworldly Treasure | Binds when picked up
223168	8	Other	Worldcore Fragment	448627	Attune Leyline	Worldcore Fragment | Use: Attempt to attune to a targeted Leyline Conflux.
223171	8	Other	Scroll of Geomancy	448627	Attune Leyline	Scroll of Geomancy | Binds when picked up | Use: Attempt to attune to a targeted Leyline Conflux. | Classes: Mage
223288	8	Other	Rune of the Hammer	402265	Learning	Rune of the Hammer | Binds when picked up | Unique | Use: Teaches you a new Engraving ability. | Classes: Paladin
223485	8	Other	nil	nil	nil	
223912	8	Other	Purification Potion	450105	Purification	Purification Potion | Binds when picked up | Unique (5) | Use: Attempts to remove one Curse, one Disease and one Poison from the Imbiber. | Requires Level 25 || DESC: Attempts to remove one Curse, one Disease and one Poison from the Imbiber.
223913	8	Other	Major Healing Potion	450106	Healing Potion	Major Healing Potion | Binds when picked up | Unique (5) | Use: Restores 1,350 to 1,650 health. | Requires Level 40 || DESC: Restores 1,350 to 1,650 health.
223914	8	Other	Greater Healing Potion	450107	Healing Potion	Greater Healing Potion | Binds when picked up | Unique (5) | Use: Restores 585 to 715 health. | Requires Level 20 || DESC: Restores 585 to 715 health.
224806	8	Other	Legion Portal Tuner	454017	Redirect Portal	Legion Portal Tuner | Use: Connect a Fel Scar or Rift to a world deep in Legion space. May have unpredictable and dangerous effects. | 5 |4Charge:Charges;
224836	8	Other	Otherworldly Treasure	nil	nil	Otherworldly Treasure | Binds when picked up
224848	8	Other	Otherworldly Treasure	nil	nil	Otherworldly Treasure | Binds when picked up
224849	8	Other	Otherworldly Treasure	nil	nil	Otherworldly Treasure | Binds when picked up
224850	8	Other	Otherworldly Treasure	nil	nil	Otherworldly Treasure | Binds when picked up
224851	8	Other	Otherworldly Treasure	nil	nil	Otherworldly Treasure | Binds when picked up
224893	8	Other	Overcharged Portal Tuner	454466	Redirect Portal	Overcharged Portal Tuner | Use: Connect a Fel Scar or Rift to a world deep in Legion space. May have unpredictable and dangerous effects. | 2 |4Charge:Charges;
224912	8	Other	Portal Tuner Tuner	454469	Overcharge	Portal Tuner Tuner | Use: Overcharge a Legion Portal Tuner.
225686	8	Other	Rune of Decimation	402265	Learning	Rune of Decimation | Binds when picked up | Unique | Use: Teaches you a new Engraving ability. | Classes: Warlock
225687	8	Other	Rune of Infernal Armor	402265	Learning	Rune of Infernal Armor | Binds when picked up | Unique | Use: Teaches you a new Engraving ability. | Classes: Warlock
225688	8	Other	Rune of Mark of Chaos	402265	Learning	Rune of Mark of Chaos | Binds when picked up | Unique | Use: Teaches you a new Engraving ability. | Classes: Warlock
225689	8	Other	Spell Notes: Arcane Barrage	402265	Learning	Spell Notes: Arcane Barrage | Binds when picked up | Unique | Use: Teaches you a new Engraving ability. | Classes: Mage
225690	8	Other	Spell Notes: Frozen Orb	402265	Learning	Spell Notes: Frozen Orb | Binds when picked up | Unique | Use: Teaches you a new Engraving ability. | Classes: Mage
225691	8	Other	Spell Notes: Overheat	402265	Learning	Spell Notes: Overheat | Binds when picked up | Unique | Use: Teaches you a new Engraving ability. | Classes: Mage
225740	8	Other	Rune of Composure	402265	Learning	Rune of Composure | Binds when picked up | Unique | Use: Teaches you a new Engraving ability. | Classes: Shaman
225914	8	Other	Rune of the Bound Spirit	402265	Learning	Rune of the Bound Spirit | Binds when picked up | Unique | Use: Teaches you a new Engraving ability. | Classes: Shaman
225955	8	Other	Rune of the Resourceful	402265	Learning	Rune of the Resourceful | Binds when picked up | Unique | Use: Teaches you a new Engraving ability. | Classes: Hunter
226252	8	Other	Rune of the Guerrilla	402265	Learning	Rune of the Guerrilla | Binds when picked up | Unique | Use: Teaches you a new Engraving ability. | Classes: Hunter
226374	8	Other	Occult Poison I	458821	Occult Poison I	Occult Poison I | Use: Coats a weapon with poison that lasts for 30 minutes. Each strike has a 30% chance of poisoning the enemy for 110 Nature damage over 12 sec and causing the enemy to take 4% increased Arcane, Fire, Frost, Nature, and Shadow damage.  Stacks up to 5 times on a single target.    Occult Poison counts as Deadly Poison and benefits from all talents and effects that trigger from or modify Deadly Poison.   | Classes: Rogue | Requires Level 54 || DESC: Coats a weapon with poison that lasts for 30 minutes. Each strike has a 30% chance of poisoning the enemy for 110 Nature damage over 12 sec and causing the enemy to take 4% increased Arcane, Fire, Frost, Nature, and Shadow damage.  Stacks up to 5 times on a single target.    Occult Poison counts as Deadly Poison and benefits from all talents and effects that trigger from or modify Deadly Poison.  
226394	8	Other	nil	nil	nil	
226395	8	Other	nil	nil	nil	
226396	8	Other	nil	nil	nil	
226397	8	Other	nil	nil	nil	
226398	8	Other	nil	nil	nil	
226399	8	Other	nil	nil	nil	
226400	8	Other	nil	nil	nil	
226401	8	Other	nil	nil	nil	
226402	8	Other	nil	nil	nil	
226403	8	Other	nil	nil	nil	
226406	8	Other	Rune of Sword Specialization	402265	Learning	Rune of Sword Specialization | Binds when picked up | Unique | Use: Teaches you a new Engraving ability. | Classes: Warrior, Paladin, Hunter, Rogue, Mage, Warlock
226407	8	Other	Rune of Axe Specialization	402265	Learning	Rune of Axe Specialization | Binds when picked up | Unique | Use: Teaches you a new Engraving ability. | Classes: Warrior, Paladin, Hunter, Shaman
226408	8	Other	Rune of Mace Specialization	402265	Learning	Rune of Mace Specialization | Binds when picked up | Unique | Use: Teaches you a new Engraving ability. | Classes: Warrior, Paladin, Rogue, Priest, Shaman, Druid
226409	8	Other	Rune of Dagger Specialization	402265	Learning	Rune of Dagger Specialization | Binds when picked up | Unique | Use: Teaches you a new Engraving ability. | Classes: Warrior, Hunter, Rogue, Priest, Shaman, Mage, Warlock, Druid
226410	8	Other	Rune of Ranged Weapon Specialization	402265	Learning	Rune of Ranged Weapon Specialization | Binds when picked up | Unique | Use: Teaches you a new Engraving ability. | Classes: Warrior, Hunter, Rogue
226411	8	Other	Rune of Fist Weapon Specialization	402265	Learning	Rune of Fist Weapon Specialization | Binds when picked up | Unique | Use: Teaches you a new Engraving ability. | Classes: Warrior, Hunter, Rogue, Shaman, Druid
226412	8	Other	Rune of Pole Weapon Specialization	402265	Learning	Rune of Pole Weapon Specialization | Binds when picked up | Unique | Use: Teaches you a new Engraving ability. | Classes: Warrior, Paladin, Hunter, Priest, Shaman, Mage, Warlock, Druid
226413	8	Other	Rune of Arcane Specialization	402265	Learning	Rune of Arcane Specialization | Binds when picked up | Unique | Use: Teaches you a new Engraving ability. | Classes: Hunter, Mage, Druid
226414	8	Other	Rune of Fire Specialization	402265	Learning	Rune of Fire Specialization | Binds when picked up | Unique | Use: Teaches you a new Engraving ability. | Classes: Hunter, Shaman, Mage, Warlock
226415	8	Other	Rune of Frost Specialization	402265	Learning	Rune of Frost Specialization | Binds when picked up | Unique | Use: Teaches you a new Engraving ability. | Classes: Hunter, Shaman, Mage
226416	8	Other	Rune of Nature Specialization	402265	Learning	Rune of Nature Specialization | Binds when picked up | Unique | Use: Teaches you a new Engraving ability. | Classes: Hunter, Rogue, Shaman, Druid
226417	8	Other	Rune of Shadow Specialization	402265	Learning	Rune of Shadow Specialization | Binds when picked up | Unique | Use: Teaches you a new Engraving ability. | Classes: Priest, Warlock
226418	8	Other	Rune of Holy Specialization	402265	Learning	Rune of Holy Specialization | Binds when picked up | Unique | Use: Teaches you a new Engraving ability. | Classes: Paladin, Priest
226419	8	Other	Rune of Feral Combat Specialization	402265	Learning	Rune of Feral Combat Specialization | Binds when picked up | Unique | Use: Teaches you a new Engraving ability. | Classes: Druid
226587	8	Other	Rune of Shelling	402265	Learning	Rune of Shelling | Binds when picked up | Unique | Use: Teaches you a new Engraving ability. | Classes: Hunter
226679	8	Other	Timeless Wanderer's Insights	402265	Learning	Timeless Wanderer's Insights | Binds when picked up | Unique | Use: Teaches you a new Engraving ability. | Classes: Warrior
226680	8	Other	Rune of the First Warrior	402265	Learning	Rune of the First Warrior | Binds when picked up | Unique | Use: Teaches you a new Engraving ability. | Classes: Warrior
226694	8	Other	Rune of Defense Specialization	402265	Learning	Rune of Defense Specialization | Binds to Account | Unique | Use: Teaches you a new Engraving ability. | Classes: Warrior, Paladin, Rogue, Shaman, Warlock, Druid
227286	8	Other	Warmed Rumsey Rum with Cream	460332	Warmed Rumsey with Cream	Warmed Rumsey Rum with Cream | Binds when picked up | Unique | Use: Increases Stamina by 15 for 45 min and gets you drunk to boot! | 2 |4Charge:Charges; || DESC: Increases Stamina by 15 for 45 min and gets you drunk to boot!
227456	8	Other	Rune of the Crimson Tempest	402265	Learning	Rune of the Crimson Tempest | Binds when picked up | Unique | Use: Teaches you a new Engraving ability. | Classes: Rogue
227746	8	Other	Rune of the World Tree	402265	Learning	Rune of the World Tree | Binds when picked up | Unique | Use: Teaches you a new Engraving ability. | Classes: Druid
227749	8	Other	Rune of the Falling Star	402265	Learning	Rune of the Falling Star | Binds when picked up | Unique | Use: Teaches you a new Engraving ability. | Classes: Druid
227796	8	Other	Mysterious 'Darnassian' Scroll	nil	nil	Mysterious 'Darnassian' Scroll | Binds when picked up | Unique | This Item Begins a Quest | "Weak magic emanates from the scroll. It seems to be pointing you towards something... or someone."
227797	8	Other	Mysterious 'Darnassian' Scroll	460928	Weak Healing Touch	Mysterious 'Darnassian' Scroll | Binds when picked up | Unique | "Weak magic emanates from the scroll. It seems to be pointing you towards something... or someone."
227813	8	Other	Drinkable Stratholme Holy Water	461632	Stratholme Holy Water	Drinkable Stratholme Holy Water | Use: Restores 6,363 mana over 30 sec.  Must remain seated while drinking. | Requires Level 55 | Requires Argent Dawn - Honored || DESC: Restores 6,363 mana over 30 sec.  Must remain seated while drinking.
227855	8	Other	nil	nil	nil	
227856	8	Other	nil	nil	nil	
227921	8	Other	Rune of Knives	402265	Learning	Rune of Knives | Binds when picked up | Unique | Use: Teaches you a new Engraving ability. | Classes: Rogue
227922	8	Other	Rune of the Swashbuckler	402265	Learning	Rune of the Swashbuckler | Binds when picked up | Unique | Use: Teaches you a new Engraving ability. | Classes: Rogue
227929	8	Other	nil	nil	nil	
227933	8	Other	nil	nil	nil	
228123	8	Other	Jubilant Epiphany	402265	Learning	Jubilant Epiphany | Binds when picked up | Unique | Use: Teaches you a new Engraving ability. | Classes: Priest
228124	8	Other	Oneiric Epiphany	402265	Learning	Oneiric Epiphany | Binds when picked up | Unique | Use: Teaches you a new Engraving ability. | Classes: Priest
228126	8	Other	Aperitive Epiphany	402265	Learning	Aperitive Epiphany | Binds when picked up | Unique | Use: Teaches you a new Engraving ability. | Classes: Priest
228222	8	Other	nil	nil	nil	
228227	8	Other	Scroll of Overwhelming Power	461520	[DNT] Power Overwhelming	Scroll of Overwhelming Power | Use: Grants the target a variety of world buff effects. (1 |4Min:Min; Cooldown) | "POWER OVERWHELMING (PTR Only)" || DESC: Grants the target a variety of world buff effects.
228238	8	Other	nil	nil	nil	
228615	8	Other	Otherworldly Treasure	nil	nil	Otherworldly Treasure | Binds when picked up
228797	8	Other	nil	nil	nil	
228978	8	Other	Enchanted Sigil: Flowing Waters	463864	Sigil of Flowing Waters	Enchanted Sigil: Flowing Waters | Binds when picked up | Use: Gain an enchanted sigil of Flowing Waters, empowering your raid to deal up to 30 increased damage and healing with spells, and increasing attack power by 30 for 1 |4hour:hrs;. (1 |4Min:Min; Cooldown) | Requires Level 60 | Requires Enchanting (290) || DESC: Gain an enchanted sigil of Flowing Waters, empowering your raid to deal up to 30 increased damage and healing with spells, and increasing attack power by 30 for 1 |4hour:hrs;.
228980	15	Temporary	Conductive Shield Coating	463868	Conductive Shield Coating	Conductive Shield Coating | Requires Level 40
229907	8	Other	nil	nil	nil	
231080	8	Other	nil	nil	nil	
231081	8	Other	nil	nil	nil	
231082	8	Other	nil	nil	nil	
231083	8	Other	nil	nil	nil	
231084	8	Other	nil	nil	nil	
231085	8	Other	nil	nil	nil	
231086	8	Other	nil	nil	nil	
231087	8	Other	nil	nil	nil	
231088	8	Other	nil	nil	nil	
231298	8	Other	Scroll of Lesser Spatial Mending	468211	Close Growing Fel Rift	Scroll of Lesser Spatial Mending | Binds when picked up | Use: Close a targeted small Fel portal. May draw unwanted attention from the other side. || DESC: Close a targeted small Fel portal. May draw unwanted attention from the other side.
231313	8	Other	nil	nil	nil	
231625	8	Other	nil	nil	nil	
231778	5	Food & Drink	Mountain Spring Water	468767	Drink	Mountain Spring Water | Conjured Item | Use: Restores 4,903 mana over 30 sec.  Must remain seated while drinking. | Requires Level 55
231780	8	Other	nil	nil	nil	
231828	8	Other	Rune of Meditation Specialization	402265	Learning	Rune of Meditation Specialization | Binds to Account | Unique | Use: Teaches you a new Engraving ability. | Classes: Paladin, Hunter, Priest, Shaman, Mage, Warlock, Druid
231829	8	Other	Rune of Healing Specialization	402265	Learning	Rune of Healing Specialization | Binds to Account | Unique | Use: Teaches you a new Engraving ability. | Classes: Paladin, Priest, Shaman, Mage, Druid
231836	8	Other	Glowing Scroll of Spatial Mending	469020	Close New Fel Portal	Glowing Scroll of Spatial Mending | Quest Item | Use: Close a targeted Fel portal. May draw unwanted attention from the other side. || DESC: Close a targeted Fel portal. May draw unwanted attention from the other side.
231843	8	Other	First Sigil Fragment	469128	Combine Sigil Fragments	First Sigil Fragment | Binds when picked up | Unique | Use: Combine with two other pieces to form the Sigil of the Keeper. || DESC: Combine with two other pieces to form the Sigil of the Keeper.
231844	8	Other	Second Sigil Fragment	469128	Combine Sigil Fragments	Second Sigil Fragment | Binds when picked up | Unique | Use: Combine with two other pieces to form the Sigil of the Keeper. || DESC: Combine with two other pieces to form the Sigil of the Keeper.
231845	8	Other	Third Sigil Fragment	469128	Combine Sigil Fragments	Third Sigil Fragment | Binds when picked up | Unique | Use: Combine with two other pieces to form the Sigil of the Keeper.
231891	8	Other	nil	nil	nil	
231914	8	Other	nil	nil	nil	
232343	8	Other	QAEnchant Shield - Law of Nature	469753	QAEnchant Shield Law of Nature	QAEnchant Shield - Law of Nature | Use: Permanently enchant a shield to give +2% chance to block.
232344	8	Other	Vick's VIP Pass	469777	Blackwing Lair Ahoy!	Vick's VIP Pass | Unique | Use: Attune yourself to Blackwing Lair! (30 |4Sec:Sec; Cooldown) | "For close personal friends of Lord Victor Nefarius only!" || DESC: Attune yourself to Blackwing Lair!
232433	8	Other	Dense Runecloth Bandage	470345	First Aid	Dense Runecloth Bandage | Use: Heals 3,400 damage over 8 sec. | Requires Level 50 | Requires First Aid (300) || DESC: Heals 3,400 damage over 8 sec.
232436	8	Other	Darkclaw Bisque	470362	Food	Darkclaw Bisque | Use: Restores 2,065 health over 30 sec.  Must remain seated while eating.  If you eat for 10 seconds will also increase your Spell Damage by 12 for 10 min. | Requires Level 45 || DESC: Restores 2,065 health over 30 sec.  Must remain seated while eating.  If you eat for 10 seconds will also increase your Spell Damage by 12 for 10 min.
232438	8	Other	Smoked Redgill	470369	Food	Smoked Redgill | Use: Restores 1,338 health over 30 sec.  Must remain seated while eating.  If you eat for 10 seconds will also increase your Healing done by 22 for 10 min. | Requires Level 35 || DESC: Restores 1,338 health over 30 sec.  Must remain seated while eating.  If you eat for 10 seconds will also increase your Healing done by 22 for 10 min.
232458	8	Other	Rune of Improved Sanctuary	402265	Learning	Rune of Improved Sanctuary | Binds when picked up | Unique | Use: Teaches you a new Engraving ability. | Classes: Paladin
232459	8	Other	Rune of Backdraft	402265	Learning	Rune of Backdraft | Binds when picked up | Unique | Use: Teaches you a new Engraving ability. | Classes: Warlock
232460	8	Other	Rune of Displacement	402265	Learning	Rune of Displacement | Binds when picked up | Unique | Use: Teaches you a new Engraving ability. | Classes: Mage
232461	8	Other	Rune of Despair	402265	Learning	Rune of Despair | Binds when picked up | Unique | Use: Teaches you a new Engraving ability. | Classes: Priest
232462	8	Other	Rune of Purifying Power	402265	Learning	Rune of Purifying Power | Binds when picked up | Unique | Use: Teaches you a new Engraving ability. | Classes: Paladin
232611	15	Temporary	Magnificent Trollshine	471401	Magnificent Trollshine	Magnificent Trollshine | Requires Level 45
233213	8	Other	nil	nil	nil	
233215	8	Other	nil	nil	nil	
233216	8	Other	nil	nil	nil	
233217	8	Other	Tunneler's Incense	473544	Sneaking	Tunneler's Incense | Binds when picked up | Use: Inhaling this incense causes you to fade into the shadows, allowing you to sneak around while inside Hive'Ashi, Hive'Regal, or Hive'Zora, but reduces your speed by 50%.  Lasts 1 min. | 10 |4Charge:Charges; | Requires Level 50 || DESC: Inhaling this incense causes you to fade into the shadows, allowing you to sneak around while inside Hive'Ashi, Hive'Regal, or Hive'Zora, but reduces your speed by 50%.  Lasts 1 min.
233226	8	Other	nil	nil	nil	
233802	8	Other	nil	nil	nil	
233803	8	Other	nil	nil	nil	
233962	8	Other	nil	nil	nil	
233964	8	Other	nil	nil	nil	
233965	8	Other	nil	nil	nil	
233966	8	Other	nil	nil	nil	
233967	8	Other	nil	nil	nil	
233968	8	Other	nil	nil	nil	
233969	8	Other	nil	nil	nil	
233977	8	Other	nil	nil	nil	
233995	8	Other	nil	nil	nil	
233996	15	Temporary	nil	nil	nil	
234124	8	Other	nil	nil	nil	
234444	8	Other	Occult Poison II	1214171	Occult Poison II	Occult Poison II | Use: Coats a weapon with poison that lasts for 30 minutes. Each strike has a 30% chance of poisoning the enemy for 138 Nature damage over 12 sec and causing the enemy to take 4% increased Arcane, Fire, Frost, Nature, and Shadow damage.  Stacks up to 5 times on a single target.    Occult Poison counts as Deadly Poison and benefits from all talents and effects that trigger from or modify Deadly Poison.   | Classes: Rogue | Requires Level 60 || DESC: Coats a weapon with poison that lasts for 30 minutes. Each strike has a 30% chance of poisoning the enemy for 138 Nature damage over 12 sec and causing the enemy to take 4% increased Arcane, Fire, Frost, Nature, and Shadow damage.  Stacks up to 5 times on a single target.    Occult Poison counts as Deadly Poison and benefits from all talents and effects that trigger from or modify Deadly Poison.  
235372	8	Other	nil	nil	nil	
235497	8	Other	nil	nil	nil	
235529	6	Permanent	nil	nil	nil	
235597	8	Other	Spell Notes: Deep Freeze	402265	Learning	Spell Notes: Deep Freeze | Binds when picked up | Unique | Use: Teaches you a new Engraving ability. | Classes: Mage
235598	8	Other	Spell Notes: Icy Veins	402265	Learning	Spell Notes: Icy Veins | Binds when picked up | Unique | Use: Teaches you a new Engraving ability. | Classes: Mage
235599	8	Other	Spell Notes: Temporal Anomaly	402265	Learning	Spell Notes: Temporal Anomaly | Binds when picked up | Unique | Use: Teaches you a new Engraving ability. | Classes: Mage
235600	8	Other	Rune of Divine Storm	402265	Learning	Rune of Divine Storm | Binds when picked up | Unique | Use: Teaches you a new Engraving ability. | Classes: Paladin
235601	8	Other	Rune of Fanaticism	402265	Learning	Rune of Fanaticism | Binds when picked up | Unique | Use: Teaches you a new Engraving ability. | Classes: Paladin
235602	8	Other	Rune of Hammer of the Righteous	402265	Learning	Rune of Hammer of the Righteous | Binds when picked up | Unique | Use: Teaches you a new Engraving ability. | Classes: Paladin
235603	8	Other	Rune of Righteous Vengeance	402265	Learning	Rune of Righteous Vengeance | Binds when picked up | Unique | Use: Teaches you a new Engraving ability. | Classes: Paladin
235604	8	Other	Rune of Shield of Righteousness	402265	Learning	Rune of Shield of Righteousness | Binds when picked up | Unique | Use: Teaches you a new Engraving ability. | Classes: Paladin
235605	8	Other	Rune of Shock and Awe	402265	Learning	Rune of Shock and Awe | Binds when picked up | Unique | Use: Teaches you a new Engraving ability. | Classes: Paladin
235825	8	Other	nil	nil	nil	
236417	8	Other	nil	nil	nil	
236418	8	Other	nil	nil	nil	
236419	8	Other	nil	nil	nil	
236420	8	Other	nil	nil	nil	
236421	8	Other	nil	nil	nil	
236422	8	Other	nil	nil	nil	
236423	8	Other	nil	nil	nil	
236424	8	Other	nil	nil	nil	
236425	8	Other	nil	nil	nil	
236426	8	Other	nil	nil	nil	
236427	8	Other	nil	nil	nil	
236428	8	Other	nil	nil	nil	
236429	8	Other	nil	nil	nil	
236430	8	Other	nil	nil	nil	
236431	8	Other	nil	nil	nil	
236432	8	Other	nil	nil	nil	
236433	8	Other	nil	nil	nil	
236434	8	Other	nil	nil	nil	
236435	8	Other	nil	nil	nil	
236436	8	Other	nil	nil	nil	
236437	8	Other	nil	nil	nil	
236438	8	Other	nil	nil	nil	
236439	8	Other	nil	nil	nil	
236440	8	Other	nil	nil	nil	
236441	8	Other	nil	nil	nil	
236442	8	Other	nil	nil	nil	
236443	8	Other	nil	nil	nil	
236444	8	Other	nil	nil	nil	
236445	8	Other	nil	nil	nil	
236446	8	Other	nil	nil	nil	
236447	8	Other	nil	nil	nil	
236448	8	Other	nil	nil	nil	
236449	8	Other	nil	nil	nil	
236450	8	Other	nil	nil	nil	
236451	8	Other	nil	nil	nil	
236452	8	Other	nil	nil	nil	
236453	8	Other	nil	nil	nil	
236454	8	Other	nil	nil	nil	
236455	8	Other	nil	nil	nil	
236456	8	Other	nil	nil	nil	
236457	8	Other	nil	nil	nil	
236458	8	Other	nil	nil	nil	
236459	8	Other	nil	nil	nil	
236460	8	Other	nil	nil	nil	
236461	8	Other	nil	nil	nil	
236462	8	Other	nil	nil	nil	
236463	8	Other	nil	nil	nil	
236464	8	Other	nil	nil	nil	
236465	8	Other	nil	nil	nil	
236466	8	Other	nil	nil	nil	
236467	8	Other	nil	nil	nil	
236468	8	Other	nil	nil	nil	
236469	8	Other	nil	nil	nil	
236470	8	Other	nil	nil	nil	
236471	8	Other	nil	nil	nil	
236472	8	Other	nil	nil	nil	
236473	8	Other	nil	nil	nil	
236474	8	Other	nil	nil	nil	
236475	8	Other	nil	nil	nil	
236476	8	Other	nil	nil	nil	
236477	8	Other	nil	nil	nil	
236478	8	Other	nil	nil	nil	
236479	8	Other	nil	nil	nil	
236480	8	Other	nil	nil	nil	
236481	8	Other	nil	nil	nil	
236482	8	Other	nil	nil	nil	
236483	8	Other	nil	nil	nil	
236484	8	Other	nil	nil	nil	
236485	8	Other	nil	nil	nil	
236486	8	Other	nil	nil	nil	
236487	8	Other	nil	nil	nil	
236488	8	Other	nil	nil	nil	
236489	8	Other	nil	nil	nil	
236490	8	Other	nil	nil	nil	
236491	8	Other	nil	nil	nil	
236492	8	Other	nil	nil	nil	
236493	8	Other	nil	nil	nil	
236494	8	Other	nil	nil	nil	
236495	8	Other	nil	nil	nil	
236496	8	Other	nil	nil	nil	
236497	8	Other	nil	nil	nil	
236498	8	Other	nil	nil	nil	
236499	8	Other	nil	nil	nil	
236500	8	Other	nil	nil	nil	
236501	8	Other	nil	nil	nil	
236502	8	Other	nil	nil	nil	
236503	8	Other	nil	nil	nil	
236504	8	Other	nil	nil	nil	
236505	8	Other	nil	nil	nil	
236506	8	Other	nil	nil	nil	
236507	8	Other	nil	nil	nil	
236508	8	Other	nil	nil	nil	
236509	8	Other	nil	nil	nil	
236510	8	Other	nil	nil	nil	
236511	8	Other	nil	nil	nil	
236512	8	Other	nil	nil	nil	
236513	8	Other	nil	nil	nil	
236514	8	Other	nil	nil	nil	
236515	8	Other	nil	nil	nil	
236516	8	Other	nil	nil	nil	
236517	8	Other	nil	nil	nil	
236518	8	Other	nil	nil	nil	
236519	8	Other	nil	nil	nil	
236520	8	Other	nil	nil	nil	
236521	8	Other	nil	nil	nil	
236522	8	Other	nil	nil	nil	
236523	8	Other	nil	nil	nil	
236524	8	Other	nil	nil	nil	
236525	8	Other	nil	nil	nil	
236526	8	Other	nil	nil	nil	
236527	8	Other	nil	nil	nil	
236528	8	Other	nil	nil	nil	
236529	8	Other	nil	nil	nil	
236530	8	Other	nil	nil	nil	
236531	8	Other	nil	nil	nil	
236532	8	Other	nil	nil	nil	
236533	8	Other	nil	nil	nil	
236534	8	Other	nil	nil	nil	
236535	8	Other	nil	nil	nil	
236536	8	Other	nil	nil	nil	
236537	8	Other	nil	nil	nil	
236538	8	Other	nil	nil	nil	
236539	8	Other	nil	nil	nil	
236540	8	Other	nil	nil	nil	
236541	8	Other	nil	nil	nil	
236542	8	Other	nil	nil	nil	
236543	8	Other	nil	nil	nil	
236544	8	Other	nil	nil	nil	
236545	8	Other	nil	nil	nil	
236546	8	Other	nil	nil	nil	
236547	8	Other	nil	nil	nil	
236548	8	Other	nil	nil	nil	
236549	8	Other	nil	nil	nil	
236550	8	Other	nil	nil	nil	
236551	8	Other	nil	nil	nil	
236552	8	Other	nil	nil	nil	
236553	8	Other	nil	nil	nil	
236554	8	Other	nil	nil	nil	
236555	8	Other	nil	nil	nil	
236556	8	Other	nil	nil	nil	
236557	8	Other	nil	nil	nil	
236558	8	Other	nil	nil	nil	
236559	8	Other	nil	nil	nil	
236560	8	Other	nil	nil	nil	
236561	8	Other	nil	nil	nil	
236562	8	Other	nil	nil	nil	
236563	8	Other	nil	nil	nil	
236564	8	Other	nil	nil	nil	
236565	8	Other	nil	nil	nil	
236566	8	Other	nil	nil	nil	
236567	8	Other	nil	nil	nil	
236568	8	Other	nil	nil	nil	
236569	8	Other	nil	nil	nil	
236570	8	Other	nil	nil	nil	
236571	8	Other	nil	nil	nil	
236572	8	Other	nil	nil	nil	
236573	8	Other	nil	nil	nil	
236574	8	Other	nil	nil	nil	
236575	8	Other	nil	nil	nil	
236576	8	Other	nil	nil	nil	
236577	8	Other	nil	nil	nil	
236578	8	Other	nil	nil	nil	
236579	8	Other	nil	nil	nil	
236580	8	Other	nil	nil	nil	
236581	8	Other	nil	nil	nil	
236582	8	Other	nil	nil	nil	
236583	8	Other	nil	nil	nil	
236584	8	Other	nil	nil	nil	
236585	8	Other	nil	nil	nil	
236586	8	Other	nil	nil	nil	
236587	8	Other	nil	nil	nil	
236588	8	Other	nil	nil	nil	
236589	8	Other	nil	nil	nil	
236590	8	Other	nil	nil	nil	
236591	8	Other	nil	nil	nil	
236592	8	Other	nil	nil	nil	
236593	8	Other	nil	nil	nil	
236594	8	Other	nil	nil	nil	
236595	8	Other	nil	nil	nil	
236596	8	Other	nil	nil	nil	
236597	8	Other	nil	nil	nil	
236598	8	Other	nil	nil	nil	
236599	8	Other	nil	nil	nil	
236600	8	Other	nil	nil	nil	
236601	8	Other	nil	nil	nil	
236602	8	Other	nil	nil	nil	
236603	8	Other	nil	nil	nil	
236604	8	Other	nil	nil	nil	
236605	8	Other	nil	nil	nil	
236606	8	Other	nil	nil	nil	
236607	8	Other	nil	nil	nil	
236608	8	Other	nil	nil	nil	
236609	8	Other	nil	nil	nil	
236610	8	Other	nil	nil	nil	
236611	8	Other	nil	nil	nil	
236612	8	Other	nil	nil	nil	
236613	8	Other	nil	nil	nil	
236614	8	Other	nil	nil	nil	
236615	8	Other	nil	nil	nil	
236616	8	Other	nil	nil	nil	
236617	8	Other	nil	nil	nil	
236618	8	Other	nil	nil	nil	
236619	8	Other	nil	nil	nil	
236620	8	Other	nil	nil	nil	
236621	8	Other	nil	nil	nil	
236622	8	Other	nil	nil	nil	
236623	8	Other	nil	nil	nil	
237023	8	Other	Pop-Up Shrub	1221337	Pop-Up Shrub	Pop-Up Shrub | Use: Deploy an emergency hiding spot. Most enemies will be less likely to notice you while you stand near it. Observant foes may not be so easily fooled.    Cannot be cast in combat. | Requires Level 10 || DESC: Deploy an emergency hiding spot. Most enemies will be less likely to notice you while you stand near it. Observant foes may not be so easily fooled.    Cannot be cast in combat.
237263	8	Other	Supply Bag	nil	nil	Supply Bag | Binds when picked up | Unique
238504	5	Food & Drink	nil	nil	nil	
238505	5	Food & Drink	nil	nil	nil	
238506	5	Food & Drink	nil	nil	nil	
238637	8	Other	Prowler Steak	1225769	Food	Prowler Steak | Use: Restores 2,451 health over 30 sec.  Must remain seated while eating. If you spend at least 10 sec eating you will become Well Fed and gain 25 Strength and 10 Stamina for 15 min. | Requires Level 55 || DESC: Restores 2,451 health over 30 sec.  Must remain seated while eating. If you spend at least 10 sec eating you will become Well Fed and gain 25 Strength and 10 Stamina for 15 min.
238638	5	Food & Drink	Filet o' Flank	1225771	Food	Filet o' Flank | Use: Restores 2,451 health over 30 sec.  Must remain seated while eating. If you spend at least 10 sec eating you will become Well Fed and gain 25 Agility and 10 Stamina for 15 min. | Requires Level 55
238639	8	Other	Sunrise Omelette	1225772	Food	Sunrise Omelette | Use: Restores 2,451 health over 30 sec.  Must remain seated while eating. If you spend at least 10 sec eating you will become Well Fed and gain 25 Spell Damage, 55 Healing Power, and 10 Stamina for 15 min. | Requires Level 55 || DESC: Restores 2,451 health over 30 sec.  Must remain seated while eating. If you spend at least 10 sec eating you will become Well Fed and gain 25 Spell Damage, 55 Healing Power, and 10 Stamina for 15 min.
238640	8	Other	nil	nil	nil	
238641	8	Other	Specklefin Feast	1225906	Specklefin Feast	Specklefin Feast | Use: Serve a delicious feast that lasts for 3 min and serves up to 40 players.    |T134062:24|t |cffffffffFood|r  Restores 2,451 health over 30 sec.  Must remain seated while eating. If you spend at least 10 sec eating you will become Well Fed and gain 20 Attack Power, 23 Spell Damage, 44 Healing Power, and 10 Stamina for 45 min. (5 |4Min:Min; Cooldown) | Requires Level 55 || DESC: Serve a delicious feast that lasts for 3 min and serves up to 40 players.    |T134062:24|t |cffffffffFood|r  Restores 2,451 health over 30 sec.  Must remain seated while eating. If you spend at least 10 sec eating you will become Well Fed and gain 20 Attack Power, 23 Spell Damage, 44 Healing Power, and 10 Stamina for 45 min.
238642	8	Other	Grand Lobster Banquet	1225907	Grand Lobster Banquet	Grand Lobster Banquet | Use: Serve a delicious feast that lasts for 3 min and serves up to 40 players.    |T134062:24|t |cffffffffFood|r  Restores 2,451 health over 30 sec.  Must remain seated while eating. If you spend at least 10 sec eating you will become Well Fed and gain 20 Attack Power, 23 Spell Damage, 44 Healing Power, and 10 Stamina for 45 min. (5 |4Min:Min; Cooldown) | Requires Level 55 || DESC: Serve a delicious feast that lasts for 3 min and serves up to 40 players.    |T134062:24|t |cffffffffFood|r  Restores 2,451 health over 30 sec.  Must remain seated while eating. If you spend at least 10 sec eating you will become Well Fed and gain 20 Attack Power, 23 Spell Damage, 44 Healing Power, and 10 Stamina for 45 min.
238681	8	Other	Dusty Bag	nil	nil	Dusty Bag | Binds when picked up | Requires Level 60
238725	8	Other	nil	nil	nil	
238734	8	Other	Tinkerbox: Teleport	1225951	Tinker: Teleport	Tinkerbox: Teleport | Use: Teleport forward 20 yds. (3 |4Min:Min; Cooldown) | Requires Level 45 || DESC: Teleport forward 20 yds.
238735	8	Other	Tinkerbox: Nitro Boosts	1225982	Tinker: Nitro Boosts	Tinkerbox: Nitro Boosts | Use: Activate a set of jets to increase your movement speed by up to 160%, for up to 8 sec. (3 |4Min:Min; Cooldown) | Requires Level 45 || DESC: Activate a set of jets to increase your movement speed by up to 160%, for up to 8 sec.
238736	8	Other	Tinkerbox: Magnetic Displacement	1226001	Tinker: Magnetic Displacement	Tinkerbox: Magnetic Displacement | Use: Disrupt a magnetic field between you and your nearby enemy target, knocking you both away.    Can only affect targets up to 2 levels higher than you. Some targets cannot be displaced. Targets can only be affected by this effect once every 2 min. (3 |4Min:Min; Cooldown) | Requires Level 45 || DESC: Disrupt a magnetic field between you and your nearby enemy target, knocking you both away.    Can only affect targets up to 2 levels higher than you. Some targets cannot be displaced. Targets can only be affected by this effect once every 2 min.
239292	8	Other	Forgewright's Notes	nil	nil	Forgewright's Notes | Quest Item | Unique | "Contains the collected thoughts and works of Franclorn Forgewright."
239445	8	Other	nil	nil	nil	
239694	8	Other	nil	nil	nil	
240945	8	Other	Slice of Carrie's Apple Pie	433	Food	Slice of Carrie's Apple Pie | Use: Restores 58 health over 18 sec.  Must remain seated while eating. (1 |4Sec:Sec; Cooldown) | "Despite the pie having been cut into three pieces of equal size, you somehow managed to get the smallest slice."
241613	8	Other	No Longer Used	nil	nil	No Longer Used | Binds when picked up
241650	1	Potions	Major Discolored Healing Potion	1231578	Major Discolored Healing Potion	Major Discolored Healing Potion | Use: Restores 2,625 to 2,975 health instantly, however you also suffer 75% of that amount over time.    The symptoms of this effect can manifest as either a 6 sec poison or a 12 sec disease. | Requires Level 60
241655	8	Other	Mishandled Healing Potion	nil	nil	Mishandled Healing Potion | This Item Begins a Quest | Requires Level 60 | "A truly disgusting potion."
241656	8	Other	Mishandled Healing Potion	nil	nil	Mishandled Healing Potion | This Item Begins a Quest | Alliance Only | Requires Level 60 | "A truly disgusting potion."
242266	8	Other	World of Wardcraft	nil	nil	World of Wardcraft | Binds when picked up | "Filled cover to cover with thorough documentation of all things related to magical wards. Curiously, the book carries a subtle glow."
242267	8	Other	From Arcanist to Archmage	nil	nil	From Arcanist to Archmage | Binds when picked up | "A self-promoting autobiography written by an author too irrelevant to be named. Interestingly, the book also thrums with an attention seeking spell."
242268	8	Other	If You Give a Crusader an Enchant	nil	nil	If You Give a Crusader an Enchant | Binds when picked up | "An entertaining short story that quickly descends into madness before culminating in giving the antagonist everything he wants. Amusingly, the book shimmers with power."
242269	8	Other	Brilliance of the Grand Sorcerer	1232054	Channel Insight	Brilliance of the Grand Sorcerer | Binds when picked up | Use: Combine 15 Illusion Dust and 1 Righteous Orb at a Mote of Possibility in pursuit of a new discovery. | Requires Enchanting (280) || DESC: Combine 15 Illusion Dust and 1 Righteous Orb at a Mote of Possibility in pursuit of a new discovery.
242270	8	Other	Brilliance of the Grand Arcanist	1232077	Channel Insight	Brilliance of the Grand Arcanist | Binds when picked up | Use: Combine 15 Illusion Dust and 1 Righteous Orb at a Mote of Possibility in pursuit of a new discovery. | Requires Enchanting (280) || DESC: Combine 15 Illusion Dust and 1 Righteous Orb at a Mote of Possibility in pursuit of a new discovery.
242271	8	Other	Brilliance of the Grand Crusader	1232079	Channel Insight	Brilliance of the Grand Crusader | Binds when picked up | Use: Combine 15 Illusion Dust and 1 Righteous Orb at a Mote of Possibility in pursuit of a new discovery. | Requires Enchanting (280) || DESC: Combine 15 Illusion Dust and 1 Righteous Orb at a Mote of Possibility in pursuit of a new discovery.
242362	8	Other	Brilliance of the Grand Inquisitor	1232176	Channel Insight	Brilliance of the Grand Inquisitor | Binds when picked up | Use: Combine 15 Illusion Dust and 1 Righteous Orb at a Mote of Possibility in pursuit of a new discovery. | Requires Enchanting (280) || DESC: Combine 15 Illusion Dust and 1 Righteous Orb at a Mote of Possibility in pursuit of a new discovery.
242363	8	Other	Who, What, Where, When, and Die! Five Keys to a Good Inquisition	nil	nil	Who, What, Where, When, and Die! Five Keys to a Good Inquisition | Binds when picked up | "Reading this left you with more questions than answers. What was this book even about? And why is it rumbling with great anticipation?"
242465	8	Other	nil	nil	nil	
243198	6	Permanent	nil	nil	nil	
244353	6	Permanent	nil	nil	nil	
246347	8	Other	nil	nil	nil	
246916	5	Food & Drink	nil	nil	nil	
246948	2	Elixirs	Distilled Firewater	17038	Winterfall Firewater	Distilled Firewater | Use: Increases your melee attack power by 35 and size for 20 min. (1 |4Min:Min; Cooldown) | Requires Level 45
247239	1	Potions	Lesser Discolored Healing Potion	1244864	Lesser Discolored Healing Potion	Lesser Discolored Healing Potion | Use: Restores 300 to 340 health instantly, however you also suffer 75% of that amount over time.    The symptoms of this effect can manifest as either a 6 sec poison or a 12 sec disease. | Requires Level 3
247240	1	Potions	Discolored Healing Potion	1244865	Discolored Healing Potion	Discolored Healing Potion | Use: Restores 600 to 680 health instantly, however you also suffer 75% of that amount over time.    The symptoms of this effect can manifest as either a 6 sec poison or a 12 sec disease. | Requires Level 12
247241	1	Potions	Greater Discolored Healing Potion	1244866	Greater Discolored Healing Potion	Greater Discolored Healing Potion | Use: Restores 975 to 1,105 health instantly, however you also suffer 75% of that amount over time.    The symptoms of this effect can manifest as either a 6 sec poison or a 12 sec disease. | Requires Level 21
247242	1	Potions	Superior Discolored Healing Potion	1244867	Superior Discolored Healing Potion	Superior Discolored Healing Potion | Use: Restores 1,500 to 1,700 health instantly, however you also suffer 75% of that amount over time.    The symptoms of this effect can manifest as either a 6 sec poison or a 12 sec disease. | Requires Level 35
247754	2	Elixirs	Minor Arcane Elixir	1245244	Minor Arcane Elixir	Minor Arcane Elixir | Use: Increases spell damage by up to 5 for 30 min.
247755	2	Elixirs	Elixir of Minor Force	1245249	Elixir of Minor Force	Elixir of Minor Force | Use: Increases Physical damage by 1 for 30 min.
247824	5	Food & Drink	Thunder Applejack	11009	Strong Alcohol	Thunder Applejack | Use: A strong alcoholic beverage.
247828	5	Food & Drink	nil	nil	nil	
247840	8	Other	Mining for Dummies	1245608	Mining Skill	Mining for Dummies | Binds when picked up | Unique | Use: Increases your Mining skill by 2. Cannot raise Mining skill over 15. You will learn Mining if it is not already trained and you do not already know two other professions. | "Explains how to mine using only the ten hundred most common words." || DESC: Increases your Mining skill by 2. Cannot raise Mining skill over 15. You will learn Mining if it is not already trained and you do not already know two other professions.
247841	8	Other	Wild Harvest	1245609	Herbalism Skill	Wild Harvest | Binds when picked up | Unique | Use: Increases your Herbalism skill by 2. Cannot raise Herbalism skill over 15. You will learn Herbalism if it is not already trained and you do not already know two other professions. | "An instruction manual for picking wild herbs." || DESC: Increases your Herbalism skill by 2. Cannot raise Herbalism skill over 15. You will learn Herbalism if it is not already trained and you do not already know two other professions.
247846	8	Other	Pelt Collecting for Beginners	1245610	Skinning Skill	Pelt Collecting for Beginners | Binds when picked up | Unique | Use: Increases your Skinning skill by 2. Cannot raise Skinning skill over 15. You will learn Skinning if it is not already trained and you do not already know two other professions.   | "A picture book documenting how to collect animal skins." || DESC: Increases your Skinning skill by 2. Cannot raise Skinning skill over 15. You will learn Skinning if it is not already trained and you do not already know two other professions.  
248206	8	Other	Sealed Craftsman's Writ	1247526	Open Letter	Sealed Craftsman's Writ | Use: Tear open the envelope to reveal the writ. | Requires Level 10 | "A pending crafting order intercepted in transit. Perhaps you can be the means to its end." || DESC: Tear open the envelope to reveal the writ.
248613	5	Food & Drink	Lightning in a Bottle	5006	Food	Lightning in a Bottle | Use: Restores 530 health over 24 sec.  Must remain seated while eating.  If you spend at least 10 seconds eating you will become well fed and gain 6 Stamina and Spirit for 15 min. | Requires Level 15 | "The "Lightning" is just mustard."
248616	8	Other	nil	nil	nil	
248682	8	Other	Waylaid Crate: Apprentice Herbs	1247426	Stock Crate	Waylaid Crate: Apprentice Herbs | Use: Fill the crate with any bundle from the following list:|cnIQ1: - 20 Peacebloom - 20 Silverleaf - 10 Earthroot - 10 Mageroyal - 10 Briarthorn|r | Requires Level 10 || DESC: Fill the crate with any bundle from the following list:|cnIQ1: - 20 Peacebloom - 20 Silverleaf - 10 Earthroot - 10 Mageroyal - 10 Briarthorn|r
248683	8	Other	Waylaid Crate: Apprentice Ore	1247427	Stock Crate	Waylaid Crate: Apprentice Ore | Use: Fill the crate with any bundle from the following list:|cnIQ1:  - 20 Copper Ore  - 20 Tin Ore|r | Requires Level 10 || DESC: Fill the crate with any bundle from the following list:|cnIQ1:  - 20 Copper Ore  - 20 Tin Ore|r
248684	8	Other	Waylaid Crate: Apprentice Textiles	1247428	Stock Crate	Waylaid Crate: Apprentice Textiles | Use: Fill the crate with any bundle from the following list:|cnIQ1:  - 40 Linen Cloth  - 20 Light Leather | Requires Level 10 || DESC: Fill the crate with any bundle from the following list:|cnIQ1:  - 40 Linen Cloth  - 20 Light Leather
248685	8	Other	Waylaid Crate: Apprentice Curiosities	1247429	Stock Crate	Waylaid Crate: Apprentice Curiosities | Use: Fill the crate with any bundle from the following list:|cnIQ1:  - 20 Strange Dust  - 4 Greater Magic Essence  - 6 Small Glimmering Shard  - 2 Large Glimmering Shard|r | Requires Level 10 || DESC: Fill the crate with any bundle from the following list:|cnIQ1:  - 20 Strange Dust  - 4 Greater Magic Essence  - 6 Small Glimmering Shard  - 2 Large Glimmering Shard|r
248686	8	Other	Waylaid Crate: Journeyman Herbs	1247430	Stock Crate	Waylaid Crate: Journeyman Herbs | Use: Fill the crate with any bundle from the following list:|cnIQ1:  - 10 Stranglekelp  - 10 Bruiseweed  - 10 Wild Steelbloom  - 10 Grave Moss  - 10 Kingsblood | Requires Level 10 || DESC: Fill the crate with any bundle from the following list:|cnIQ1:  - 10 Stranglekelp  - 10 Bruiseweed  - 10 Wild Steelbloom  - 10 Grave Moss  - 10 Kingsblood
248687	8	Other	Waylaid Crate: Journeyman Ore	1247431	Stock Crate	Waylaid Crate: Journeyman Ore | Use: Fill the crate with any bundle from the following list:|cnIQ1:  - 10 Silver Ore  - 20 Iron Ore | Requires Level 10 || DESC: Fill the crate with any bundle from the following list:|cnIQ1:  - 10 Silver Ore  - 20 Iron Ore
248688	8	Other	Waylaid Crate: Journeyman Textiles	1247432	Stock Crate	Waylaid Crate: Journeyman Textiles | Use: Fill the crate with any bundle from the following list:|cnIQ1:  - 20 Wool Cloth  - 40 Silk Cloth  - 20 Medium Leather | Requires Level 10 || DESC: Fill the crate with any bundle from the following list:|cnIQ1:  - 20 Wool Cloth  - 40 Silk Cloth  - 20 Medium Leather
248689	8	Other	Waylaid Crate: Journeyman Curiosities	1247433	Stock Crate	Waylaid Crate: Journeyman Curiosities | Use: Fill the crate with any bundle from the following list:|cnIQ1:  - 20 Soul Dust  - 4 Greater Astral Essence  - 6 Small Glowing Shard  - 2 Large Glowing Shard | Requires Level 10 || DESC: Fill the crate with any bundle from the following list:|cnIQ1:  - 20 Soul Dust  - 4 Greater Astral Essence  - 6 Small Glowing Shard  - 2 Large Glowing Shard
248690	8	Other	Waylaid Crate: Earthly Expert Herbs	1247434	Stock Crate	Waylaid Crate: Earthly Expert Herbs | Use: Fill the crate with any bundle from the following list:|cnIQ1:  - 20 Liferoot  - 10 Fadeleaf  - 10 Goldthorn  - 10 Khadgar's Whisker | Requires Level 20 || DESC: Fill the crate with any bundle from the following list:|cnIQ1:  - 20 Liferoot  - 10 Fadeleaf  - 10 Goldthorn  - 10 Khadgar's Whisker
248691	8	Other	Waylaid Crate: Flowering Expert Herbs	1247435	Stock Crate	Waylaid Crate: Flowering Expert Herbs | Use: Fill the crate with any bundle from the following list:|cnIQ1:  - 10 Wintersbite  - 10 Firebloom  - 20 Purple Lotus  - 10 Arthas' Tears | Requires Level 20 || DESC: Fill the crate with any bundle from the following list:|cnIQ1:  - 10 Wintersbite  - 10 Firebloom  - 20 Purple Lotus  - 10 Arthas' Tears
248692	8	Other	Waylaid Crate: Expert Ore	1247436	Stock Crate	Waylaid Crate: Expert Ore | Use: Fill the crate with any bundle from the following list:|cnIQ1:  - 10 Gold Ore  - 20 Mithril Ore | Requires Level 20 || DESC: Fill the crate with any bundle from the following list:|cnIQ1:  - 10 Gold Ore  - 20 Mithril Ore
248693	8	Other	Waylaid Crate: Expert Textiles	1247437	Stock Crate	Waylaid Crate: Expert Textiles | Use: Fill the crate with any bundle from the following list:|cnIQ1:  - 40 Mageweave Cloth  - 20 Heavy Leather | Requires Level 20 || DESC: Fill the crate with any bundle from the following list:|cnIQ1:  - 40 Mageweave Cloth  - 20 Heavy Leather
248694	8	Other	Waylaid Crate: Expert Curiosities	1247438	Stock Crate	Waylaid Crate: Expert Curiosities | Use: Fill the crate with any bundle from the following list:|cnIQ1:  - 20 Vision Dust  - 4 Greater Mystic Essence  - 6 Small Radiant Shard  - 2 Large Radiant Shard | Requires Level 20 || DESC: Fill the crate with any bundle from the following list:|cnIQ1:  - 20 Vision Dust  - 4 Greater Mystic Essence  - 6 Small Radiant Shard  - 2 Large Radiant Shard
248695	8	Other	Waylaid Crate: Earthly Artisan Herbs	1247439	Stock Crate	Waylaid Crate: Earthly Artisan Herbs | Use: Fill the crate with any bundle from the following list:|cnIQ1:  - 10 Golden Sansam  - 20 Sungrass  - 10 Blindweed  - 10 Ghost Mushroom  - 10 Gromsblood | Requires Level 35 || DESC: Fill the crate with any bundle from the following list:|cnIQ1:  - 10 Golden Sansam  - 20 Sungrass  - 10 Blindweed  - 10 Ghost Mushroom  - 10 Gromsblood
248696	8	Other	Waylaid Crate: Flowering Artisan Herbs	1247440	Stock Crate	Waylaid Crate: Flowering Artisan Herbs | Use: Fill the crate with any bundle from the following list:|cnIQ1:  - 20 Dreamfoil  - 20 Mountain Silversage  - 20 Plaguebloom  - 20 Icecap | Requires Level 35 || DESC: Fill the crate with any bundle from the following list:|cnIQ1:  - 20 Dreamfoil  - 20 Mountain Silversage  - 20 Plaguebloom  - 20 Icecap
248697	8	Other	Waylaid Crate: Artisan Ore	1247441	Stock Crate	Waylaid Crate: Artisan Ore | Use: Fill the crate with any bundle from the following list:|cnIQ1:  - 10 Truesilver Ore  - 20 Thorium Ore  - 20 Dark Iron Ore | Requires Level 35 || DESC: Fill the crate with any bundle from the following list:|cnIQ1:  - 10 Truesilver Ore  - 20 Thorium Ore  - 20 Dark Iron Ore
248698	8	Other	Waylaid Crate: Artisan Textiles	1247442	Stock Crate	Waylaid Crate: Artisan Textiles | Use: Fill the crate with any bundle from the following list:|cnIQ1:  - 40 Runecloth  - 20 Thick Leather  - 20 Rugged Leather | Requires Level 35 || DESC: Fill the crate with any bundle from the following list:|cnIQ1:  - 40 Runecloth  - 20 Thick Leather  - 20 Rugged Leather
248699	8	Other	Waylaid Crate: Artisan Curiosities	1247443	Stock Crate	Waylaid Crate: Artisan Curiosities | Use: Fill the crate with any bundle from the following list:|cnIQ1:  - 20 Dream Dust  - 4 Greater Nether Essence  - 6 Small Brilliant Shard  - 2 Large Brilliant Shard | Requires Level 35 || DESC: Fill the crate with any bundle from the following list:|cnIQ1:  - 20 Dream Dust  - 4 Greater Nether Essence  - 6 Small Brilliant Shard  - 2 Large Brilliant Shard
248702	8	Other	Waylaid Crate: Apprentice Fabrics	1247446	Stock Crate	Waylaid Crate: Apprentice Fabrics | Use: Fill the crate with any bundle from the following list:|cnIQ1:  - 2 Cured Light Hide  - 20 Bolt of Linen Cloth | Requires Level 10 || DESC: Fill the crate with any bundle from the following list:|cnIQ1:  - 2 Cured Light Hide  - 20 Bolt of Linen Cloth
248703	8	Other	Waylaid Crate: Apprentice Ingots	1247447	Stock Crate	Waylaid Crate: Apprentice Ingots | Use: Fill the crate with any bundle from the following list:|cnIQ1:  - 20 Copper Bar  - 20 Tin Bar  - 10 Bronze Bar | Requires Level 10 || DESC: Fill the crate with any bundle from the following list:|cnIQ1:  - 20 Copper Bar  - 20 Tin Bar  - 10 Bronze Bar
248704	8	Other	Waylaid Crate: Apprentice Parts	1247448	Stock Crate	Waylaid Crate: Apprentice Parts | Use: Fill the crate with any bundle from the following list:|cnIQ1:  - 16 Handful of Copper Bolts  - 16 Copper Tube  - 4 Copper Modulator | Requires Level 10 || DESC: Fill the crate with any bundle from the following list:|cnIQ1:  - 16 Handful of Copper Bolts  - 16 Copper Tube  - 4 Copper Modulator
248705	8	Other	Waylaid Crate: Journeyman Fabrics	1247449	Stock Crate	Waylaid Crate: Journeyman Fabrics | Use: Fill the crate with any bundle from the following list:|cnIQ1:  - 6 Bolt of Woolen Cloth  - 10 Bolt of Silk Cloth  - 2 Cured Medium Hide | Requires Level 10 || DESC: Fill the crate with any bundle from the following list:|cnIQ1:  - 6 Bolt of Woolen Cloth  - 10 Bolt of Silk Cloth  - 2 Cured Medium Hide
248706	8	Other	Waylaid Crate: Journeyman Ingots	1247450	Stock Crate	Waylaid Crate: Journeyman Ingots | Use: Fill the crate with any bundle from the following list:|cnIQ1:  - 10 Silver Bar  - 20 Iron Bar | Requires Level 10 || DESC: Fill the crate with any bundle from the following list:|cnIQ1:  - 10 Silver Bar  - 20 Iron Bar
248707	8	Other	Waylaid Crate: Journeyman Parts	1247451	Stock Crate	Waylaid Crate: Journeyman Parts | Use: Fill the crate with any bundle from the following list:|cnIQ1:  - 8 Bronze Tube  - 7 Whirring Bronze Gizmo  - 4 Bronze Framework  - 45 Gold Power Core | Requires Level 10 || DESC: Fill the crate with any bundle from the following list:|cnIQ1:  - 8 Bronze Tube  - 7 Whirring Bronze Gizmo  - 4 Bronze Framework  - 45 Gold Power Core
248708	8	Other	Waylaid Crate: Expert Fabrics	1247452	Stock Crate	Waylaid Crate: Expert Fabrics | Use: Fill the crate with any bundle from the following list:|cnIQ1:  - 8 Bolt of Mageweave  - 2 Cured Heavy Hide | Requires Level 20 || DESC: Fill the crate with any bundle from the following list:|cnIQ1:  - 8 Bolt of Mageweave  - 2 Cured Heavy Hide
248709	8	Other	Waylaid Crate: Expert Ingots	1247453	Stock Crate	Waylaid Crate: Expert Ingots | Use: Fill the crate with any bundle from the following list:|cnIQ1:  - 20 Mithril Bar  - 15 Steel Bar  - 10 Gold Bar | Requires Level 20 || DESC: Fill the crate with any bundle from the following list:|cnIQ1:  - 20 Mithril Bar  - 15 Steel Bar  - 10 Gold Bar
248710	8	Other	Waylaid Crate: Expert Parts	1247454	Stock Crate	Waylaid Crate: Expert Parts | Use: Fill the crate with any bundle from the following list:|cnIQ1:  - 8 Iron Strut  - 5 Mithril Tube  - 12 Unstable Trigger  - 5 Mithril Casing | Requires Level 20 || DESC: Fill the crate with any bundle from the following list:|cnIQ1:  - 8 Iron Strut  - 5 Mithril Tube  - 12 Unstable Trigger  - 5 Mithril Casing
248711	8	Other	Waylaid Crate: Artisan Fabrics	1247455	Stock Crate	Waylaid Crate: Artisan Fabrics | Use: Fill the crate with any bundle from the following list:|cnIQ1:  - 8 Bolt of Runecloth  - 2 Cured Thick Hide | Requires Level 35 || DESC: Fill the crate with any bundle from the following list:|cnIQ1:  - 8 Bolt of Runecloth  - 2 Cured Thick Hide
248712	8	Other	Waylaid Crate: Artisan Ingots	1247456	Stock Crate	Waylaid Crate: Artisan Ingots | Use: Fill the crate with any bundle from the following list:|cnIQ1:  - 2 Dark Iron Bar  - 10 Truesilver Bar  - 20 Thorium Bar | Requires Level 35 || DESC: Fill the crate with any bundle from the following list:|cnIQ1:  - 2 Dark Iron Bar  - 10 Truesilver Bar  - 20 Thorium Bar
248713	8	Other	Waylaid Crate: Artisan Parts	1247457	Stock Crate	Waylaid Crate: Artisan Parts | Use: Fill the crate with any bundle from the following list:|cnIQ1:  - 5 Thorium Widget  - 5 Truesilver Transformer  - 2 Thorium Tube | Requires Level 35 || DESC: Fill the crate with any bundle from the following list:|cnIQ1:  - 5 Thorium Widget  - 5 Truesilver Transformer  - 2 Thorium Tube
249791	5	Food & Drink	Shiny Green Apple	7737	Food	Shiny Green Apple | Use: Restores 28 health over 15 sec.  Must remain seated while eating. (1 |4Sec:Sec; Cooldown) | Crafting Reagent || CARRIED FROM 69977 (no item data loaded in the 70009 scan)
249792	5	Food & Drink	Sweetsour Grapes	433	Food	Sweetsour Grapes | Use: Restores 58 health over 18 sec.  Must remain seated while eating. (1 |4Sec:Sec; Cooldown) | Requires Level 5 | Crafting Reagent || CARRIED FROM 69977 (no item data loaded in the 70009 scan)
249793	5	Food & Drink	Wayward Pomegranate	434	Food	Wayward Pomegranate | Use: Restores 234 health over 21 sec.  Must remain seated while eating. | Requires Level 15 | Crafting Reagent || CARRIED FROM 69977 (no item data loaded in the 70009 scan)
249794	5	Food & Drink	Tel'Abim Plantains	435	Food	Tel'Abim Plantains | Use: Restores 530 health over 24 sec.  Must remain seated while eating. (1 |4Sec:Sec; Cooldown) | Requires Level 25 | Crafting Reagent || CARRIED FROM 69977 (no item data loaded in the 70009 scan)
249795	5	Food & Drink	Flame Papaya	1127	Food	Flame Papaya | Use: Restores 841 health over 27 sec.  Must remain seated while eating. (1 |4Sec:Sec; Cooldown) | Requires Level 35 | Crafting Reagent || CARRIED FROM 69977 (no item data loaded in the 70009 scan)
249796	5	Food & Drink	Hyjal Berries	1129	Food	Hyjal Berries | Use: Restores 1,338 health over 30 sec.  Must remain seated while eating. (1 |4Sec:Sec; Cooldown) | Requires Level 45 | Crafting Reagent
249804	5	Food & Drink	nil	nil	nil	
249812	5	Food & Drink	nil	nil	nil	
249813	5	Food & Drink	nil	nil	nil	
249814	5	Food & Drink	nil	nil	nil	
249815	5	Food & Drink	nil	nil	nil	
249816	5	Food & Drink	nil	nil	nil	
249865	5	Food & Drink	Peace Tea	1249920	Nutritious Drink	Peace Tea | Use: Restores 145 mana over 18 sec.  Must remain seated while drinking. If you spend at least 10 seconds eating you will become well fed and gain 2 Healing Power for 15 min. Additionally, experience gained from kills is increased by 5%. (1 |4Sec:Sec; Cooldown)
249866	5	Food & Drink	Royal Tea	1249921	Nutritious Drink	Royal Tea | Use: Restores 420 mana over 21 sec.  Must remain seated while drinking. If you spend at least 10 seconds eating you will become well fed and gain 7 Healing Power for 15 min. Additionally, experience gained from kills is increased by 5%. (1 |4Sec:Sec; Cooldown) | Requires Level 5
249867	5	Food & Drink	Root Tea	1249922	Nutritious Drink	Root Tea | Use: Restores 803 mana over 24 sec.  Must remain seated while drinking. If you spend at least 10 seconds eating you will become well fed and gain 11 Healing Power for 15 min. Additionally, experience gained from kills is increased by 5%. (1 |4Sec:Sec; Cooldown) | Requires Level 15
249868	5	Food & Drink	Triage Tea	1249923	Nutritious Drink	Triage Tea | Use: Restores 1,292 mana over 27 sec.  Must remain seated while drinking. If you spend at least 10 seconds eating you will become well fed and gain 22 Healing Power for 15 min. Additionally, experience gained from kills is increased by 5%. (1 |4Sec:Sec; Cooldown) | Requires Level 25
249869	5	Food & Drink	Sunny Tea	1249924	Nutritious Drink	Sunny Tea | Use: Restores 1,915 mana over 30 sec.  Must remain seated while drinking. If you spend at least 10 seconds eating you will become well fed and gain 33 Healing Power for 15 min. Additionally, experience gained from kills is increased by 5%. (1 |4Sec:Sec; Cooldown) | Requires Level 35
249870	5	Food & Drink	Sage's Tea	1249925	Nutritious Drink	Sage's Tea | Use: Restores 2,821 mana over 30 sec.  Must remain seated while drinking. If you spend at least 10 seconds eating you will become well fed and gain 44 Healing Power for 15 min. Additionally, experience gained from kills is increased by 5%. (1 |4Sec:Sec; Cooldown) | Requires Level 45
249871	5	Food & Drink	Venomous Smoothie	1249914	Nutritious Drink	Venomous Smoothie | Use: Restores 145 mana over 18 sec.  Must remain seated while drinking. If you spend at least 10 seconds eating you will become well fed and gain 1 Spirit for 15 min. Additionally, experience gained from kills is increased by 5%. (1 |4Sec:Sec; Cooldown)
249872	5	Food & Drink	Slimy Smoothie	1249915	Nutritious Drink	Slimy Smoothie | Use: Restores 420 mana over 21 sec.  Must remain seated while drinking. If you spend at least 10 seconds eating you will become well fed and gain 3 Spirit for 15 min. Additionally, experience gained from kills is increased by 5%. (1 |4Sec:Sec; Cooldown) | Requires Level 5
249873	5	Food & Drink	Mrrggl Smrrthle	1249916	Nutritious Drink	Mrrggl Smrrthle | Use: Restores 803 mana over 24 sec.  Must remain seated while drinking. If you spend at least 10 seconds eating you will become well fed and gain 5 Spirit for 15 min. Additionally, experience gained from kills is increased by 5%. (1 |4Sec:Sec; Cooldown) | Requires Level 15
249874	5	Food & Drink	Calcified Smoothie	1249917	Nutritious Drink	Calcified Smoothie | Use: Restores 1,292 mana over 27 sec.  Must remain seated while drinking. If you spend at least 10 seconds eating you will become well fed and gain 10 Spirit for 15 min. Additionally, experience gained from kills is increased by 5%. (1 |4Sec:Sec; Cooldown) | Requires Level 25
249875	5	Food & Drink	Spicy Smoothie	1249918	Nutritious Drink	Spicy Smoothie | Use: Restores 1,915 mana over 30 sec.  Must remain seated while drinking. If you spend at least 10 seconds eating you will become well fed and gain 15 Spirit for 15 min. Additionally, experience gained from kills is increased by 5%. (1 |4Sec:Sec; Cooldown) | Requires Level 35
249876	5	Food & Drink	Wicked Smoothie	1249919	Nutritious Drink	Wicked Smoothie | Use: Restores 2,821 mana over 30 sec.  Must remain seated while drinking. If you spend at least 10 seconds eating you will become well fed and gain 20 Spirit for 15 min. Additionally, experience gained from kills is increased by 5%. (1 |4Sec:Sec; Cooldown) | Requires Level 45
249894	8	Other	nil	nil	nil	
250065	5	Food & Drink	Savory Stag Sliders	1248397	Nutritious Food	Savory Stag Sliders | Use: Restores 1,338 health over 30 sec.  Must remain seated while eating. If you spend at least 10 seconds eating you will become well fed and gain 15 Strength for 15 min. Additionally, experience gained from kills is increased by 5%. (1 |4Sec:Sec; Cooldown) | Requires Level 35
250066	5	Food & Drink	Soaring Pamplona	1248400	Nutritious Food	Soaring Pamplona | Use: Restores 2,065 health over 30 sec.  Must remain seated while eating. If you spend at least 10 seconds eating you will become well fed and gain 20 Intellect for 15 min. Additionally, experience gained from kills is increased by 5%. (1 |4Sec:Sec; Cooldown) | Requires Level 45
250067	5	Food & Drink	Bat Hachee	1248400	Nutritious Food	Bat Hachee | Use: Restores 2,065 health over 30 sec.  Must remain seated while eating. If you spend at least 10 seconds eating you will become well fed and gain 20 Intellect for 15 min. Additionally, experience gained from kills is increased by 5%. (1 |4Sec:Sec; Cooldown) | Requires Level 45
250068	5	Food & Drink	Savory Turtle Stew	1248398	Nutritious Food	Savory Turtle Stew | Use: Restores 2,065 health over 30 sec.  Must remain seated while eating. If you spend at least 10 seconds eating you will become well fed and gain 20 Stamina for 15 min. Additionally, experience gained from kills is increased by 5%. (1 |4Sec:Sec; Cooldown) | Requires Level 45
250069	5	Food & Drink	Flank au Poivre	1248399	Nutritious Food	Flank au Poivre | Use: Restores 2,065 health over 30 sec.  Must remain seated while eating. If you spend at least 10 seconds eating you will become well fed and gain 20 Agility for 15 min. Additionally, experience gained from kills is increased by 5%. (1 |4Sec:Sec; Cooldown) | Requires Level 45
250070	5	Food & Drink	Bear Bruscitti	1248401	Nutritious Food	Bear Bruscitti | Use: Restores 2,065 health over 30 sec.  Must remain seated while eating. If you spend at least 10 seconds eating you will become well fed and gain 20 Strength for 15 min. Additionally, experience gained from kills is increased by 5%. (1 |4Sec:Sec; Cooldown) | Requires Level 45
250071	5	Food & Drink	Steaming Stag Steak	1248401	Nutritious Food	Steaming Stag Steak | Use: Restores 2,065 health over 30 sec.  Must remain seated while eating. If you spend at least 10 seconds eating you will become well fed and gain 20 Strength for 15 min. Additionally, experience gained from kills is increased by 5%. (1 |4Sec:Sec; Cooldown) | Requires Level 45
250072	5	Food & Drink	Swiftstrike Steak	1248399	Nutritious Food	Swiftstrike Steak | Use: Restores 2,065 health over 30 sec.  Must remain seated while eating. If you spend at least 10 seconds eating you will become well fed and gain 20 Agility for 15 min. Additionally, experience gained from kills is increased by 5%. (1 |4Sec:Sec; Cooldown) | Requires Level 45
250073	5	Food & Drink	Raging Raptor Ribs	1248392	Nutritious Food	Raging Raptor Ribs | Use: Restores 841 health over 27 sec.  Must remain seated while eating. If you spend at least 10 seconds eating you will become well fed and gain 10 Intellect for 15 min. Additionally, experience gained from kills is increased by 5%. (1 |4Sec:Sec; Cooldown) | Requires Level 25
250074	5	Food & Drink	Bear Brisket	1248393	Nutritious Food	Bear Brisket | Use: Restores 841 health over 27 sec.  Must remain seated while eating. If you spend at least 10 seconds eating you will become well fed and gain 10 Strength for 15 min. Additionally, experience gained from kills is increased by 5%. (1 |4Sec:Sec; Cooldown) | Requires Level 25
250075	5	Food & Drink	Prehistoric Pulled Raptor	1248400	Nutritious Food	Prehistoric Pulled Raptor | Use: Restores 2,065 health over 30 sec.  Must remain seated while eating. If you spend at least 10 seconds eating you will become well fed and gain 20 Intellect for 15 min. Additionally, experience gained from kills is increased by 5%. (1 |4Sec:Sec; Cooldown) | Requires Level 45
250076	5	Food & Drink	Raptor Rouladen	1248396	Nutritious Food	Raptor Rouladen | Use: Restores 1,338 health over 30 sec.  Must remain seated while eating. If you spend at least 10 seconds eating you will become well fed and gain 15 Intellect for 15 min. Additionally, experience gained from kills is increased by 5%. (1 |4Sec:Sec; Cooldown) | Requires Level 35
250077	5	Food & Drink	Twice-Spiced Raptor Slice	1248383	Nutritious Food	Twice-Spiced Raptor Slice | Use: Restores 234 health over 21 sec.  Must remain seated while eating. If you spend at least 10 seconds eating you will become well fed and gain 3 Intellect for 15 min. Additionally, experience gained from kills is increased by 5%. (1 |4Sec:Sec; Cooldown) | Requires Level 5
250078	5	Food & Drink	Giant Scrambled Eggs	1248390	Nutritious Food	Giant Scrambled Eggs | Use: Restores 841 health over 27 sec.  Must remain seated while eating. If you spend at least 10 seconds eating you will become well fed and gain 10 Stamina for 15 min. Additionally, experience gained from kills is increased by 5%. (1 |4Sec:Sec; Cooldown) | Requires Level 25
250079	5	Food & Drink	Tasty Raptor Bites	1248379	Nutritious Food	Tasty Raptor Bites | Use: Restores 58 health over 18 sec.  Must remain seated while eating. If you spend at least 10 seconds eating you will become well fed and gain 1 Intellect for 15 min. Additionally, experience gained from kills is increased by 5%. (1 |4Sec:Sec; Cooldown)
250080	5	Food & Drink	Breakfast Omelette	1248381	Nutritious Food	Breakfast Omelette | Use: Restores 234 health over 21 sec.  Must remain seated while eating. If you spend at least 10 seconds eating you will become well fed and gain 3 Stamina for 15 min. Additionally, experience gained from kills is increased by 5%. (1 |4Sec:Sec; Cooldown) | Requires Level 5
250081	5	Food & Drink	Clam Linguine	1131	Food	Clam Linguine | Use: Restores 2,065 health over 30 sec.  Must remain seated while eating. (1 |4Sec:Sec; Cooldown) | Requires Level 45
250089	8	Other	nil	nil	nil	
250098	8	Other	nil	nil	nil	
250326	2	Elixirs	nil	nil	nil	
250327	2	Elixirs	Draught of Predatory Senses	1250889	Draught of Predatory Senses	Draught of Predatory Senses | Use: Drink to slightly increase your stealth detection. While you are not moving for 3 sec, nearby moving stealthed enemies may reveal a heat trail. Lasts for 30 min.    This effect persists through death. | Requires Level 45
250328	2	Elixirs	Elixir of Cunning	1250918	Elixir of Cunning	Elixir of Cunning | Use: Drink to gain 25 Agility and Intellect for 30 min. Lasts for 30 min. | Requires Level 55
250329	2	Elixirs	Elixir of the Phalanx	1250920	Elixir of the Phalanx	Elixir of the Phalanx | Use: Drink to gain 400 maximum health and 500 armor for 30 min. Lasts for 30 min. | Requires Level 55
250330	2	Elixirs	Minor Cleric's Elixir	1250922	Minor Cleric's Elixir	Minor Cleric's Elixir | Use: Drink to increase healing done by spells and effects by up to 10. Lasts 30 min. | Requires Level 5
250331	2	Elixirs	Lesser Cleric's Elixir	1250924	Lesser Cleric's Elixir	Lesser Cleric's Elixir | Use: Drink to increase healing done by spells and effects by up to 20. Lasts 30 min. | Requires Level 25
250332	2	Elixirs	Cleric's Elixir	1250925	Cleric's Elixir	Cleric's Elixir | Use: Drink to increase healing done by spells and effects by up to 30. Lasts 30 min. | Requires Level 45
250333	2	Elixirs	Greater Cleric's Elixir	1250926	Greater Cleric's Elixir	Greater Cleric's Elixir | Use: Drink to increase healing done by spells and effects by up to 40. Lasts 30 min. | Requires Level 55
250334	2	Elixirs	Elixir of Fortitude	1250928	Elixir of Fortitude	Elixir of Fortitude | Use: Drink to increase your maximum health by 200. Lasts for 30 min. | Requires Level 45
250335	2	Elixirs	Elixir of Greater Fortitude	1250931	Elixir of Greater Fortitude	Elixir of Greater Fortitude | Use: Drink to increase your maximum health by 400. Lasts for 30 min. | Requires Level 55
250336	2	Elixirs	Elixir of Wicked Regeneration	1250932	Elixir of Wicked Regeneration	Elixir of Wicked Regeneration | Use: Drink to restore 9 health and 10 mana every 5 sec. Lasts for 30 min. | Requires Level 55
250337	2	Elixirs	Elixir of the Owl	1250940	Elixir of the Owl	Elixir of the Owl | Use: Drink to increase your Intellect by 25 and chance to critically hit by 2%. Lasts for 30 min. | Requires Level 55
250338	2	Elixirs	Elixir of Sages	1250941	Elixir of Sages	Elixir of Sages | Use: Drink to increase your Spirit by 25 and chance to critically hit by 2%. Lasts for 30 min. | Requires Level 55
250339	2	Elixirs	Minor Mageblood Elixir	1250942	Minor Mageblood Elixir	Minor Mageblood Elixir | Use: Drink to regenerate 3 mana every 5 seconds. Lasts for 30 min. | Requires Level 5
250340	2	Elixirs	Lesser Mageblood Elixir	1250944	Lesser Mageblood Elixir	Lesser Mageblood Elixir | Use: Drink to regenerate 6 mana every 5 seconds. Lasts for 30 min. | Requires Level 25
250341	2	Elixirs	Greater Mageblood Elixir	1250948	Greater Mageblood Elixir	Greater Mageblood Elixir | Use: Drink to regenerate 20 mana every 5 seconds. Lasts for 30 min. | Requires Level 55
250342	2	Elixirs	Lesser Arcane Elixir	1250971	Lesser Arcane Elixir	Lesser Arcane Elixir | Use: Drink to increase spell damage by up to 15. Lasts for 30 min. | Requires Level 25
250343	2	Elixirs	Elixir of Nature Power	1250972	Elixir of Nature Power	Elixir of Nature Power | Use: Drink to increase nature spell damage by up to 40. Lasts for 30 min. | Requires Level 55
250344	2	Elixirs	Elixir of Minor Spirit	1250974	Elixir of Minor Spirit	Elixir of Minor Spirit | Use: Drink to increase your Spirit by 3. Lasts for 30 min. | Requires Level 5
250345	2	Elixirs	Elixir of Lesser Spirit	1250976	Elixir of Lesser Spirit	Elixir of Lesser Spirit | Use: Drink to increase your Spirit by 6. Lasts for 30 min. | Requires Level 25
250346	2	Elixirs	Elixir of Spirit	1250978	Elixir of Spirit	Elixir of Spirit | Use: Drink to increase your Spirit by 10. Lasts for 30 min. | Requires Level 45
250347	2	Elixirs	Elixir of Greater Spirit	1250979	Elixir of Greater Spirit	Elixir of Greater Spirit | Use: Drink to increase your Spirit by 18. Lasts for 30 min. | Requires Level 55
250348	2	Elixirs	Elixir of the Whale	1250981	Elixir of the Whale	Elixir of the Whale | Use: Drink to increase your Spirit by 25 and chance to critically hit by 2%. Lasts for 30 min. | Requires Level 55
250349	2	Elixirs	Elixir of Strength	1250984	Elixir of Strength	Elixir of Strength | Use: Drink to increase your Strength by 10. Lasts for 30 min. | Requires Level 45
250350	2	Elixirs	Elixir of Ferocity	1250985	Elixir of Ferocity	Elixir of Ferocity | Use: Drink to increase your Strength and Agility by 18. Lasts for 30 min. | Requires Level 55
250351	2	Elixirs	Elixir of the Grizzly	1250986	Elixir of the Grizzly	Elixir of the Grizzly | Use: Drink to increase your Strength by 25 and chance to critically hit by 2%. Lasts for 30 min. | Requires Level 55
250353	2	Elixirs	Elixir of Lesser Intellect	1250988	Elixir of Lesser Intellect	Elixir of Lesser Intellect | Use: Drink to increase your Intellect by 6. Lasts for 30 min. | Requires Level 25
250354	2	Elixirs	Elixir of Intellect	1250989	Elixir of Intellect	Elixir of Intellect | Use: Drink to increase your Intellect by 10. Lasts for 30 min. | Requires Level 45
250932	1	Potions	Minor Spellblasting Potion	1251919	Minor Spellblasting Potion	Minor Spellblasting Potion | Use: Increases Spell Damage by 7 for 30 sec. (2 |4Min:Min; Cooldown) | Requires Level 5
250933	1	Potions	Lesser Spellblasting Potion	1251922	Lesser Spellblasting Potion	Lesser Spellblasting Potion | Use: Increases Spell Damage by 11 for 30 sec. (2 |4Min:Min; Cooldown) | Requires Level 15
250934	1	Potions	Spellblasting Potion	1251923	Spellblasting Potion	Spellblasting Potion | Use: Increases Spell Damage by 16 for 30 sec. (2 |4Min:Min; Cooldown) | Requires Level 25
250935	1	Potions	Greater Spellblasting Potion	1251924	Greater Spellblasting Potion	Greater Spellblasting Potion | Use: Increases Spell Damage by 23 for 30 sec. (2 |4Min:Min; Cooldown) | Requires Level 35
250936	1	Potions	Superior Spellblasting Potion	1251931	Superior Spellblasting Potion	Superior Spellblasting Potion | Use: Increases Spell Damage by 33 for 30 sec. (2 |4Min:Min; Cooldown) | Requires Level 45
250937	1	Potions	Major Spellblasting Potion	1251932	Major Spellblasting Potion	Major Spellblasting Potion | Use: Increases Spell Damage by 47 for 30 sec. (2 |4Min:Min; Cooldown) | Requires Level 55
250938	1	Potions	Minor Frenzy Potion	1251933	Minor Frenzy Potion	Minor Frenzy Potion | Use: Increases Attack Power by 12 for 30 sec. (2 |4Min:Min; Cooldown) | Requires Level 5
250939	1	Potions	Lesser Frenzy Potion	1251935	Lesser Frenzy Potion	Lesser Frenzy Potion | Use: Increases Attack Power by 18 for 30 sec. (2 |4Min:Min; Cooldown) | Requires Level 15
250940	1	Potions	Frenzy Potion	1251936	Frenzy Potion	Frenzy Potion | Use: Increases Attack Power by 28 for 30 sec. (2 |4Min:Min; Cooldown) | Requires Level 25
250941	1	Potions	Greater Frenzy Potion	1251937	Greater Frenzy Potion	Greater Frenzy Potion | Use: Increases Attack Power by 40 for 30 sec. (2 |4Min:Min; Cooldown) | Requires Level 35
250942	1	Potions	Superior Frenzy Potion	1251938	Superior Frenzy Potion	Superior Frenzy Potion | Use: Increases Attack Power by 56 for 30 sec. (2 |4Min:Min; Cooldown) | Requires Level 45
250943	1	Potions	Major Frenzy Potion	1251940	Major Frenzy Potion	Major Frenzy Potion | Use: Increases Attack Power by 80 for 30 sec. (2 |4Min:Min; Cooldown) | Requires Level 55
250944	1	Potions	Minor Mender's Potion	1251942	Minor Mender's Potion	Minor Mender's Potion | Use: Increases Spell Healing by 13 for 30 sec. (2 |4Min:Min; Cooldown) | Requires Level 5
250945	1	Potions	Lesser Mender's Potion	1251944	Lesser Mender's Potion	Lesser Mender's Potion | Use: Increases Spell Healing by 20 for 30 sec. (2 |4Min:Min; Cooldown) | Requires Level 15
250946	1	Potions	Mender's Potion	1251945	Mender's Potion	Mender's Potion | Use: Increases Spell Healing by 31 for 30 sec. (2 |4Min:Min; Cooldown) | Requires Level 25
250947	1	Potions	Greater Mender's Potion	1251946	Greater Mender's Potion	Greater Mender's Potion | Use: Increases Spell Healing by 44 for 30 sec. (2 |4Min:Min; Cooldown) | Requires Level 35
250948	1	Potions	Superior Mender's Potion	1251947	Superior Mender's Potion	Superior Mender's Potion | Use: Increases Spell Healing by 62 for 30 sec. (2 |4Min:Min; Cooldown) | Requires Level 45
250949	1	Potions	Major Mender's Potion	1251948	Major Mender's Potion	Major Mender's Potion | Use: Increases Spell Healing by 88 for 30 sec. (2 |4Min:Min; Cooldown) | Requires Level 55
250950	1	Potions	Potion of Venomous Blood	1251986	Venomous Blood	Potion of Venomous Blood | Use: Gain 10 doses of Venomous Blood. Whenever you suffer Bleed damage, one dose is spread to a nearby enemy within 8 yds. Lasts up to 20 sec.    Venomous Blood deals 325 Nature damage per dose when it expires. (2 |4Min:Min; Cooldown) | Requires Level 30
250951	1	Potions	Caustic Smog Potion	1252525	Caustic Smog Potion	Caustic Smog Potion | Use: Throw a fragile concoction at the target area, revealing a cloud of Caustic Smog for 12 sec. Enemies standing within the cloud suffer 31 to 36 Nature damage every 1 sec. (2 |4Min:Min; Cooldown) | Requires Level 45
250952	1	Potions	Disorienting Smog Potion	1252544	Disorienting Smog Potion	Disorienting Smog Potion | Use: Throw a fragile concoction at the target area, revealing a cloud of Disorienting Smog for 8 sec. Enemies standing within the cloud have their Hit Chance reduced by 10%. Ineffective against targets above level 10. (2 |4Min:Min; Cooldown) | Requires Level 45
250953	1	Potions	Dragonfire Potion	1252554	Dragonfire Potion	Dragonfire Potion | Use: Unleash a belch of dragonfire, dealing 285 Fire damage instantly in a narrow cone in front of you. Affected targets will suffer 35 additional damage every 2 sec for 8 sec. (2 |4Min:Min; Cooldown) | Requires Level 35
250954	1	Potions	Potion of Elemental Purging	1252558	Potion of Elemental Purging	Potion of Elemental Purging | Use: Increases Spell Damage by 105 against Elementals.  Lasts 5 min. (2 |4Min:Min; Cooldown) | Requires Level 40
250955	1	Potions	Potion of Beast Slaying	1252559	Potion of Beast Slaying	Potion of Beast Slaying | Use: Increases Attack Power by 180 against Beasts.  Lasts 5 min. (2 |4Min:Min; Cooldown) | Requires Level 40
251525	8	Other	Savory Whimsyfin Delight	1252576	Savory Whimsyfin Delight	Savory Whimsyfin Delight | Use: Eat me. (10 |4Sec:Sec; Cooldown)
251917	8	Other	Falorne's Homemade Tart	433	Food	Falorne's Homemade Tart | Binds when picked up | Use: Restores 58 health over 18 sec.  Must remain seated while eating.
252022	5	Food & Drink	Galestrider Jerky	433	Food	Galestrider Jerky | Use: Restores 58 health over 18 sec.  Must remain seated while eating.
252023	5	Food & Drink	Zaalanarr Sharp	433	Food	Zaalanarr Sharp | Use: Restores 58 health over 18 sec.  Must remain seated while eating.
252026	5	Food & Drink	Gustberry Pie	434	Food	Gustberry Pie | Use: Restores 234 health over 21 sec.  Must remain seated while eating. (1 |4Sec:Sec; Cooldown) | Duration: 14 |4day:days; | Requires Level 5
252027	5	Food & Drink	Gustberry Juice	431	Drink	Gustberry Juice | Use: Restores 420 mana over 21 sec.  Must remain seated while drinking. (1 |4Sec:Sec; Cooldown) | Requires Level 5
252028	5	Food & Drink	Fresh Gustberry Bread	433	Food	Fresh Gustberry Bread | Use: Restores 58 health over 18 sec.  Must remain seated while eating.
252029	5	Food & Drink	Hippogryph Flank	434	Food	Hippogryph Flank | Use: Restores 234 health over 21 sec.  Must remain seated while eating. (1 |4Sec:Sec; Cooldown) | Duration: 14 |4day:days; | Requires Level 5
252030	5	Food & Drink	Pungent Skycheddar	434	Food	Pungent Skycheddar | Use: Restores 234 health over 21 sec.  Must remain seated while eating. | Requires Level 5
252031	5	Food & Drink	Crisp Spring Water	430	Drink	Crisp Spring Water | Use: Restores 145 mana over 18 sec.  Must remain seated while drinking.
252032	5	Food & Drink	Red Delicious Stormapple	434	Food	Red Delicious Stormapple | Use: Restores 234 health over 21 sec.  Must remain seated while eating. (1 |4Sec:Sec; Cooldown) | Requires Level 5
252436	6	Permanent	Mystic Medium Armor Kit	1254742	Armor +16, Spell Power +2	Mystic Medium Armor Kit | Requires Level 15
252437	6	Permanent	Forceful Medium Armor Kit	1254740	Armor +16, Attack Power +4	Forceful Medium Armor Kit | Requires Level 15
252438	6	Permanent	nil	nil	nil	
252452	6	Permanent	Mystic Heavy Armor Kit	1254750	Mystic Heavy Armor Kit	Mystic Heavy Armor Kit | Requires Level 30
252453	6	Permanent	Forceful Heavy Armor Kit	1254748	Forceful Heavy Armor Kit	Forceful Heavy Armor Kit | Requires Level 30
252454	6	Permanent	nil	nil	nil	
252462	6	Permanent	Mystic Thick Armor Kit	1254767	Mystic Thick Armor Kit	Mystic Thick Armor Kit | Requires Level 40
252463	6	Permanent	Forceful Thick Armor Kit	1254768	Forceful Thick Armor Kit	Forceful Thick Armor Kit | Requires Level 40
252464	6	Permanent	nil	nil	nil	
252487	6	Permanent	Mystic Rugged Armor Kit	1254770	Mystic Rugged Armor Kit	Mystic Rugged Armor Kit | Requires Level 50
252488	6	Permanent	Forceful Rugged Armor Kit	1254772	Forceful Rugged Armor Kit	Forceful Rugged Armor Kit | Requires Level 50
252489	6	Permanent	nil	nil	nil	
252683	5	Food & Drink	nil	nil	nil	
255663	8	Other	Windstone	1259231	Infusion of Wind	Windstone | Use: Restores 21 to 59 mana and 32 to 88 health. This item cannot be used outside of Skywall. (2 |4Min:Min; Cooldown) | "A small glowing stone empowered with the magical essence of Skywall. It is often used as both a currency and a source of magical energy on Zephras Isle." || DESC: Restores 21 to 59 mana and 32 to 88 health. This item cannot be used outside of Skywall.
260236	8	Other	Scribbled Directions to Sulfur Vents	nil	nil	Scribbled Directions to Sulfur Vents | Quest Item | Unique | "A hastily-scrawled list of locations for prospecting." | <This item can be read>
260623	5	Food & Drink	Candied Fruit Sampler	1127	Food	Candied Fruit Sampler | Use: Restores 841 health over 27 sec.  Must remain seated while eating. | Requires Level 25
260624	5	Food & Drink	Pristine Peach	1129	Food	Pristine Peach | Use: Restores 1,338 health over 30 sec.  Must remain seated while eating. | Requires Level 35
260625	5	Food & Drink	Garnished Rice Cake	1129	Food	Garnished Rice Cake | Use: Restores 1,338 health over 30 sec.  Must remain seated while eating. | Requires Level 35
260627	5	Food & Drink	Savory Shen'dralar Steak	1131	Food	Savory Shen'dralar Steak | Use: Restores 2,065 health over 30 sec.  Must remain seated while eating. | Requires Level 45
260628	5	Food & Drink	Stuffed Pumpkin	1131	Food	Stuffed Pumpkin | Use: Restores 2,065 health over 30 sec.  Must remain seated while eating. | Requires Level 45
260629	5	Food & Drink	Spectral Spirits	11007	Weak Alcohol	Spectral Spirits | Use: A fairly weak alcoholic beverage. (10 |4Sec:Sec; Cooldown)
260631	5	Food & Drink	Arcane Wine	11008	Standard Alcohol	Arcane Wine | Use: A typical alcoholic beverage. (10 |4Sec:Sec; Cooldown)
260632	5	Food & Drink	Slushberry Brandy	11008	Standard Alcohol	Slushberry Brandy | Use: A typical alcoholic beverage. (10 |4Sec:Sec; Cooldown)
260633	5	Food & Drink	Sip of Lemonale	11009	Strong Alcohol	Sip of Lemonale | Use: A strong alcoholic beverage. (10 |4Sec:Sec; Cooldown)
260792	0	Explosives	SAF-T Dynamite	1269155	SAF-T Dynamite	SAF-T Dynamite | "Easy to throw, and SAF-T too!"
260793	0	Explosives	SAF-T Copper Bomb	1269161	SAF-T Copper Bomb	SAF-T Copper Bomb | "SAF-T Brand bombs *almost* never blow up in your hands (or your paws!)"
260795	0	Explosives	EZ-Thro Copper Bomb XL	1269192	EZ-Thro Copper Bomb XL	EZ-Thro Copper Bomb XL | Use: Inflicts 43 to 59 Fire damage and stuns targets in a 5 yard radius for 1 sec. Any damage will break the effect.
260797	0	Explosives	SAF-T Bronze Bomb	1269216	SAF-T Bronze Bomb	SAF-T Bronze Bomb | Use: Inflicts 74 to 99 Fire damage and stuns targets in a 3 yard radius for 2 sec.  Any damage will break the effect.
260798	0	Explosives	SAF-T Jumbo Dynamite	1269264	SAF-T Jumbo Dynamite	SAF-T Jumbo Dynamite | "If it's easy to throw, it's not SAF-T!"
260800	0	Explosives	Shafety Sheep	1269265	Shafety Sheep	Shafety Sheep | "Guaranteed to blow up only where it's SAF!"
260803	0	Explosives	EZ-Thro Grenade	1269270	EZ-Thro Grenade	EZ-Thro Grenade | "Who needs safety when it's this easy to throw?"
260805	0	Explosives	SAF-T Bomb	1269272	SAF-T Bomb	SAF-T Bomb | "S. A. F. T. B. O. M. B. SAF-T. Bomb."
260807	8	Other	Compact Critter Carrier	1318024	Compact Critter Carrier	Compact Critter Carrier | Use: Place a Compact Critter Carrier for 3 min that allows Hunters in your group to access their stabled pets. (30 |4Min:Min; Cooldown) | Classes: Hunter | Requires Level 40 || DESC: Place a Compact Critter Carrier for 3 min that allows Hunters in your group to access their stabled pets.
260809	0	Explosives	Tru-Trigger Frag Bomb	1269278	Tru-Trigger Frag Bomb	Tru-Trigger Frag Bomb | "Tru-Trigger frags enemies, not in your hands."
260814	0	Explosives	SAF-T Clever Dynamite	1269282	SAF-T Clever Dynamite	SAF-T Clever Dynamite | "SAF-T isn't dense. It's clever!"
260816	0	Explosives	EZ-Thro Thorium Grenade	1269330	EZ-Thro Thorium Grenade	EZ-Thro Thorium Grenade | "Anyone can use grenades with EZ-Thro!"
260817	0	Explosives	EZ-Thro Dark Bomb	1269334	EZ-Thro Dark Bomb	EZ-Thro Dark Bomb | "So EZ, you can Thro it in the dark."
260818	0	Explosives	EZ-Thro Mana Bomb	1269337	EZ-Thro Mana Bomb	EZ-Thro Mana Bomb | Use: Burns 675 to 1,125 mana from those in the blast radius and does 50% of the mana drained in damage to the target.  Also Silences targets in the blast for 5 sec.
260822	14	Devices	Ultrasafe Rechargeable Battery	1270940	Ultrasafe Rechargeable Battery	Ultrasafe Rechargeable Battery | Requires Level 60
260827	14	Devices	Stealthman 52	1271266	Stealth Field	Stealthman 52 | Requires Level 55 | Requires Engineering (250) | "Used by real secret agents."
262345	8	Other	nil	nil	nil	
262433	5	Food & Drink	Ketharas' Hyjal Stew	1269354	Ketharas' Hyjal Stew	Ketharas' Hyjal Stew | Binds when picked up | Use: Restores 4,240 health and 4,240 mana over 30 sec. Must remain seated while eating.
262767	8	Other	nil	nil	nil	
262887	8	Other	Sealed Apprentice's Writ	1269670	Open Letter	Sealed Apprentice's Writ | Use: Tear open the envelope to reveal the writ. The resulting order will be for an Apprentice craftsman. | Requires Level 10 | "A pending crafting order intercepted in transit. Perhaps you can be the means to its end." || DESC: Tear open the envelope to reveal the writ. The resulting order will be for an Apprentice craftsman.
262888	8	Other	Sealed Journeyman's Writ	1269671	Open Letter	Sealed Journeyman's Writ | Use: Tear open the envelope to reveal the writ. The resulting order will be for a Journeyman craftsman. | Requires Level 10 | "A pending crafting order intercepted in transit. Perhaps you can be the means to its end." || DESC: Tear open the envelope to reveal the writ. The resulting order will be for a Journeyman craftsman.
262889	8	Other	Sealed Expert's Writ	1269673	Open Letter	Sealed Expert's Writ | Use: Tear open the envelope to reveal the writ. The resulting order will be for an Expert craftsman. | Requires Level 10 | "A pending crafting order intercepted in transit. Perhaps you can be the means to its end." || DESC: Tear open the envelope to reveal the writ. The resulting order will be for an Expert craftsman.
262890	8	Other	Sealed Artisan's Writ	1269675	Open Letter	Sealed Artisan's Writ | Use: Tear open the envelope to reveal the writ. The resulting order will be for an Artisan craftsman. | Requires Level 10 | "A pending crafting order intercepted in transit. Perhaps you can be the means to its end." || DESC: Tear open the envelope to reveal the writ. The resulting order will be for an Artisan craftsman.
263507	5	Food & Drink	nil	nil	nil	
263509	5	Food & Drink	Skywall Souffle	1248377	Nutritious Food	Skywall Souffle | Use: Restores 58 health over 18 sec.  Must remain seated while eating. If you spend at least 10 seconds eating you will become well fed and gain 1 Stamina for 15 min. Additionally, experience gained from kills is increased by 5%. (1 |4Sec:Sec; Cooldown) | Requires Level 5
263512	5	Food & Drink	Pincer Bites	1248379	Nutritious Food	Pincer Bites | Use: Restores 58 health over 18 sec.  Must remain seated while eating. If you spend at least 10 seconds eating you will become well fed and gain 1 Intellect for 15 min. Additionally, experience gained from kills is increased by 5%. (1 |4Sec:Sec; Cooldown) | Requires Level 5
264011	8	Other	Craftsman's Writ: Elixir of Ogre's Strength	nil	nil	Craftsman's Writ: Elixir of Ogre's Strength | |cFFF5EB2EJourneyman|r | This Item Begins a Quest | Requires Level 10 | "A pending crafting order. Acquire the requested items and deliver them to the customer for a reward."
264012	8	Other	Craftsman's Writ: Elixir of Wisdom	nil	nil	Craftsman's Writ: Elixir of Wisdom | |cFFF5EB2EJourneyman|r | This Item Begins a Quest | Requires Level 10 | "A pending crafting order. Acquire the requested items and deliver them to the customer for a reward."
264013	8	Other	Craftsman's Writ: Lesser Mana Potion	nil	nil	Craftsman's Writ: Lesser Mana Potion | |cFFF5EB2EJourneyman|r | This Item Begins a Quest | Requires Level 10 | "A pending crafting order. Acquire the requested items and deliver them to the customer for a reward."
264014	8	Other	Craftsman's Writ: Shadow Protection Potion	nil	nil	Craftsman's Writ: Shadow Protection Potion | |cFFF5EB2EJourneyman|r | This Item Begins a Quest | Requires Level 10 | "A pending crafting order. Acquire the requested items and deliver them to the customer for a reward."
264015	8	Other	Craftsman's Writ: Free Action Potion	nil	nil	Craftsman's Writ: Free Action Potion | |cFFF5EB2EJourneyman|r | This Item Begins a Quest | Requires Level 10 | "A pending crafting order. Acquire the requested items and deliver them to the customer for a reward."
264016	8	Other	Craftsman's Writ: Elixir of Lesser Agility	nil	nil	Craftsman's Writ: Elixir of Lesser Agility | |cFFF5EB2EJourneyman|r | This Item Begins a Quest | Requires Level 10 | "A pending crafting order. Acquire the requested items and deliver them to the customer for a reward."
264017	8	Other	Craftsman's Writ: Lesser Troll's Blood Elixir	nil	nil	Craftsman's Writ: Lesser Troll's Blood Elixir | |cFFF5EB2EJourneyman|r | This Item Begins a Quest | Requires Level 10 | "A pending crafting order. Acquire the requested items and deliver them to the customer for a reward."
264018	8	Other	Craftsman's Writ: Elixir of Defense	nil	nil	Craftsman's Writ: Elixir of Defense | |cFFF5EB2EJourneyman|r | This Item Begins a Quest | Requires Level 10 | "A pending crafting order. Acquire the requested items and deliver them to the customer for a reward."
264019	8	Other	Craftsman's Writ: Draught of Water Breathing	nil	nil	Craftsman's Writ: Draught of Water Breathing | |cFFF5EB2EJourneyman|r | This Item Begins a Quest | Requires Level 10 | "A pending crafting order. Acquire the requested items and deliver them to the customer for a reward."
264020	8	Other	Craftsman's Writ: Pearl-Handled Dagger	nil	nil	Craftsman's Writ: Pearl-Handled Dagger | |cFFF5EB2EJourneyman|r | This Item Begins a Quest | Requires Level 10 | "A pending crafting order. Acquire the requested items and deliver them to the customer for a reward."
264021	8	Other	Craftsman's Writ: Golden Rod	nil	nil	Craftsman's Writ: Golden Rod | |cFFF5EB2EJourneyman|r | This Item Begins a Quest | Requires Level 10 | "A pending crafting order. Acquire the requested items and deliver them to the customer for a reward."
264022	8	Other	Craftsman's Writ: Iridescent Hammer	nil	nil	Craftsman's Writ: Iridescent Hammer | |cFFF5EB2EJourneyman|r | This Item Begins a Quest | Requires Level 10 | "A pending crafting order. Acquire the requested items and deliver them to the customer for a reward."
264023	8	Other	Craftsman's Writ: Silver Skeleton Key	nil	nil	Craftsman's Writ: Silver Skeleton Key | |cFFF5EB2EJourneyman|r | This Item Begins a Quest | Requires Level 10 | "A pending crafting order. Acquire the requested items and deliver them to the customer for a reward."
264024	8	Other	Craftsman's Writ: Heavy Bronze Mace	nil	nil	Craftsman's Writ: Heavy Bronze Mace | |cFFF5EB2EJourneyman|r | This Item Begins a Quest | Requires Level 10 | "A pending crafting order. Acquire the requested items and deliver them to the customer for a reward."
264025	8	Other	Craftsman's Writ: Rough Bronze Leggings	nil	nil	Craftsman's Writ: Rough Bronze Leggings | |cFFF5EB2EJourneyman|r | This Item Begins a Quest | Requires Level 10 | "A pending crafting order. Acquire the requested items and deliver them to the customer for a reward."
264026	8	Other	Craftsman's Writ: Green Iron Gauntlets	nil	nil	Craftsman's Writ: Green Iron Gauntlets | |cFFF5EB2EJourneyman|r | This Item Begins a Quest | Requires Level 10 | "A pending crafting order. Acquire the requested items and deliver them to the customer for a reward."
264027	8	Other	Craftsman's Writ: Big Bronze Knife	nil	nil	Craftsman's Writ: Big Bronze Knife | |cFFF5EB2EJourneyman|r | This Item Begins a Quest | Requires Level 10 | "A pending crafting order. Acquire the requested items and deliver them to the customer for a reward."
264028	8	Other	Craftsman's Writ: Green Iron Boots	nil	nil	Craftsman's Writ: Green Iron Boots | |cFFF5EB2EJourneyman|r | This Item Begins a Quest | Requires Level 10 | "A pending crafting order. Acquire the requested items and deliver them to the customer for a reward."
264029	8	Other	Craftsman's Writ: Ornate Spyglass	nil	nil	Craftsman's Writ: Ornate Spyglass | |cFFF5EB2EJourneyman|r | This Item Begins a Quest | Requires Level 10 | "A pending crafting order. Acquire the requested items and deliver them to the customer for a reward."
264030	8	Other	Craftsman's Writ: Explosive Sheep	nil	nil	Craftsman's Writ: Explosive Sheep | |cFFF5EB2EJourneyman|r | This Item Begins a Quest | Requires Level 10 | "A pending crafting order. Acquire the requested items and deliver them to the customer for a reward."
264031	8	Other	Craftsman's Writ: Moonsight Rifle	nil	nil	Craftsman's Writ: Moonsight Rifle | |cFFF5EB2EJourneyman|r | This Item Begins a Quest | Requires Level 10 | "A pending crafting order. Acquire the requested items and deliver them to the customer for a reward."
264032	8	Other	Craftsman's Writ: Minor Recombobulator	nil	nil	Craftsman's Writ: Minor Recombobulator | |cFFF5EB2EJourneyman|r | This Item Begins a Quest | Requires Level 10 | "A pending crafting order. Acquire the requested items and deliver them to the customer for a reward."
264033	8	Other	Craftsman's Writ: Practice Lock	nil	nil	Craftsman's Writ: Practice Lock | |cFFF5EB2EJourneyman|r | This Item Begins a Quest | Requires Level 10 | "A pending crafting order. Acquire the requested items and deliver them to the customer for a reward."
264034	8	Other	Craftsman's Writ: Shadow Goggles	nil	nil	Craftsman's Writ: Shadow Goggles | |cFFF5EB2EJourneyman|r | This Item Begins a Quest | Requires Level 10 | "A pending crafting order. Acquire the requested items and deliver them to the customer for a reward."
264035	8	Other	Craftsman's Writ: Gnomish Universal Remote	nil	nil	Craftsman's Writ: Gnomish Universal Remote | |cFFF5EB2EJourneyman|r | This Item Begins a Quest | Requires Level 10 | "A pending crafting order. Acquire the requested items and deliver them to the customer for a reward."
264036	8	Other	Craftsman's Writ: Big Bronze Bomb	nil	nil	Craftsman's Writ: Big Bronze Bomb | |cFFF5EB2EJourneyman|r | This Item Begins a Quest | Requires Level 10 | "A pending crafting order. Acquire the requested items and deliver them to the customer for a reward."
264037	8	Other	Craftsman's Writ: Crafted Solid Shot	nil	nil	Craftsman's Writ: Crafted Solid Shot | |cFFF5EB2EJourneyman|r | This Item Begins a Quest | Requires Level 10 | "A pending crafting order. Acquire the requested items and deliver them to the customer for a reward."
264038	8	Other	Craftsman's Writ: Heavy Leather Ball	nil	nil	Craftsman's Writ: Heavy Leather Ball | |cFFF5EB2EJourneyman|r | This Item Begins a Quest | Requires Level 10 | "A pending crafting order. Acquire the requested items and deliver them to the customer for a reward."
264039	8	Other	Craftsman's Writ: Fine Leather Pants	nil	nil	Craftsman's Writ: Fine Leather Pants | |cFFF5EB2EJourneyman|r | This Item Begins a Quest | Requires Level 10 | "A pending crafting order. Acquire the requested items and deliver them to the customer for a reward."
264040	8	Other	Craftsman's Writ: Herbalist's Gloves	nil	nil	Craftsman's Writ: Herbalist's Gloves | |cFFF5EB2EJourneyman|r | This Item Begins a Quest | Requires Level 10 | "A pending crafting order. Acquire the requested items and deliver them to the customer for a reward."
264041	8	Other	Craftsman's Writ: Dark Leather Tunic	nil	nil	Craftsman's Writ: Dark Leather Tunic | |cFFF5EB2EJourneyman|r | This Item Begins a Quest | Requires Level 10 | "A pending crafting order. Acquire the requested items and deliver them to the customer for a reward."
264042	8	Other	Craftsman's Writ: Pilferer's Gloves	nil	nil	Craftsman's Writ: Pilferer's Gloves | |cFFF5EB2EJourneyman|r | This Item Begins a Quest | Requires Level 10 | "A pending crafting order. Acquire the requested items and deliver them to the customer for a reward."
264043	8	Other	Craftsman's Writ: Heavy Quiver	nil	nil	Craftsman's Writ: Heavy Quiver | |cFFF5EB2EJourneyman|r | This Item Begins a Quest | Requires Level 10 | "A pending crafting order. Acquire the requested items and deliver them to the customer for a reward."
264044	8	Other	Craftsman's Writ: Dark Leather Shoulders	nil	nil	Craftsman's Writ: Dark Leather Shoulders | |cFFF5EB2EJourneyman|r | This Item Begins a Quest | Requires Level 10 | "A pending crafting order. Acquire the requested items and deliver them to the customer for a reward."
264045	8	Other	Craftsman's Writ: Barbaric Gloves	nil	nil	Craftsman's Writ: Barbaric Gloves | |cFFF5EB2EJourneyman|r | This Item Begins a Quest | Requires Level 10 | "A pending crafting order. Acquire the requested items and deliver them to the customer for a reward."
264046	8	Other	Craftsman's Writ: Red Whelp Gloves	nil	nil	Craftsman's Writ: Red Whelp Gloves | |cFFF5EB2EJourneyman|r | This Item Begins a Quest | Requires Level 10 | "A pending crafting order. Acquire the requested items and deliver them to the customer for a reward."
264047	8	Other	Craftsman's Writ: Lesser Wizard's Robe	nil	nil	Craftsman's Writ: Lesser Wizard's Robe | |cFFF5EB2EJourneyman|r | This Item Begins a Quest | Requires Level 10 | "A pending crafting order. Acquire the requested items and deliver them to the customer for a reward."
264048	8	Other	Craftsman's Writ: Blue Overalls	nil	nil	Craftsman's Writ: Blue Overalls | |cFFF5EB2EJourneyman|r | This Item Begins a Quest | Requires Level 10 | "A pending crafting order. Acquire the requested items and deliver them to the customer for a reward."
264049	8	Other	Craftsman's Writ: Azure Silk Hood	nil	nil	Craftsman's Writ: Azure Silk Hood | |cFFF5EB2EJourneyman|r | This Item Begins a Quest | Requires Level 10 | "A pending crafting order. Acquire the requested items and deliver them to the customer for a reward."
264050	8	Other	Craftsman's Writ: Small Silk Pack	nil	nil	Craftsman's Writ: Small Silk Pack | |cFFF5EB2EJourneyman|r | This Item Begins a Quest | Requires Level 10 | "A pending crafting order. Acquire the requested items and deliver them to the customer for a reward."
264051	8	Other	Craftsman's Writ: Phoenix Pants	nil	nil	Craftsman's Writ: Phoenix Pants | |cFFF5EB2EJourneyman|r | This Item Begins a Quest | Requires Level 10 | "A pending crafting order. Acquire the requested items and deliver them to the customer for a reward."
264052	8	Other	Craftsman's Writ: Red Woolen Boots	nil	nil	Craftsman's Writ: Red Woolen Boots | |cFFF5EB2EJourneyman|r | This Item Begins a Quest | Requires Level 10 | "A pending crafting order. Acquire the requested items and deliver them to the customer for a reward."
264053	8	Other	Craftsman's Writ: Colorful Kilt	nil	nil	Craftsman's Writ: Colorful Kilt | |cFFF5EB2EJourneyman|r | This Item Begins a Quest | Requires Level 10 | "A pending crafting order. Acquire the requested items and deliver them to the customer for a reward."
264054	8	Other	Craftsman's Writ: Greater Adept's Robe	nil	nil	Craftsman's Writ: Greater Adept's Robe | |cFFF5EB2EJourneyman|r | This Item Begins a Quest | Requires Level 10 | "A pending crafting order. Acquire the requested items and deliver them to the customer for a reward."
264055	8	Other	Craftsman's Writ: Spider Silk Slippers	nil	nil	Craftsman's Writ: Spider Silk Slippers | |cFFF5EB2EJourneyman|r | This Item Begins a Quest | Requires Level 10 | "A pending crafting order. Acquire the requested items and deliver them to the customer for a reward."
264056	8	Other	Craftsman's Writ: Frost Protection Potion	nil	nil	Craftsman's Writ: Frost Protection Potion | |cFFF5EB2EExpert|r | This Item Begins a Quest | Requires Level 10 | "A pending crafting order. Acquire the requested items and deliver them to the customer for a reward."
264057	8	Other	Craftsman's Writ: Lesser Invisibility Potion	nil	nil	Craftsman's Writ: Lesser Invisibility Potion | |cFFF5EB2EExpert|r | This Item Begins a Quest | Requires Level 10 | "A pending crafting order. Acquire the requested items and deliver them to the customer for a reward."
264058	8	Other	Craftsman's Writ: Lesser Stoneshield Potion	nil	nil	Craftsman's Writ: Lesser Stoneshield Potion | |cFFF5EB2EExpert|r | This Item Begins a Quest | Requires Level 10 | "A pending crafting order. Acquire the requested items and deliver them to the customer for a reward."
264059	8	Other	Craftsman's Writ: Nature Protection Potion	nil	nil	Craftsman's Writ: Nature Protection Potion | |cFFF5EB2EExpert|r | This Item Begins a Quest | Requires Level 10 | "A pending crafting order. Acquire the requested items and deliver them to the customer for a reward."
264060	8	Other	Craftsman's Writ: Catseye Draught	nil	nil	Craftsman's Writ: Catseye Draught | |cFFF5EB2EExpert|r | This Item Begins a Quest | Requires Level 10 | "A pending crafting order. Acquire the requested items and deliver them to the customer for a reward."
264061	8	Other	Craftsman's Writ: Great Rage Potion	nil	nil	Craftsman's Writ: Great Rage Potion | |cFFF5EB2EExpert|r | This Item Begins a Quest | Requires Level 10 | "A pending crafting order. Acquire the requested items and deliver them to the customer for a reward."
264062	8	Other	Craftsman's Writ: Mana Potion	nil	nil	Craftsman's Writ: Mana Potion | |cFFF5EB2EExpert|r | This Item Begins a Quest | Requires Level 10 | "A pending crafting order. Acquire the requested items and deliver them to the customer for a reward."
264063	8	Other	Craftsman's Writ: Fire Protection Potion	nil	nil	Craftsman's Writ: Fire Protection Potion | |cFFF5EB2EExpert|r | This Item Begins a Quest | Requires Level 10 | "A pending crafting order. Acquire the requested items and deliver them to the customer for a reward."
264064	8	Other	Craftsman's Writ: Shadow Oil	nil	nil	Craftsman's Writ: Shadow Oil | |cFFF5EB2EExpert|r | This Item Begins a Quest | Requires Level 10 | "A pending crafting order. Acquire the requested items and deliver them to the customer for a reward."
264065	8	Other	Craftsman's Writ: Goblin Rocket Fuel	nil	nil	Craftsman's Writ: Goblin Rocket Fuel | |cFFF5EB2EExpert|r | This Item Begins a Quest | Requires Level 10 | "A pending crafting order. Acquire the requested items and deliver them to the customer for a reward."
264066	8	Other	Craftsman's Writ: Elixir of Agility	nil	nil	Craftsman's Writ: Elixir of Agility | |cFFF5EB2EExpert|r | This Item Begins a Quest | Requires Level 10 | "A pending crafting order. Acquire the requested items and deliver them to the customer for a reward."
264067	8	Other	Craftsman's Writ: Wildvine Potion	nil	nil	Craftsman's Writ: Wildvine Potion | |cFFF5EB2EExpert|r | This Item Begins a Quest | Requires Level 10 | "A pending crafting order. Acquire the requested items and deliver them to the customer for a reward."
264068	8	Other	Craftsman's Writ: Steel Plate Helm	nil	nil	Craftsman's Writ: Steel Plate Helm | |cFFF5EB2EExpert|r | This Item Begins a Quest | Requires Level 10 | "A pending crafting order. Acquire the requested items and deliver them to the customer for a reward."
264069	8	Other	Craftsman's Writ: Inlaid Mithril Cylinder	nil	nil	Craftsman's Writ: Inlaid Mithril Cylinder | |cFFF5EB2EExpert|r | This Item Begins a Quest | Requires Level 10 | "A pending crafting order. Acquire the requested items and deliver them to the customer for a reward."
264070	8	Other	Craftsman's Writ: Steel Weapon Chain	nil	nil	Craftsman's Writ: Steel Weapon Chain | |cFFF5EB2EExpert|r | This Item Begins a Quest | Requires Level 10 | "A pending crafting order. Acquire the requested items and deliver them to the customer for a reward."
264071	8	Other	Craftsman's Writ: Ornate Mithril Shoulders	nil	nil	Craftsman's Writ: Ornate Mithril Shoulders | |cFFF5EB2EExpert|r | This Item Begins a Quest | Requires Level 10 | "A pending crafting order. Acquire the requested items and deliver them to the customer for a reward."
264072	8	Other	Craftsman's Writ: Blue Glittering Axe	nil	nil	Craftsman's Writ: Blue Glittering Axe | |cFFF5EB2EExpert|r | This Item Begins a Quest | Requires Level 10 | "A pending crafting order. Acquire the requested items and deliver them to the customer for a reward."
264073	8	Other	Craftsman's Writ: Moonsteel Broadsword	nil	nil	Craftsman's Writ: Moonsteel Broadsword | |cFFF5EB2EExpert|r | This Item Begins a Quest | Requires Level 10 | "A pending crafting order. Acquire the requested items and deliver them to the customer for a reward."
264074	8	Other	Craftsman's Writ: Golden Scale Coif	nil	nil	Craftsman's Writ: Golden Scale Coif | |cFFF5EB2EExpert|r | This Item Begins a Quest | Requires Level 10 | "A pending crafting order. Acquire the requested items and deliver them to the customer for a reward."
264075	8	Other	Craftsman's Writ: Solid Sharpening Stone	nil	nil	Craftsman's Writ: Solid Sharpening Stone | |cFFF5EB2EExpert|r | This Item Begins a Quest | Requires Level 10 | "A pending crafting order. Acquire the requested items and deliver them to the customer for a reward."
264076	8	Other	Craftsman's Writ: Wicked Mithril Blade	nil	nil	Craftsman's Writ: Wicked Mithril Blade | |cFFF5EB2EExpert|r | This Item Begins a Quest | Requires Level 10 | "A pending crafting order. Acquire the requested items and deliver them to the customer for a reward."
264077	8	Other	Craftsman's Writ: Truesilver Rod	nil	nil	Craftsman's Writ: Truesilver Rod | |cFFF5EB2EExpert|r | This Item Begins a Quest | Requires Level 10 | "A pending crafting order. Acquire the requested items and deliver them to the customer for a reward."
264078	8	Other	Craftsman's Writ: Golden Scale Gauntlets	nil	nil	Craftsman's Writ: Golden Scale Gauntlets | |cFFF5EB2EExpert|r | This Item Begins a Quest | Requires Level 10 | "A pending crafting order. Acquire the requested items and deliver them to the customer for a reward."
264079	8	Other	Craftsman's Writ: Heavy Mithril Axe	nil	nil	Craftsman's Writ: Heavy Mithril Axe | |cFFF5EB2EExpert|r | This Item Begins a Quest | Requires Level 10 | "A pending crafting order. Acquire the requested items and deliver them to the customer for a reward."
264080	8	Other	Craftsman's Writ: Mechanical Dragonling	nil	nil	Craftsman's Writ: Mechanical Dragonling | |cFFF5EB2EExpert|r | This Item Begins a Quest | Requires Level 10 | "A pending crafting order. Acquire the requested items and deliver them to the customer for a reward."
264081	8	Other	Craftsman's Writ: Advanced Target Dummy	nil	nil	Craftsman's Writ: Advanced Target Dummy | |cFFF5EB2EExpert|r | This Item Begins a Quest | Requires Level 10 | "A pending crafting order. Acquire the requested items and deliver them to the customer for a reward."
264082	8	Other	Craftsman's Writ: Craftsman's Monocle	nil	nil	Craftsman's Writ: Craftsman's Monocle | |cFFF5EB2EExpert|r | This Item Begins a Quest | Requires Level 10 | "A pending crafting order. Acquire the requested items and deliver them to the customer for a reward."
264083	8	Other	Craftsman's Writ: Goblin Land Mine	nil	nil	Craftsman's Writ: Goblin Land Mine | |cFFF5EB2EExpert|r | This Item Begins a Quest | Requires Level 10 | "A pending crafting order. Acquire the requested items and deliver them to the customer for a reward."
264084	8	Other	Craftsman's Writ: Catseye Ultra Goggles	nil	nil	Craftsman's Writ: Catseye Ultra Goggles | |cFFF5EB2EExpert|r | This Item Begins a Quest | Requires Level 10 | "A pending crafting order. Acquire the requested items and deliver them to the customer for a reward."
264085	8	Other	Craftsman's Writ: Unstable Trigger	nil	nil	Craftsman's Writ: Unstable Trigger | |cFFF5EB2EExpert|r | This Item Begins a Quest | Requires Level 10 | "A pending crafting order. Acquire the requested items and deliver them to the customer for a reward."
264086	8	Other	Craftsman's Writ: Flash Bomb	nil	nil	Craftsman's Writ: Flash Bomb | |cFFF5EB2EExpert|r | This Item Begins a Quest | Requires Level 10 | "A pending crafting order. Acquire the requested items and deliver them to the customer for a reward."
264087	8	Other	Craftsman's Writ: Fire Goggles	nil	nil	Craftsman's Writ: Fire Goggles | |cFFF5EB2EExpert|r | This Item Begins a Quest | Requires Level 10 | "A pending crafting order. Acquire the requested items and deliver them to the customer for a reward."
264088	8	Other	Craftsman's Writ: Mithril Frag Bomb	nil	nil	Craftsman's Writ: Mithril Frag Bomb | |cFFF5EB2EExpert|r | This Item Begins a Quest | Requires Level 10 | "A pending crafting order. Acquire the requested items and deliver them to the customer for a reward."
264089	8	Other	Craftsman's Writ: Gyromatic Micro-Adjuster	nil	nil	Craftsman's Writ: Gyromatic Micro-Adjuster | |cFFF5EB2EExpert|r | This Item Begins a Quest | Requires Level 10 | "A pending crafting order. Acquire the requested items and deliver them to the customer for a reward."
264090	8	Other	Craftsman's Writ: Mechanical Repair Kit	nil	nil	Craftsman's Writ: Mechanical Repair Kit | |cFFF5EB2EExpert|r | This Item Begins a Quest | Requires Level 10 | "A pending crafting order. Acquire the requested items and deliver them to the customer for a reward."
264091	8	Other	Craftsman's Writ: Dark Iron Bomb	nil	nil	Craftsman's Writ: Dark Iron Bomb | |cFFF5EB2EExpert|r | This Item Begins a Quest | Requires Level 10 | "A pending crafting order. Acquire the requested items and deliver them to the customer for a reward."
264092	8	Other	Craftsman's Writ: Comfortable Leather Hat	nil	nil	Craftsman's Writ: Comfortable Leather Hat | |cFFF5EB2EExpert|r | This Item Begins a Quest | Requires Level 10 | "A pending crafting order. Acquire the requested items and deliver them to the customer for a reward."
264093	8	Other	Craftsman's Writ: Guardian Cloak	nil	nil	Craftsman's Writ: Guardian Cloak | |cFFF5EB2EExpert|r | This Item Begins a Quest | Requires Level 10 | "A pending crafting order. Acquire the requested items and deliver them to the customer for a reward."
264094	8	Other	Craftsman's Writ: Dusky Bracers	nil	nil	Craftsman's Writ: Dusky Bracers | |cFFF5EB2EExpert|r | This Item Begins a Quest | Requires Level 10 | "A pending crafting order. Acquire the requested items and deliver them to the customer for a reward."
264095	8	Other	Craftsman's Writ: Wild Leather Helmet	nil	nil	Craftsman's Writ: Wild Leather Helmet | |cFFF5EB2EExpert|r | This Item Begins a Quest | Requires Level 10 | "A pending crafting order. Acquire the requested items and deliver them to the customer for a reward."
264096	8	Other	Craftsman's Writ: Wild Leather Shoulders	nil	nil	Craftsman's Writ: Wild Leather Shoulders | |cFFF5EB2EExpert|r | This Item Begins a Quest | Requires Level 10 | "A pending crafting order. Acquire the requested items and deliver them to the customer for a reward."
264097	8	Other	Craftsman's Writ: Quickdraw Quiver	nil	nil	Craftsman's Writ: Quickdraw Quiver | |cFFF5EB2EExpert|r | This Item Begins a Quest | Requires Level 10 | "A pending crafting order. Acquire the requested items and deliver them to the customer for a reward."
264098	8	Other	Craftsman's Writ: Swift Boots	nil	nil	Craftsman's Writ: Swift Boots | |cFFF5EB2EExpert|r | This Item Begins a Quest | Requires Level 10 | "A pending crafting order. Acquire the requested items and deliver them to the customer for a reward."
264099	8	Other	Craftsman's Writ: Nightscape Shoulders	nil	nil	Craftsman's Writ: Nightscape Shoulders | |cFFF5EB2EExpert|r | This Item Begins a Quest | Requires Level 10 | "A pending crafting order. Acquire the requested items and deliver them to the customer for a reward."
264100	8	Other	Craftsman's Writ: Big Voodoo Mask	nil	nil	Craftsman's Writ: Big Voodoo Mask | |cFFF5EB2EExpert|r | This Item Begins a Quest | Requires Level 10 | "A pending crafting order. Acquire the requested items and deliver them to the customer for a reward."
264101	8	Other	Craftsman's Writ: Big Voodoo Robe	nil	nil	Craftsman's Writ: Big Voodoo Robe | |cFFF5EB2EExpert|r | This Item Begins a Quest | Requires Level 10 | "A pending crafting order. Acquire the requested items and deliver them to the customer for a reward."
264102	8	Other	Craftsman's Writ: Turtle Scale Breastplate	nil	nil	Craftsman's Writ: Turtle Scale Breastplate | |cFFF5EB2EExpert|r | This Item Begins a Quest | Requires Level 10 | "A pending crafting order. Acquire the requested items and deliver them to the customer for a reward."
264103	8	Other	Craftsman's Writ: Thick Leather Ammo Pouch	nil	nil	Craftsman's Writ: Thick Leather Ammo Pouch | |cFFF5EB2EExpert|r | This Item Begins a Quest | Requires Level 10 | "A pending crafting order. Acquire the requested items and deliver them to the customer for a reward."
264104	8	Other	Craftsman's Writ: Mageweave Bag	nil	nil	Craftsman's Writ: Mageweave Bag | |cFFF5EB2EExpert|r | This Item Begins a Quest | Requires Level 10 | "A pending crafting order. Acquire the requested items and deliver them to the customer for a reward."
264105	8	Other	Craftsman's Writ: Shadoweave Gloves	nil	nil	Craftsman's Writ: Shadoweave Gloves | |cFFF5EB2EExpert|r | This Item Begins a Quest | Requires Level 10 | "A pending crafting order. Acquire the requested items and deliver them to the customer for a reward."
264106	8	Other	Craftsman's Writ: Crimson Silk Robe	nil	nil	Craftsman's Writ: Crimson Silk Robe | |cFFF5EB2EExpert|r | This Item Begins a Quest | Requires Level 10 | "A pending crafting order. Acquire the requested items and deliver them to the customer for a reward."
264107	8	Other	Craftsman's Writ: Shadoweave Robe	nil	nil	Craftsman's Writ: Shadoweave Robe | |cFFF5EB2EExpert|r | This Item Begins a Quest | Requires Level 10 | "A pending crafting order. Acquire the requested items and deliver them to the customer for a reward."
264108	8	Other	Craftsman's Writ: Enchanted Mageweave Pouch	nil	nil	Craftsman's Writ: Enchanted Mageweave Pouch | |cFFF5EB2EExpert|r | This Item Begins a Quest | Requires Level 10 | "A pending crafting order. Acquire the requested items and deliver them to the customer for a reward."
264109	8	Other	Craftsman's Writ: Star Belt	nil	nil	Craftsman's Writ: Star Belt | |cFFF5EB2EExpert|r | This Item Begins a Quest | Requires Level 10 | "A pending crafting order. Acquire the requested items and deliver them to the customer for a reward."
264110	8	Other	Craftsman's Writ: Black Mageweave Vest	nil	nil	Craftsman's Writ: Black Mageweave Vest | |cFFF5EB2EExpert|r | This Item Begins a Quest | Requires Level 10 | "A pending crafting order. Acquire the requested items and deliver them to the customer for a reward."
264111	8	Other	Craftsman's Writ: Red Mageweave Pants	nil	nil	Craftsman's Writ: Red Mageweave Pants | |cFFF5EB2EExpert|r | This Item Begins a Quest | Requires Level 10 | "A pending crafting order. Acquire the requested items and deliver them to the customer for a reward."
264112	8	Other	Craftsman's Writ: Orange Martial Shirt	nil	nil	Craftsman's Writ: Orange Martial Shirt | |cFFF5EB2EExpert|r | This Item Begins a Quest | Requires Level 10 | "A pending crafting order. Acquire the requested items and deliver them to the customer for a reward."
264113	8	Other	Craftsman's Writ: White Bandit Mask	nil	nil	Craftsman's Writ: White Bandit Mask | |cFFF5EB2EExpert|r | This Item Begins a Quest | Requires Level 10 | "A pending crafting order. Acquire the requested items and deliver them to the customer for a reward."
264114	8	Other	Craftsman's Writ: Cindercloth Robe	nil	nil	Craftsman's Writ: Cindercloth Robe | |cFFF5EB2EExpert|r | This Item Begins a Quest | Requires Level 10 | "A pending crafting order. Acquire the requested items and deliver them to the customer for a reward."
264115	8	Other	Craftsman's Writ: Earthen Silk Belt	nil	nil	Craftsman's Writ: Earthen Silk Belt | |cFFF5EB2EExpert|r | This Item Begins a Quest | Requires Level 10 | "A pending crafting order. Acquire the requested items and deliver them to the customer for a reward."
264116	8	Other	Craftsman's Writ: Potion of Demonslaying	nil	nil	Craftsman's Writ: Potion of Demonslaying | |cFFF5EB2EArtisan|r | This Item Begins a Quest | Requires Level 10 | "A pending crafting order. Acquire the requested items and deliver them to the customer for a reward."
264117	8	Other	Craftsman's Writ: Dreamless Sleep Potion	nil	nil	Craftsman's Writ: Dreamless Sleep Potion | |cFFF5EB2EArtisan|r | This Item Begins a Quest | Requires Level 10 | "A pending crafting order. Acquire the requested items and deliver them to the customer for a reward."
264118	8	Other	Craftsman's Writ: Greater Fire Protection Potion	nil	nil	Craftsman's Writ: Greater Fire Protection Potion | |cFFF5EB2EArtisan|r | This Item Begins a Quest | Requires Level 10 | "A pending crafting order. Acquire the requested items and deliver them to the customer for a reward."
264119	8	Other	Craftsman's Writ: Draught of Detect Demon	nil	nil	Craftsman's Writ: Draught of Detect Demon | |cFFF5EB2EArtisan|r | This Item Begins a Quest | Requires Level 10 | "A pending crafting order. Acquire the requested items and deliver them to the customer for a reward."
264120	8	Other	Craftsman's Writ: Gift of Arthas	nil	nil	Craftsman's Writ: Gift of Arthas | |cFFF5EB2EArtisan|r | This Item Begins a Quest | Requires Level 10 | "A pending crafting order. Acquire the requested items and deliver them to the customer for a reward."
264121	8	Other	Craftsman's Writ: Flask of Chromatic Resistance	nil	nil	Craftsman's Writ: Flask of Chromatic Resistance | |cFFF5EB2EArtisan|r | This Item Begins a Quest | Requires Level 10 | "A pending crafting order. Acquire the requested items and deliver them to the customer for a reward."
264122	8	Other	Craftsman's Writ: Limited Invulnerability Potion	nil	nil	Craftsman's Writ: Limited Invulnerability Potion | |cFFF5EB2EArtisan|r | This Item Begins a Quest | Requires Level 10 | "A pending crafting order. Acquire the requested items and deliver them to the customer for a reward."
264123	8	Other	Craftsman's Writ: Major Rejuvenation Potion	nil	nil	Craftsman's Writ: Major Rejuvenation Potion | |cFFF5EB2EArtisan|r | This Item Begins a Quest | Requires Level 10 | "A pending crafting order. Acquire the requested items and deliver them to the customer for a reward."
264124	8	Other	Craftsman's Writ: Distilled Firewater	nil	nil	Craftsman's Writ: Distilled Firewater | |cFFF5EB2EArtisan|r | This Item Begins a Quest | Requires Level 10 | "A pending crafting order. Acquire the requested items and deliver them to the customer for a reward."
264125	8	Other	Craftsman's Writ: Radiant Circlet	nil	nil	Craftsman's Writ: Radiant Circlet | |cFFF5EB2EArtisan|r | This Item Begins a Quest | Requires Level 10 | "A pending crafting order. Acquire the requested items and deliver them to the customer for a reward."
264126	8	Other	Craftsman's Writ: Radiant Belt	nil	nil	Craftsman's Writ: Radiant Belt | |cFFF5EB2EArtisan|r | This Item Begins a Quest | Requires Level 10 | "A pending crafting order. Acquire the requested items and deliver them to the customer for a reward."
264127	8	Other	Craftsman's Writ: Orcish War Leggings	nil	nil	Craftsman's Writ: Orcish War Leggings | |cFFF5EB2EArtisan|r | This Item Begins a Quest | Requires Level 10 | "A pending crafting order. Acquire the requested items and deliver them to the customer for a reward."
264128	8	Other	Craftsman's Writ: Mithril Spurs	nil	nil	Craftsman's Writ: Mithril Spurs | |cFFF5EB2EArtisan|r | This Item Begins a Quest | Requires Level 10 | "A pending crafting order. Acquire the requested items and deliver them to the customer for a reward."
264129	8	Other	Craftsman's Writ: Imperial Plate Chest	nil	nil	Craftsman's Writ: Imperial Plate Chest | |cFFF5EB2EArtisan|r | This Item Begins a Quest | Requires Level 10 | "A pending crafting order. Acquire the requested items and deliver them to the customer for a reward."
264130	8	Other	Craftsman's Writ: Darkrune Gauntlets	nil	nil	Craftsman's Writ: Darkrune Gauntlets | |cFFF5EB2EArtisan|r | This Item Begins a Quest | Requires Level 10 | "A pending crafting order. Acquire the requested items and deliver them to the customer for a reward."
264131	8	Other	Craftsman's Writ: Huge Thorium Battleaxe	nil	nil	Craftsman's Writ: Huge Thorium Battleaxe | |cFFF5EB2EArtisan|r | This Item Begins a Quest | Requires Level 10 | "A pending crafting order. Acquire the requested items and deliver them to the customer for a reward."
264132	8	Other	Craftsman's Writ: Arcanite Skeleton Key	nil	nil	Craftsman's Writ: Arcanite Skeleton Key | |cFFF5EB2EArtisan|r | This Item Begins a Quest | Requires Level 10 | "A pending crafting order. Acquire the requested items and deliver them to the customer for a reward."
264133	8	Other	Craftsman's Writ: Ebon Shiv	nil	nil	Craftsman's Writ: Ebon Shiv | |cFFF5EB2EArtisan|r | This Item Begins a Quest | Requires Level 10 | "A pending crafting order. Acquire the requested items and deliver them to the customer for a reward."
264134	8	Other	Craftsman's Writ: Masterwork Target Dummy	nil	nil	Craftsman's Writ: Masterwork Target Dummy | |cFFF5EB2EArtisan|r | This Item Begins a Quest | Requires Level 10 | "A pending crafting order. Acquire the requested items and deliver them to the customer for a reward."
264135	8	Other	Craftsman's Writ: Green Lens	nil	nil	Craftsman's Writ: Green Lens | |cFFF5EB2EArtisan|r | This Item Begins a Quest | Requires Level 10 | "A pending crafting order. Acquire the requested items and deliver them to the customer for a reward."
264136	8	Other	Craftsman's Writ: Lifelike Mechanical Toad	nil	nil	Craftsman's Writ: Lifelike Mechanical Toad | |cFFF5EB2EArtisan|r | This Item Begins a Quest | Requires Level 10 | "A pending crafting order. Acquire the requested items and deliver them to the customer for a reward."
264137	8	Other	Craftsman's Writ: Gnomish Alarm-O-Bot	nil	nil	Craftsman's Writ: Gnomish Alarm-O-Bot | |cFFF5EB2EArtisan|r | This Item Begins a Quest | Requires Level 10 | "A pending crafting order. Acquire the requested items and deliver them to the customer for a reward."
264138	8	Other	Craftsman's Writ: Goblin Jumper Cables XL	nil	nil	Craftsman's Writ: Goblin Jumper Cables XL | |cFFF5EB2EArtisan|r | This Item Begins a Quest | Requires Level 10 | "A pending crafting order. Acquire the requested items and deliver them to the customer for a reward."
264139	8	Other	Craftsman's Writ: Field Repair Bot 74A	nil	nil	Craftsman's Writ: Field Repair Bot 74A | |cFFF5EB2EArtisan|r | This Item Begins a Quest | Requires Level 10 | "A pending crafting order. Acquire the requested items and deliver them to the customer for a reward."
264140	8	Other	Craftsman's Writ: Truesilver Transformer	nil	nil	Craftsman's Writ: Truesilver Transformer | |cFFF5EB2EArtisan|r | This Item Begins a Quest | Requires Level 10 | "A pending crafting order. Acquire the requested items and deliver them to the customer for a reward."
264141	8	Other	Craftsman's Writ: Sniper Scope	nil	nil	Craftsman's Writ: Sniper Scope | |cFFF5EB2EArtisan|r | This Item Begins a Quest | Requires Level 10 | "A pending crafting order. Acquire the requested items and deliver them to the customer for a reward."
264142	8	Other	Craftsman's Writ: Tranquil Mechanical Yeti	nil	nil	Craftsman's Writ: Tranquil Mechanical Yeti | |cFFF5EB2EArtisan|r | This Item Begins a Quest | Requires Level 10 | "A pending crafting order. Acquire the requested items and deliver them to the customer for a reward."
264143	8	Other	Craftsman's Writ: Wicked Leather Pants	nil	nil	Craftsman's Writ: Wicked Leather Pants | |cFFF5EB2EArtisan|r | This Item Begins a Quest | Requires Level 10 | "A pending crafting order. Acquire the requested items and deliver them to the customer for a reward."
264144	8	Other	Craftsman's Writ: Gordok Ogre Suit	nil	nil	Craftsman's Writ: Gordok Ogre Suit | |cFFF5EB2EArtisan|r | This Item Begins a Quest | Requires Level 10 | "A pending crafting order. Acquire the requested items and deliver them to the customer for a reward."
264145	8	Other	Craftsman's Writ: Volcanic Breastplate	nil	nil	Craftsman's Writ: Volcanic Breastplate | |cFFF5EB2EArtisan|r | This Item Begins a Quest | Requires Level 10 | "A pending crafting order. Acquire the requested items and deliver them to the customer for a reward."
264146	8	Other	Craftsman's Writ: Runic Leather Headband	nil	nil	Craftsman's Writ: Runic Leather Headband | |cFFF5EB2EArtisan|r | This Item Begins a Quest | Requires Level 10 | "A pending crafting order. Acquire the requested items and deliver them to the customer for a reward."
264147	8	Other	Craftsman's Writ: Wicked Leather Bracers	nil	nil	Craftsman's Writ: Wicked Leather Bracers | |cFFF5EB2EArtisan|r | This Item Begins a Quest | Requires Level 10 | "A pending crafting order. Acquire the requested items and deliver them to the customer for a reward."
264148	8	Other	Craftsman's Writ: Chimeric Vest	nil	nil	Craftsman's Writ: Chimeric Vest | |cFFF5EB2EArtisan|r | This Item Begins a Quest | Requires Level 10 | "A pending crafting order. Acquire the requested items and deliver them to the customer for a reward."
264149	8	Other	Craftsman's Writ: Heavy Scorpid Helm	nil	nil	Craftsman's Writ: Heavy Scorpid Helm | |cFFF5EB2EArtisan|r | This Item Begins a Quest | Requires Level 10 | "A pending crafting order. Acquire the requested items and deliver them to the customer for a reward."
264150	8	Other	Craftsman's Writ: Runic Leather Bracers	nil	nil	Craftsman's Writ: Runic Leather Bracers | |cFFF5EB2EArtisan|r | This Item Begins a Quest | Requires Level 10 | "A pending crafting order. Acquire the requested items and deliver them to the customer for a reward."
264151	8	Other	Craftsman's Writ: Frostsaber Boots	nil	nil	Craftsman's Writ: Frostsaber Boots | |cFFF5EB2EArtisan|r | This Item Begins a Quest | Requires Level 10 | "A pending crafting order. Acquire the requested items and deliver them to the customer for a reward."
264152	8	Other	Craftsman's Writ: Wizardweave Turban	nil	nil	Craftsman's Writ: Wizardweave Turban | |cFFF5EB2EArtisan|r | This Item Begins a Quest | Requires Level 10 | "A pending crafting order. Acquire the requested items and deliver them to the customer for a reward."
264153	8	Other	Craftsman's Writ: Runecloth Bag	nil	nil	Craftsman's Writ: Runecloth Bag | |cFFF5EB2EArtisan|r | This Item Begins a Quest | Requires Level 10 | "A pending crafting order. Acquire the requested items and deliver them to the customer for a reward."
264154	8	Other	Craftsman's Writ: Runecloth Boots	nil	nil	Craftsman's Writ: Runecloth Boots | |cFFF5EB2EArtisan|r | This Item Begins a Quest | Requires Level 10 | "A pending crafting order. Acquire the requested items and deliver them to the customer for a reward."
264155	8	Other	Craftsman's Writ: Tuxedo Jacket	nil	nil	Craftsman's Writ: Tuxedo Jacket | |cFFF5EB2EArtisan|r | This Item Begins a Quest | Requires Level 10 | "A pending crafting order. Acquire the requested items and deliver them to the customer for a reward."
264156	8	Other	Craftsman's Writ: Felcloth Boots	nil	nil	Craftsman's Writ: Felcloth Boots | |cFFF5EB2EArtisan|r | This Item Begins a Quest | Requires Level 10 | "A pending crafting order. Acquire the requested items and deliver them to the customer for a reward."
264157	8	Other	Craftsman's Writ: Cenarion Herb Bag	nil	nil	Craftsman's Writ: Cenarion Herb Bag | |cFFF5EB2EArtisan|r | This Item Begins a Quest | Requires Level 10 | "A pending crafting order. Acquire the requested items and deliver them to the customer for a reward."
264158	8	Other	Craftsman's Writ: Shadoweave Mask	nil	nil	Craftsman's Writ: Shadoweave Mask | |cFFF5EB2EArtisan|r | This Item Begins a Quest | Requires Level 10 | "A pending crafting order. Acquire the requested items and deliver them to the customer for a reward."
264159	8	Other	Craftsman's Writ: Ghostweave Vest	nil	nil	Craftsman's Writ: Ghostweave Vest | |cFFF5EB2EArtisan|r | This Item Begins a Quest | Requires Level 10 | "A pending crafting order. Acquire the requested items and deliver them to the customer for a reward."
264160	8	Other	Craftsman's Writ: Soul Pouch	nil	nil	Craftsman's Writ: Soul Pouch | |cFFF5EB2EArtisan|r | This Item Begins a Quest | Requires Level 10 | "A pending crafting order. Acquire the requested items and deliver them to the customer for a reward."
267341	5	Food & Drink	Sweetpaw Jam	1294006	Nutritious Food	Sweetpaw Jam | Use: Restores 2,065 health over 30 sec.  Must remain seated while eating. If you spend at least 10 seconds eating you will become well fed and gain 15% movement speed while in Hyjal for 15 min. Additionally, experience gained from kills is increased by 5%. (1 |4Sec:Sec; Cooldown) | Requires Level 55 | "Never get between a furbolg and their favorite tasty treat."
267474	5	Food & Drink	Galeswept Forestshroom	433	Food	Galeswept Forestshroom | Use: Restores 58 health over 18 sec.  Must remain seated while eating.
268880	8	Other	"Secret" Bait	8087	Shiny Bauble	"Secret" Bait | Conjured Item | Unique (5) | Use: When applied to your fishing pole, increases Fishing by 25 for 10 min.
268881	1	Potions	Perishable Minor Healing Potion	439	Healing Potion	Perishable Minor Healing Potion | Conjured Item | Unique (5) | Use: Restores 70 to 90 health.
268882	1	Potions	Perishable Lesser Healing Potion	440	Healing Potion	Perishable Lesser Healing Potion | Conjured Item | Unique (5) | Use: Restores 140 to 180 health. | Requires Level 3
268883	1	Potions	Perishable Healing Potion	441	Healing Potion	Perishable Healing Potion | Conjured Item | Unique (5) | Use: Restores 280 to 360 health. | Requires Level 12
268912	5	Food & Drink	Expiring Crab Cake	1248381	Nutritious Food	Expiring Crab Cake | Conjured Item | Unique (5) | Use: Restores 234 health over 21 sec.  Must remain seated while eating. If you spend at least 10 seconds eating you will become well fed and gain 3 Stamina for 15 min. Additionally, experience gained from kills is increased by 5%. (1 |4Sec:Sec; Cooldown) | Requires Level 5
268913	5	Food & Drink	Expiring Crocolisk Steak	1248381	Nutritious Food	Expiring Crocolisk Steak | Conjured Item | Unique (5) | Use: Restores 234 health over 21 sec.  Must remain seated while eating. If you spend at least 10 seconds eating you will become well fed and gain 3 Stamina for 15 min. Additionally, experience gained from kills is increased by 5%. (1 |4Sec:Sec; Cooldown) | Requires Level 5
269902	14	Devices	Hoof-Shaped Foot Pedal	1286814	Hoof-Shaped Foot Pedal	Hoof-Shaped Foot Pedal | Use: Transform into a centaur for 20 min or until you enter combat.    While in Desolace, your movement speed is also increased by 30% and this transformation persists through combat. (10 |4Min:Min; Cooldown)
271731	8	Other	Ensemble: Shen'dorei Magister's Garb	1289402	Ensemble: Shen'dorei Magister's Garb	Ensemble: Shen'dorei Magister's Garb | Binds when picked up | Use: Collect the appearances of this armor set. || DESC: Collect the appearances of this armor set.
271744	8	Other	Ensemble: Shen'dorei Peacekeeper's Garb	1289407	Ensemble: Shen'dorei Peacekeeper's Garb	Ensemble: Shen'dorei Peacekeeper's Garb | Binds when picked up | Use: Collect the appearances of this armor set. || DESC: Collect the appearances of this armor set.
271755	8	Other	Ensemble: Shen'dorei Skyseer's Garb	1289417	Ensemble: Shen'dorei Skyseer's Garb	Ensemble: Shen'dorei Skyseer's Garb | Binds when picked up | Use: Collect the appearances of this armor set. || DESC: Collect the appearances of this armor set.
271765	8	Other	Ensemble: Al'Aketh Zealot's Garb	1289419	Ensemble: Al'Aketh Zealot's Garb	Ensemble: Al'Aketh Zealot's Garb | Binds when picked up | Use: Collect the appearances of this armor set. || DESC: Collect the appearances of this armor set.
271871	15	Temporary	Gift of Galloping	1289654	Gift of Galloping	Gift of Galloping | Binds when picked up | Unique (10) | Requires Level 60
272053	8	Other	Darkspear Islands Field Ration	1290860	Darkspear Islands Field Ration	Darkspear Islands Field Ration | Binds when picked up | Use: Restores 1,032 health and 2,117 mana over 30 sec.  Must remain seated while eating.  Usable only inside Darkspear Islands. | Requires Level 25 || DESC: Restores 1,032 health and 2,117 mana over 30 sec.  Must remain seated while eating.  Usable only inside Darkspear Islands.
272054	8	Other	Darkspear Islands Iron Ration	1290859	Darkspear Islands Iron Ration	Darkspear Islands Iron Ration | Binds when picked up | Use: Restores 1,546 health and 3,178 mana over 30 sec.  Must remain seated while eating.  Usable only inside Darkspear Islands. | Requires Level 35 || DESC: Restores 1,546 health and 3,178 mana over 30 sec.  Must remain seated while eating.  Usable only inside Darkspear Islands.
272055	8	Other	Darkspear Islands Enriched Ration	1290861	Darkspear Islands Enriched Ration	Darkspear Islands Enriched Ration | Binds when picked up | Use: Restores 2,065 health and 4,240 mana over 30 sec.  Must remain seated while eating.  Usable only inside Darkspear Islands. | Requires Level 45 || DESC: Restores 2,065 health and 4,240 mana over 30 sec.  Must remain seated while eating.  Usable only inside Darkspear Islands.
272056	7	Bandages	Darkspear Islands Silk Bandage	1290867	First Aid	Darkspear Islands Silk Bandage | Binds when picked up | Use: Heals 640 damage over 8 sec.  Usable only inside Darkspear Islands. | Requires Level 25 | Requires First Aid (125)
272057	7	Bandages	Darkspear Islands Mageweave Bandage	1290863	First Aid	Darkspear Islands Mageweave Bandage | Binds when picked up | Use: Heals 1,104 damage over 8 sec. Usable only inside Darkspear Islands. | Requires Level 35 | Requires First Aid (175)
272058	7	Bandages	Darkspear Islands Runecloth Bandage	1290865	First Aid	Darkspear Islands Runecloth Bandage | Binds when picked up | Use: Heals 2,000 damage over 8 sec.  Usable only inside Darkspear Islands. | Requires Level 45 | Requires First Aid (225)
273455	6	Permanent	Template Vellum [DNT]	nil	nil	Template Vellum [DNT] | |cFF82C5FFPTR Only|r
273458	6	Permanent	Enchant Bracer - Inferior Stamina	7418	Enchant Bracer - Inferior Stamina	Enchant Bracer - Inferior Stamina | |cFF82C5FFPTR Only|r
273459	6	Permanent	Enchant Chest - Inferior Stamina	7420	Enchant Chest - Inferior Stamina	Enchant Chest - Inferior Stamina | |cFF82C5FFPTR Only|r
273460	6	Permanent	Enchant Chest - Minor Absorption	7426	Enchant Chest - Minor Absorption	Enchant Chest - Minor Absorption | |cFF82C5FFPTR Only|r
273461	6	Permanent	Enchant Bracer - Minor Deflect	7428	Enchant Bracer - Minor Deflect	Enchant Bracer - Minor Deflect | |cFF82C5FFPTR Only|r
273462	6	Permanent	Enchant Chest - Minor Intellect	7443	Enchant Chest - Minor Intellect	Enchant Chest - Minor Intellect | |cFF82C5FFPTR Only|r
273463	6	Permanent	Enchant Cloak - Minor Resistance	7454	Enchant Cloak - Minor Resistance	Enchant Cloak - Minor Resistance | |cFF82C5FFPTR Only|r
273464	6	Permanent	Enchant Bracer - Minor Stamina	7457	Enchant Bracer - Minor Stamina	Enchant Bracer - Minor Stamina | |cFF82C5FFPTR Only|r
273465	6	Permanent	Enchant 2H Weapon - Minor Impact	7745	Enchant 2H Weapon - Minor Impact	Enchant 2H Weapon - Minor Impact | |cFF82C5FFPTR Only|r
273466	6	Permanent	Enchant Chest - Lesser Stamina	7748	Enchant Chest - Lesser Stamina	Enchant Chest - Lesser Stamina | |cFF82C5FFPTR Only|r
273467	6	Permanent	Enchant Bracer - Minor Spirit	7766	Enchant Bracer - Minor Spirit	Enchant Bracer - Minor Spirit | |cFF82C5FFPTR Only|r
273468	6	Permanent	Enchant Cloak - Minor Protection	7771	Enchant Cloak - Minor Protection	Enchant Cloak - Minor Protection | |cFF82C5FFPTR Only|r
273469	6	Permanent	Enchant Chest - Lesser Intellect	7776	Enchant Chest - Lesser Intellect	Enchant Chest - Lesser Intellect | |cFF82C5FFPTR Only|r
273470	6	Permanent	Enchant Bracer - Minor Agility	7779	Enchant Bracer - Minor Agility	Enchant Bracer - Minor Agility | |cFF82C5FFPTR Only|r
273471	6	Permanent	Enchant Bracer - Minor Strength	7782	Enchant Bracer - Minor Strength	Enchant Bracer - Minor Strength | |cFF82C5FFPTR Only|r
273472	6	Permanent	Enchant Weapon - Minor Beastslayer	7786	Enchant Weapon - Minor Beastslayer	Enchant Weapon - Minor Beastslayer | |cFF82C5FFPTR Only|r
273473	6	Permanent	Enchant Weapon - Minor Striking	7788	Enchant Weapon - Minor Striking	Enchant Weapon - Minor Striking | |cFF82C5FFPTR Only|r
273474	6	Permanent	Enchant 2H Weapon - Lesser Intellect	7793	Enchant 2H Weapon - Lesser Intellect	Enchant 2H Weapon - Lesser Intellect | |cFF82C5FFPTR Only|r
273475	6	Permanent	Enchant Chest - Stamina	7857	Enchant Chest - Stamina	Enchant Chest - Stamina | |cFF82C5FFPTR Only|r
273476	6	Permanent	Enchant Bracer - Lesser Spirit	7859	Enchant Bracer - Lesser Spirit	Enchant Bracer - Lesser Spirit | |cFF82C5FFPTR Only|r
273477	6	Permanent	Enchant Cloak - Lesser Fire Resistance	7861	Enchant Cloak - Lesser Fire Resistance	Enchant Cloak - Lesser Fire Resistance | |cFF82C5FFPTR Only|r
273478	6	Permanent	Enchant Boots - Minor Stamina	7863	Enchant Boots - Minor Stamina	Enchant Boots - Minor Stamina | |cFF82C5FFPTR Only|r
273479	6	Permanent	Enchant Boots - Minor Agility	7867	Enchant Boots - Minor Agility	Enchant Boots - Minor Agility | |cFF82C5FFPTR Only|r
273480	6	Permanent	Enchant Shield - Minor Stamina	13378	Enchant Shield - Minor Stamina	Enchant Shield - Minor Stamina | |cFF82C5FFPTR Only|r
273481	6	Permanent	Enchant 2H Weapon - Lesser Spirit	13380	Enchant 2H Weapon - Lesser Spirit	Enchant 2H Weapon - Lesser Spirit | |cFF82C5FFPTR Only|r
273482	6	Permanent	Enchant Cloak - Minor Agility	13419	Enchant Cloak - Minor Agility	Enchant Cloak - Minor Agility | |cFF82C5FFPTR Only|r
273483	6	Permanent	Enchant Cloak - Lesser Protection	13421	Enchant Cloak - Lesser Protection	Enchant Cloak - Lesser Protection | |cFF82C5FFPTR Only|r
273484	6	Permanent	Enchant Shield - Lesser Protection	13464	Enchant Shield - Lesser Protection	Enchant Shield - Lesser Protection | |cFF82C5FFPTR Only|r
273485	6	Permanent	Enchant Shield - Lesser Spirit	13485	Enchant Shield - Lesser Spirit	Enchant Shield - Lesser Spirit | |cFF82C5FFPTR Only|r
273486	6	Permanent	Enchant Bracer - Lesser Stamina	13501	Enchant Bracer - Lesser Stamina	Enchant Bracer - Lesser Stamina | |cFF82C5FFPTR Only|r
273487	6	Permanent	Enchant Weapon - Lesser Striking	13503	Enchant Weapon - Lesser Striking	Enchant Weapon - Lesser Striking | |cFF82C5FFPTR Only|r
273488	6	Permanent	Enchant Cloak - Lesser Shadow Resistance	13522	Enchant Cloak - Lesser Shadow Resistance	Enchant Cloak - Lesser Shadow Resistance | |cFF82C5FFPTR Only|r
273489	6	Permanent	Enchant 2H Weapon - Lesser Impact	13529	Enchant 2H Weapon - Lesser Impact	Enchant 2H Weapon - Lesser Impact | |cFF82C5FFPTR Only|r
273490	6	Permanent	Enchant Bracer - Lesser Strength	13536	Enchant Bracer - Lesser Strength	Enchant Bracer - Lesser Strength | |cFF82C5FFPTR Only|r | Binds when picked up
273491	6	Permanent	Enchant Chest - Lesser Absorption	13538	Enchant Chest - Lesser Absorption	Enchant Chest - Lesser Absorption | |cFF82C5FFPTR Only|r
273492	6	Permanent	Enchant Chest - Intellect	13607	Enchant Chest - Intellect	Enchant Chest - Intellect | |cFF82C5FFPTR Only|r
273493	6	Permanent	Enchant Gloves - Mining	13612	Enchant Gloves - Mining	Enchant Gloves - Mining | |cFF82C5FFPTR Only|r
273494	6	Permanent	Enchant Gloves - Herbalism	13617	Enchant Gloves - Herbalism	Enchant Gloves - Herbalism | |cFF82C5FFPTR Only|r
273495	6	Permanent	Enchant Gloves - Fishing	13620	Enchant Gloves - Fishing	Enchant Gloves - Fishing | |cFF82C5FFPTR Only|r
273496	6	Permanent	Enchant Bracer - Lesser Intellect	13622	Enchant Bracer - Lesser Intellect	Enchant Bracer - Lesser Intellect | |cFF82C5FFPTR Only|r
273497	6	Permanent	Enchant Chest - Minor Stats	13626	Enchant Chest - Minor Stats	Enchant Chest - Minor Stats | |cFF82C5FFPTR Only|r
273498	6	Permanent	Enchant Shield - Lesser Stamina	13631	Enchant Shield - Lesser Stamina	Enchant Shield - Lesser Stamina | |cFF82C5FFPTR Only|r
273499	6	Permanent	Enchant Cloak - Defense	13635	Enchant Cloak - Defense	Enchant Cloak - Defense | |cFF82C5FFPTR Only|r
273500	6	Permanent	Enchant Boots - Lesser Agility	13637	Enchant Boots - Lesser Agility	Enchant Boots - Lesser Agility | |cFF82C5FFPTR Only|r
273501	6	Permanent	Enchant Chest - Greater Stamina	13640	Enchant Chest - Greater Stamina	Enchant Chest - Greater Stamina | |cFF82C5FFPTR Only|r
273502	6	Permanent	Enchant Bracer - Spirit	13642	Enchant Bracer - Spirit	Enchant Bracer - Spirit | |cFF82C5FFPTR Only|r
273503	6	Permanent	Enchant Boots - Lesser Stamina	13644	Enchant Boots - Lesser Stamina	Enchant Boots - Lesser Stamina | |cFF82C5FFPTR Only|r
273504	6	Permanent	Enchant Bracer - Lesser Deflection	13646	Enchant Bracer - Lesser Deflection	Enchant Bracer - Lesser Deflection | |cFF82C5FFPTR Only|r
273505	6	Permanent	Enchant Bracer - Stamina	13648	Enchant Bracer - Stamina	Enchant Bracer - Stamina | |cFF82C5FFPTR Only|r
273506	6	Permanent	Enchant Weapon - Lesser Beastslayer	13653	Enchant Weapon - Lesser Beastslayer	Enchant Weapon - Lesser Beastslayer | |cFF82C5FFPTR Only|r
273507	6	Permanent	Enchant Weapon - Lesser Elemental Slayer	13655	Enchant Weapon - Lesser Elemental Slayer	Enchant Weapon - Lesser Elemental Slayer | |cFF82C5FFPTR Only|r
273508	6	Permanent	Enchant Cloak - Fire Resistance	13657	Enchant Cloak - Fire Resistance	Enchant Cloak - Fire Resistance | |cFF82C5FFPTR Only|r
273509	6	Permanent	Enchant Shield - Spirit	13659	Enchant Shield - Spirit	Enchant Shield - Spirit | |cFF82C5FFPTR Only|r
273510	6	Permanent	Enchant Bracer - Strength	13661	Enchant Bracer - Strength	Enchant Bracer - Strength | |cFF82C5FFPTR Only|r
273511	6	Permanent	Enchant Chest - Greater Intellect	13663	Enchant Chest - Greater Intellect	Enchant Chest - Greater Intellect | |cFF82C5FFPTR Only|r
273512	6	Permanent	Enchant Boots - Lesser Spirit	13687	Enchant Boots - Lesser Spirit	Enchant Boots - Lesser Spirit | |cFF82C5FFPTR Only|r
273513	6	Permanent	Enchant Shield - Lesser Block	13689	Enchant Shield - Lesser Block	Enchant Shield - Lesser Block | |cFF82C5FFPTR Only|r
273514	6	Permanent	Enchant Weapon - Striking	13693	Enchant Weapon - Striking	Enchant Weapon - Striking | |cFF82C5FFPTR Only|r
273515	6	Permanent	Enchant 2H Weapon - Impact	13695	Enchant 2H Weapon - Impact	Enchant 2H Weapon - Impact | |cFF82C5FFPTR Only|r
273516	6	Permanent	Enchant Gloves - Skinning	13698	Enchant Gloves - Skinning	Enchant Gloves - Skinning | |cFF82C5FFPTR Only|r
273517	6	Permanent	Enchant Chest - Lesser Stats	13700	Enchant Chest - Lesser Stats	Enchant Chest - Lesser Stats | |cFF82C5FFPTR Only|r
273518	6	Permanent	Enchant Cloak - Greater Defense	13746	Enchant Cloak - Greater Defense	Enchant Cloak - Greater Defense | |cFF82C5FFPTR Only|r
273519	6	Permanent	Enchant Cloak - Resistance	13794	Enchant Cloak - Resistance	Enchant Cloak - Resistance | |cFF82C5FFPTR Only|r
273520	6	Permanent	Enchant Gloves - Agility	13815	Enchant Gloves - Agility	Enchant Gloves - Agility | |cFF82C5FFPTR Only|r
273521	6	Permanent	Enchant Shield - Stamina	13817	Enchant Shield - Stamina	Enchant Shield - Stamina | |cFF82C5FFPTR Only|r
273522	6	Permanent	Enchant Bracer - Intellect	13822	Enchant Bracer - Intellect	Enchant Bracer - Intellect | |cFF82C5FFPTR Only|r
273523	6	Permanent	Enchant Boots - Stamina	13836	Enchant Boots - Stamina	Enchant Boots - Stamina | |cFF82C5FFPTR Only|r
273524	6	Permanent	Enchant Gloves - Advanced Mining	13841	Enchant Gloves - Advanced Mining	Enchant Gloves - Advanced Mining | |cFF82C5FFPTR Only|r
273525	6	Permanent	Enchant Bracer - Greater Spirit	13846	Enchant Bracer - Greater Spirit	Enchant Bracer - Greater Spirit | |cFF82C5FFPTR Only|r
273526	6	Permanent	Enchant Chest - Superior Stamina	13858	Enchant Chest - Superior Stamina	Enchant Chest - Superior Stamina | |cFF82C5FFPTR Only|r
273527	6	Permanent	Enchant Gloves - Advanced Herbalism	13868	Enchant Gloves - Advanced Herbalism	Enchant Gloves - Advanced Herbalism | |cFF82C5FFPTR Only|r
273528	6	Permanent	Enchant Cloak - Lesser Agility	13882	Enchant Cloak - Lesser Agility	Enchant Cloak - Lesser Agility | |cFF82C5FFPTR Only|r
273529	6	Permanent	Enchant Gloves - Strength	13887	Enchant Gloves - Strength	Enchant Gloves - Strength | |cFF82C5FFPTR Only|r
273530	6	Permanent	Enchant Boots - Minor Speed	13890	Enchant Boots - Minor Speed	Enchant Boots - Minor Speed | |cFF82C5FFPTR Only|r
273531	6	Permanent	Enchant Weapon - Fiery Weapon	13898	Enchant Weapon - Fiery Weapon	Enchant Weapon - Fiery Weapon | |cFF82C5FFPTR Only|r
273532	6	Permanent	Enchant Shield - Greater Spirit	13905	Enchant Shield - Greater Spirit	Enchant Shield - Greater Spirit | |cFF82C5FFPTR Only|r
273533	6	Permanent	Enchant Weapon - Demonslaying	13915	Enchant Weapon - Demonslaying	Enchant Weapon - Demonslaying | |cFF82C5FFPTR Only|r
273534	6	Permanent	Enchant Chest - Superior Intellect	13917	Enchant Chest - Superior Intellect	Enchant Chest - Superior Intellect | |cFF82C5FFPTR Only|r
273535	6	Permanent	Enchant Bracer - Deflection	13931	Enchant Bracer - Deflection	Enchant Bracer - Deflection | |cFF82C5FFPTR Only|r
273536	6	Permanent	Enchant Shield - Frost Resistance	13933	Enchant Shield - Frost Resistance	Enchant Shield - Frost Resistance | |cFF82C5FFPTR Only|r
273537	6	Permanent	Enchant Boots - Agility	13935	Enchant Boots - Agility	Enchant Boots - Agility | |cFF82C5FFPTR Only|r
273538	6	Permanent	Enchant 2H Weapon - Greater Impact	13937	Enchant 2H Weapon - Greater Impact	Enchant 2H Weapon - Greater Impact | |cFF82C5FFPTR Only|r
273539	6	Permanent	Enchant Bracer - Greater Strength	13939	Enchant Bracer - Greater Strength	Enchant Bracer - Greater Strength | |cFF82C5FFPTR Only|r
273540	6	Permanent	Enchant Chest - Stats	13941	Enchant Chest - Stats	Enchant Chest - Stats | |cFF82C5FFPTR Only|r
273541	6	Permanent	Enchant Weapon - Greater Striking	13943	Enchant Weapon - Greater Striking	Enchant Weapon - Greater Striking | |cFF82C5FFPTR Only|r
273542	6	Permanent	Enchant Bracer - Greater Stamina	13945	Enchant Bracer - Greater Stamina	Enchant Bracer - Greater Stamina | |cFF82C5FFPTR Only|r
273543	6	Permanent	Enchant Gloves - Riding Skill	13947	Enchant Gloves - Riding Skill	Enchant Gloves - Riding Skill | |cFF82C5FFPTR Only|r
273544	6	Permanent	Enchant Gloves - Minor Haste	13948	Enchant Gloves - Minor Haste	Enchant Gloves - Minor Haste | |cFF82C5FFPTR Only|r
273545	6	Permanent	Enchant Bracer - Greater Intellect	20008	Enchant Bracer - Greater Intellect	Enchant Bracer - Greater Intellect | |cFF82C5FFPTR Only|r
273546	6	Permanent	Enchant Bracer - Superior Spirit	20009	Enchant Bracer - Superior Spirit	Enchant Bracer - Superior Spirit | |cFF82C5FFPTR Only|r
273547	6	Permanent	Enchant Bracer - Superior Strength	20010	Enchant Bracer - Superior Strength	Enchant Bracer - Superior Strength | |cFF82C5FFPTR Only|r
273548	6	Permanent	Enchant Bracer - Superior Stamina	20011	Enchant Bracer - Superior Stamina	Enchant Bracer - Superior Stamina | |cFF82C5FFPTR Only|r
273549	6	Permanent	Enchant Gloves - Greater Agility	20012	Enchant Gloves - Greater Agility	Enchant Gloves - Greater Agility | |cFF82C5FFPTR Only|r
273550	6	Permanent	Enchant Gloves - Greater Strength	20013	Enchant Gloves - Greater Strength	Enchant Gloves - Greater Strength | |cFF82C5FFPTR Only|r
273551	6	Permanent	Enchant Cloak - Greater Resistance	20014	Enchant Cloak - Greater Resistance	Enchant Cloak - Greater Resistance | |cFF82C5FFPTR Only|r
273552	6	Permanent	Enchant Cloak - Superior Defense	20015	Enchant Cloak - Superior Defense	Enchant Cloak - Superior Defense | |cFF82C5FFPTR Only|r
273553	6	Permanent	Enchant Shield - Superior Spirit	20016	Enchant Shield - Superior Spirit	Enchant Shield - Superior Spirit | |cFF82C5FFPTR Only|r
273554	6	Permanent	Enchant Shield - Greater Stamina	20017	Enchant Shield - Greater Stamina	Enchant Shield - Greater Stamina | |cFF82C5FFPTR Only|r
273555	6	Permanent	Enchant Boots - Greater Stamina	20020	Enchant Boots - Greater Stamina	Enchant Boots - Greater Stamina | |cFF82C5FFPTR Only|r
273556	6	Permanent	Enchant Boots - Greater Agility	20023	Enchant Boots - Greater Agility	Enchant Boots - Greater Agility | |cFF82C5FFPTR Only|r
273557	6	Permanent	Enchant Boots - Spirit	20024	Enchant Boots - Spirit	Enchant Boots - Spirit | |cFF82C5FFPTR Only|r
273558	6	Permanent	Enchant Chest - Greater Stats	20025	Enchant Chest - Greater Stats	Enchant Chest - Greater Stats | |cFF82C5FFPTR Only|r
273559	6	Permanent	Enchant Chest - Major Stamina	20026	Enchant Chest - Major Stamina	Enchant Chest - Major Stamina | |cFF82C5FFPTR Only|r
273560	6	Permanent	Enchant Chest - Major Intellect	20028	Enchant Chest - Major Intellect	Enchant Chest - Major Intellect | |cFF82C5FFPTR Only|r
273561	6	Permanent	Enchant Weapon - Icy Chill	20029	Enchant Weapon - Icy Chill	Enchant Weapon - Icy Chill | |cFF82C5FFPTR Only|r
273562	6	Permanent	Enchant 2H Weapon - Superior Impact	20030	Enchant 2H Weapon - Superior Impact	Enchant 2H Weapon - Superior Impact | |cFF82C5FFPTR Only|r
273563	6	Permanent	Enchant Weapon - Superior Striking	20031	Enchant Weapon - Superior Striking	Enchant Weapon - Superior Striking | |cFF82C5FFPTR Only|r
273564	6	Permanent	Enchant Weapon - Lifestealing	20032	Enchant Weapon - Lifestealing	Enchant Weapon - Lifestealing | |cFF82C5FFPTR Only|r
273565	6	Permanent	Enchant Weapon - Unholy Weapon	20033	Enchant Weapon - Unholy Weapon	Enchant Weapon - Unholy Weapon | |cFF82C5FFPTR Only|r
273566	6	Permanent	Enchant Weapon - Crusader	20034	Enchant Weapon - Crusader	Enchant Weapon - Crusader | |cFF82C5FFPTR Only|r
273567	6	Permanent	Enchant 2H Weapon - Major Spirit	20035	Enchant 2H Weapon - Major Spirit	Enchant 2H Weapon - Major Spirit | |cFF82C5FFPTR Only|r
273568	6	Permanent	Enchant 2H Weapon - Major Intellect	20036	Enchant 2H Weapon - Major Intellect	Enchant 2H Weapon - Major Intellect | |cFF82C5FFPTR Only|r
273569	6	Permanent	Enchant Weapon - Winter's Might	21931	Enchant Weapon - Winter's Might	Enchant Weapon - Winter's Might | |cFF82C5FFPTR Only|r
273570	6	Permanent	Enchant Weapon - Spell Power	22749	Enchant Weapon - Spell Power	Enchant Weapon - Spell Power | |cFF82C5FFPTR Only|r
273571	6	Permanent	Enchant Weapon - Healing Power	22750	Enchant Weapon - Healing Power	Enchant Weapon - Healing Power | |cFF82C5FFPTR Only|r
273572	6	Permanent	Enchant Weapon - Strength	23799	Enchant Weapon - Strength	Enchant Weapon - Strength | |cFF82C5FFPTR Only|r
273573	6	Permanent	Enchant Weapon - Agility	23800	Enchant Weapon - Agility	Enchant Weapon - Agility | |cFF82C5FFPTR Only|r
273574	6	Permanent	Enchant Bracer - Mana Regeneration	23801	Enchant Bracer - Mana Regeneration	Enchant Bracer - Mana Regeneration | |cFF82C5FFPTR Only|r
273575	6	Permanent	Enchant Bracer - Healing Power	23802	Enchant Bracer - Healing Power	Enchant Bracer - Healing Power | |cFF82C5FFPTR Only|r
273576	6	Permanent	Enchant Weapon - Mighty Spirit	23803	Enchant Weapon - Mighty Spirit	Enchant Weapon - Mighty Spirit | |cFF82C5FFPTR Only|r
273577	6	Permanent	Enchant Weapon - Mighty Intellect	23804	Enchant Weapon - Mighty Intellect	Enchant Weapon - Mighty Intellect | |cFF82C5FFPTR Only|r
273578	6	Permanent	Enchant Gloves - Threat	25072	Enchant Gloves - Threat	Enchant Gloves - Threat | |cFF82C5FFPTR Only|r
273579	6	Permanent	Enchant Gloves - Shadow Power	25073	Enchant Gloves - Shadow Power	Enchant Gloves - Shadow Power | |cFF82C5FFPTR Only|r
273580	6	Permanent	Enchant Gloves - Frost Power	25074	Enchant Gloves - Frost Power	Enchant Gloves - Frost Power | |cFF82C5FFPTR Only|r
273581	6	Permanent	Enchant Gloves - Fire Power	25078	Enchant Gloves - Fire Power	Enchant Gloves - Fire Power | |cFF82C5FFPTR Only|r
273582	6	Permanent	Enchant Gloves - Healing Power	25079	Enchant Gloves - Healing Power	Enchant Gloves - Healing Power | |cFF82C5FFPTR Only|r
273583	6	Permanent	Enchant Gloves - Superior Agility	25080	Enchant Gloves - Superior Agility	Enchant Gloves - Superior Agility | |cFF82C5FFPTR Only|r
273584	6	Permanent	Enchant Cloak - Greater Fire Resistance	25081	Enchant Cloak - Greater Fire Resistance	Enchant Cloak - Greater Fire Resistance | |cFF82C5FFPTR Only|r
273585	6	Permanent	Enchant Cloak - Greater Nature Resistance	25082	Enchant Cloak - Greater Nature Resistance	Enchant Cloak - Greater Nature Resistance | |cFF82C5FFPTR Only|r
273586	6	Permanent	Enchant Cloak - Stealth	25083	Enchant Cloak - Stealth	Enchant Cloak - Stealth | |cFF82C5FFPTR Only|r
273587	6	Permanent	Enchant Cloak - Subtlety	25084	Enchant Cloak - Subtlety	Enchant Cloak - Subtlety | |cFF82C5FFPTR Only|r
273588	6	Permanent	Enchant Cloak - Dodge	25086	Enchant Cloak - Dodge	Enchant Cloak - Dodge | |cFF82C5FFPTR Only|r
273589	6	Permanent	Enchant 2H Weapon - Agility	27837	Enchant 2H Weapon - Agility	Enchant 2H Weapon - Agility | |cFF82C5FFPTR Only|r
273590	6	Permanent	Enchant Weapon - Dismantle	435481	Enchant Weapon - Dismantle	Enchant Weapon - Dismantle | |cFF82C5FFPTR Only|r
273591	6	Permanent	Enchant Chest - Retricutioner	435903	Enchant Chest - Retricutioner	Enchant Chest - Retricutioner | |cFF82C5FFPTR Only|r
273592	6	Permanent	Enchant Shield - Law of Nature	463871	Enchant Shield - Law of Nature	Enchant Shield - Law of Nature | |cFF82C5FFPTR Only|r
273593	6	Permanent	Enchant Chest - Living Stats	1213616	Enchant Chest - Living Stats	Enchant Chest - Living Stats | |cFF82C5FFPTR Only|r
273594	6	Permanent	Enchant Gloves - Holy Power	1213622	Enchant Gloves - Holy Power	Enchant Gloves - Holy Power | |cFF82C5FFPTR Only|r
273595	6	Permanent	Enchant Gloves - Arcane Power	1213626	Enchant Gloves - Arcane Power	Enchant Gloves - Arcane Power | |cFF82C5FFPTR Only|r
273596	6	Permanent	Enchant Bracer - Spell Power	1217189	Enchant Bracer - Spell Power	Enchant Bracer - Spell Power | |cFF82C5FFPTR Only|r
273597	6	Permanent	Enchant Bracer - Agility	1217203	Enchant Bracer - Agility	Enchant Bracer - Agility | |cFF82C5FFPTR Only|r
273598	6	Permanent	Enchant Off-Hand - Superior Intellect	1219577	Enchant Off-Hand - Superior Intellect	Enchant Off-Hand - Superior Intellect | |cFF82C5FFPTR Only|r
273599	6	Permanent	Enchant Off-Hand - Excellent Spirit	1219578	Enchant Off-Hand - Excellent Spirit	Enchant Off-Hand - Excellent Spirit | |cFF82C5FFPTR Only|r
273600	6	Permanent	Enchant Off-Hand - Wisdom	1219579	Enchant Off-Hand - Wisdom	Enchant Off-Hand - Wisdom | |cFF82C5FFPTR Only|r
273601	6	Permanent	Enchant 2H Weapon - Spellblasting	1219580	Enchant 2H Weapon - Spellblasting	Enchant 2H Weapon - Spellblasting | |cFF82C5FFPTR Only|r
273602	6	Permanent	Enchant Shield - Excellent Stamina	1219581	Enchant Shield - Excellent Stamina	Enchant Shield - Excellent Stamina | |cFF82C5FFPTR Only|r
273604	6	Permanent	Enchant Cloak - Agility	1219587	Enchant Cloak - Agility	Enchant Cloak - Agility | |cFF82C5FFPTR Only|r
273605	6	Permanent	Enchant Shield - Critical Strike	1220623	Enchant Shield - Critical Strike	Enchant Shield - Critical Strike | |cFF82C5FFPTR Only|r
273606	6	Permanent	Enchant Bracer - Greater Spellpower	1220624	Enchant Bracer - Greater Spellpower	Enchant Bracer - Greater Spellpower | |cFF82C5FFPTR Only|r
273607	6	Permanent	Enchant Weapon - Grand Crusader	1231128	Enchant Weapon - Grand Crusader	Enchant Weapon - Grand Crusader | |cFF82C5FFPTR Only|r
273608	6	Permanent	Enchant 2H Weapon - Grand Arcanist	1231139	Enchant 2H Weapon - Grand Arcanist	Enchant 2H Weapon - Grand Arcanist | |cFF82C5FFPTR Only|r
273609	6	Permanent	Enchant Weapon - Grand Sorcerer	1231164	Enchant Weapon - Grand Sorcerer	Enchant Weapon - Grand Sorcerer | |cFF82C5FFPTR Only|r
273610	6	Permanent	Enchant 2H Weapon - Grand Inquisitor	1232172	Enchant 2H Weapon - Grand Inquisitor	Enchant 2H Weapon - Grand Inquisitor | |cFF82C5FFPTR Only|r
273611	6	Permanent	Enchant Bracer - Minor Intellect	1248458	Enchant Bracer - Minor Intellect	Enchant Bracer - Minor Intellect | |cFF82C5FFPTR Only|r
273612	6	Permanent	Enchant Bracer - Minor Healing Power	1248459	Enchant Bracer - Minor Healing Power	Enchant Bracer - Minor Healing Power | |cFF82C5FFPTR Only|r
273613	6	Permanent	Enchant Bracer - Lesser Agility	1248460	Enchant Bracer - Lesser Agility	Enchant Bracer - Lesser Agility | |cFF82C5FFPTR Only|r
273614	6	Permanent	Enchant Bracer - Agility	1248497	Enchant Bracer - Agility	Enchant Bracer - Agility | |cFF82C5FFPTR Only|r
273615	6	Permanent	Enchant Bracer - Lesser Healing Power	1248498	Enchant Bracer - Lesser Healing Power	Enchant Bracer - Lesser Healing Power | |cFF82C5FFPTR Only|r
273616	6	Permanent	Enchant Bracer - Greater Agility	1248500	Enchant Bracer - Greater Agility	Enchant Bracer - Greater Agility | |cFF82C5FFPTR Only|r
273617	6	Permanent	Enchant 2H Weapon - Lesser Agility	1248510	Enchant 2H Weapon - Lesser Agility	Enchant 2H Weapon - Lesser Agility | |cFF82C5FFPTR Only|r
273618	6	Permanent	Enchant 2H Weapon - Lesser Strength	1248511	Enchant 2H Weapon - Lesser Strength	Enchant 2H Weapon - Lesser Strength | |cFF82C5FFPTR Only|r
273619	6	Permanent	Enchant Gloves - Advanced Skinning	1248528	Enchant Gloves - Advanced Skinning	Enchant Gloves - Advanced Skinning | |cFF82C5FFPTR Only|r
273620	6	Permanent	Enchant Bracer - Superior Agility	1248599	Enchant Bracer - Superior Agility	Enchant Bracer - Superior Agility | |cFF82C5FFPTR Only|r
273621	6	Permanent	Enchant 2H Weapon - Mighty Spell Power	1248607	Enchant 2H Weapon - Mighty Spell Power	Enchant 2H Weapon - Mighty Spell Power | |cFF82C5FFPTR Only|r
273622	6	Permanent	Enchant 2H Weapon - Mighty Healing Power	1248636	Enchant 2H Weapon - Mighty Healing Power	Enchant 2H Weapon - Mighty Healing Power | |cFF82C5FFPTR Only|r
273623	6	Permanent	Enchant Gloves - Superior Strength	1248640	Enchant Gloves - Superior Strength	Enchant Gloves - Superior Strength | |cFF82C5FFPTR Only|r
273624	6	Permanent	Enchant Gloves - Natural Power	1248645	Enchant Gloves - Natural Power	Enchant Gloves - Natural Power | |cFF82C5FFPTR Only|r
273625	6	Permanent	Enchant Bracer - Superior Intellect	1248661	Enchant Bracer - Superior Intellect	Enchant Bracer - Superior Intellect | |cFF82C5FFPTR Only|r
273626	6	Permanent	Enchant Bracer - Superior Deflection	1248665	Enchant Bracer - Superior Deflection	Enchant Bracer - Superior Deflection | |cFF82C5FFPTR Only|r
273627	6	Permanent	Enchant Weapon - Insight	1248757	Enchant Weapon - Insight	Enchant Weapon - Insight | |cFF82C5FFPTR Only|r
273628	6	Permanent	Enchant Weapon - Recovery	1248760	Enchant Weapon - Recovery	Enchant Weapon - Recovery | |cFF82C5FFPTR Only|r
273629	6	Permanent	Enchant Weapon - Revelation	1248805	Enchant Weapon - Revelation	Enchant Weapon - Revelation | |cFF82C5FFPTR Only|r
273630	6	Permanent	Enchant Necklace - Strength	1249019	Enchant Necklace - Strength	Enchant Necklace - Strength | |cFF82C5FFPTR Only|r
273631	6	Permanent	Enchant Necklace - Spell Power	1249057	Enchant Necklace - Spell Power	Enchant Necklace - Spell Power | |cFF82C5FFPTR Only|r
273632	6	Permanent	Enchant Necklace - Healing Power	1249058	Enchant Necklace - Healing Power	Enchant Necklace - Healing Power | |cFF82C5FFPTR Only|r
273633	6	Permanent	Enchant Necklace - Agility	1249059	Enchant Necklace - Agility	Enchant Necklace - Agility | |cFF82C5FFPTR Only|r
273634	6	Permanent	Enchant Necklace - Deflection	1249060	Enchant Necklace - Deflection	Enchant Necklace - Deflection | |cFF82C5FFPTR Only|r
273635	6	Permanent	Enchant Chest - Absorption	1249071	Enchant Chest - Absorption	Enchant Chest - Absorption | |cFF82C5FFPTR Only|r
274040	0	Explosives	nil	nil	nil	
274048	8	Other	9-60 Battery Pack	1293085	9-60 Battery Pack	9-60 Battery Pack | Use: Restore 3 charges to a Manual Crowd Pummeler device in your possession. (5 |4Sec:Sec; Cooldown) | Requires Level 29 || DESC: Restore 3 charges to a Manual Crowd Pummeler device in your possession.
274273	3	Flasks	Flask of Natural Accuracy	1293740	Flask of Natural Accuracy	Flask of Natural Accuracy | Use: Increases your Stamina by 60. While in Mount Hyjal, Hyjal Summit, and the Barrow Deeps, you also gain 5% Hit Chance.    Lasts for 2 |4hour:hrs;. You can only have the effect of one flask at a time. This effect persists through death. | Requires Level 55 || DESC: Increases your Stamina by 60. While in Mount Hyjal, Hyjal Summit, and the Barrow Deeps, you also gain 5% Hit Chance.    Lasts for 2 |4hour:hrs;. You can only have the effect of one flask at a time. This effect persists through death.
274274	3	Flasks	Flask of Natural Aggression	1293741	Flask of Natural Aggression	Flask of Natural Aggression | Use: Increases your Stamina by 60. While in Mount Hyjal, Hyjal Summit, and the Barrow Deeps, you also gain 4% Critical Strike Chance.    Lasts for 2 |4hour:hrs;. You can only have the effect of one flask at a time. This effect persists through death. | Requires Level 55 || DESC: Increases your Stamina by 60. While in Mount Hyjal, Hyjal Summit, and the Barrow Deeps, you also gain 4% Critical Strike Chance.    Lasts for 2 |4hour:hrs;. You can only have the effect of one flask at a time. This effect persists through death.
274275	3	Flasks	Flask of Natural Precision	1293742	Flask of Natural Precision	Flask of Natural Precision | Use: Increases your Stamina by 60. While in Mount Hyjal, Hyjal Summit, and the Barrow Deeps, you also gain 5% reduced chance to be dodged or parried.    Lasts for 2 |4hour:hrs;. You can only have the effect of one flask at a time. This effect persists through death. | Requires Level 55 || DESC: Increases your Stamina by 60. While in Mount Hyjal, Hyjal Summit, and the Barrow Deeps, you also gain 5% reduced chance to be dodged or parried.    Lasts for 2 |4hour:hrs;. You can only have the effect of one flask at a time. This effect persists through death.
274276	3	Flasks	Flask of Natural Swiftness	1293743	Flask of Natural Accuracy	Flask of Natural Swiftness | Use: Increases your Stamina by 60. While in Mount Hyjal, Hyjal Summit, and the Barrow Deeps, you also gain 5% Haste.    Lasts for 2 |4hour:hrs;. You can only have the effect of one flask at a time. This effect persists through death. | Requires Level 55 || DESC: Increases your Stamina by 60. While in Mount Hyjal, Hyjal Summit, and the Barrow Deeps, you also gain 5% Haste.    Lasts for 2 |4hour:hrs;. You can only have the effect of one flask at a time. This effect persists through death.
274375	6	Permanent	nil	nil	nil	
274376	6	Permanent	nil	nil	nil	
274377	6	Permanent	nil	nil	nil	
274378	6	Permanent	nil	nil	nil	
274426	6	Permanent	Enchant Gloves - Lotus Claw	1294054	Enchant Gloves - Lotus Claw	Enchant Gloves - Lotus Claw | |cFF82C5FFPTR Only|r
274709	1	Potions	Potion of Experience - Level 23	1294877	Boosted	Potion of Experience - Level 23 | Use: Increases your level to 23 and grants you gear and supplies appropriate to that level for your class and tradeskills.
274710	1	Potions	Potion of Experience - Level 38	1294909	Boosted	Potion of Experience - Level 38 | Use: Increases your level to 38 and grants you gear and supplies appropriate to that level for your class and tradeskills.
274711	1	Potions	Potion of Experience - Level 57	1294911	Boosted	Potion of Experience - Level 57 | Use: Increases your level to 57 and grants you gear and supplies appropriate to that level for your class and tradeskills.
274712	1	Potions	Potion of Experience - Level 60	1294913	Boosted	Potion of Experience - Level 60 | Use: Increases your level to 60 and grants you gear and supplies appropriate to that level for your class and tradeskills.
274895	8	Other	Darkspear Islands Mark of Honor	nil	nil	Darkspear Islands Mark of Honor | Binds when picked up | Unique (20) | "Medal awarded for fighting in Darkspear Islands"
274917	14	Devices	Brittle Trap	8312	Trap	Brittle Trap | Conjured Item | Unique (5) | Use: Renders a target unable to move for 10 sec. | Requires Level 2
274918	8	Other	Warding Candle	1295608	Warding Candle	Warding Candle | Binds when picked up | Use: Attempts to remove 1 Curse or Bane, and 1 Disease from the igniter. | 5 |4Charge:Charges; || DESC: Attempts to remove 1 Curse or Bane, and 1 Disease from the igniter.
274922	8	Other	Riverglades Marsh Gas	1295639	Riverglades Marsh Gas	Riverglades Marsh Gas | Binds when picked up | Use: Reduces movement speed by 50% and increases Fire damage taken by all targets in a 5 yard radius by 15 for 15 sec. (15 |4Sec:Sec; Cooldown) || DESC: Reduces movement speed by 50% and increases Fire damage taken by all targets in a 5 yard radius by 15 for 15 sec.
274935	1	Potions	Tessa's Tonic	1295688	Tessa's Tonic	Tessa's Tonic | Binds when picked up | Use: Restores 720 to 880 mana and health. | Requires Level 35 || DESC: Restores 720 to 880 mana and health.
274947	4	Scrolls	Scroll of Imbue Lesser Flame	1295720	Imbue Lesser Flame	Scroll of Imbue Lesser Flame | Use: Imbue a staff with magic for 1 hour, increasing damage done by Fire spells and effects by up to 4. | Classes: Mage | Requires Level 5 || DESC: Imbue a staff with magic for 1 hour, increasing damage done by Fire spells and effects by up to 4.
274971	5	Food & Drink	Briny Seafood Stew	1249510	Nutritious Food	Briny Seafood Stew | Use: Restores 841 health over 27 sec.  Must remain seated while eating. If you spend at least 10 seconds eating you will become well fed and gain 14 Spell Damage for 15 min. Additionally, experience gained from kills is increased by 5%. (1 |4Sec:Sec; Cooldown) | Requires Level 25 || DESC: Restores 841 health over 27 sec.  Must remain seated while eating. If you spend at least 10 seconds eating you will become well fed and gain 14 Spell Damage for 15 min. Additionally, experience gained from kills is increased by 5%.
274976	5	Food & Drink	Plain Ol' Paletusk	1248393	Nutritious Food	Plain Ol' Paletusk | Use: Restores 841 health over 27 sec.  Must remain seated while eating. If you spend at least 10 seconds eating you will become well fed and gain 10 Strength for 15 min. Additionally, experience gained from kills is increased by 5%. (1 |4Sec:Sec; Cooldown) | Requires Level 25
275067	4	Scrolls	Scroll of Imbue Chillknife	1296225	Imbue Chillknife	Scroll of Imbue Chillknife | Use: Imbue a dagger with magic for 1 hour, causing it to occasionally chill foes when hit. | Classes: Mage | Requires Level 5 || DESC: Imbue a dagger with magic for 1 hour, causing it to occasionally chill foes when hit.
275069	4	Scrolls	Scroll of Rat Familiar	1296202	Rat Familiar	Scroll of Rat Familiar | Use: Summon a faithful rat familiar for 1 |4hour:hrs;. Its presence increases your Intellect by 2. (1 |4Sec:Sec; Cooldown) | Classes: Mage | Requires Level 5 || DESC: Summon a faithful rat familiar for 1 |4hour:hrs;. Its presence increases your Intellect by 2.
275633	8	Other	Foxtail Ward	1297109	Foxtail Ward	Foxtail Ward | Binds when picked up | Use: Causes all Beasts in a 10 yard radius to run away for 10 sec. (1 |4Min:Min; Cooldown) | 5 |4Charge:Charges; || DESC: Causes all Beasts in a 10 yard radius to run away for 10 sec.
275688	8	Other	Power Recycler	1297671	Recycled Power	Power Recycler | Binds when picked up | Use: Converts 20% of your maximum health into 20% of your maximum mana, energy, or rage. (2 |4Min:Min; Cooldown) | 5 |4Charge:Charges; || DESC: Converts 20% of your maximum health into 20% of your maximum mana, energy, or rage.
276145	0	Explosives	Explosive Runeshard	1298707	Explosive Runeshard	Explosive Runeshard | Quest Item
276277	0	Explosives	nil	nil	nil	
276637	8	Other	Currency Wallet	nil	nil	Currency Wallet | Binds when picked up | "Currency wallet for attaching currency amounts to immediate item containers"
277132	14	Devices	Harvester Override Signalcaster	1301683	Harvester Override Signalcaster	Harvester Override Signalcaster | Binds when picked up | Requires Engineering (65)
277313	5	Food & Drink	nil	nil	nil	
277483	4	Scrolls	Scroll of Frog Familiar	1302285	Frog Familiar	Scroll of Frog Familiar | Use: Summon a faithful frog familiar for 1 |4hour:hrs;. Its presence increases your Intellect by 6. (1 |4Sec:Sec; Cooldown) | Classes: Mage | Requires Level 16 || DESC: Summon a faithful frog familiar for 1 |4hour:hrs;. Its presence increases your Intellect by 6.
277484	8	Other	Scroll of Confuse Beast	1309788	Confuse Beast	Scroll of Confuse Beast | Binds when picked up | Use: Bewitch the target Beast, reducing the damage it does to you by 15%. (5 |4Sec:Sec; Cooldown) | Classes: Mage | Requires Level 16 || DESC: Bewitch the target Beast, reducing the damage it does to you by 15%.
277485	4	Scrolls	Scroll of Imbue Frost	1302283	Imbue Frost	Scroll of Imbue Frost | Use: Imbue a staff with magic for 1 hour, increasing damage done by Frost spells and effects by up to 8. | Classes: Mage | Requires Level 16 || DESC: Imbue a staff with magic for 1 hour, increasing damage done by Frost spells and effects by up to 8.
277486	4	Scrolls	Scroll of Imbue Striking	1302217	Imbue Striking	Scroll of Imbue Striking | Use: Imbue a staff with magic for 1 hour, causing it to occasionally unleash an Arcane Missile at targets you damage with a spell. | Classes: Mage | Requires Level 16 || DESC: Imbue a staff with magic for 1 hour, causing it to occasionally unleash an Arcane Missile at targets you damage with a spell.
277487	4	Scrolls	Scroll of Imbue Baleflame	1302219	Imbue Baleflame	Scroll of Imbue Baleflame | Use: Imbue a staff with magic for 1 hour, reducing your spell targets' Fire resistance by 10. | Classes: Mage | Requires Level 16 || DESC: Imbue a staff with magic for 1 hour, reducing your spell targets' Fire resistance by 10.
277488	4	Scrolls	Scroll of Imbue Iceknife	1302284	Imbue Iceknife	Scroll of Imbue Iceknife | Use: Imbue a dagger with magic for 1 hour, causing it to occasionally freeze foes when hit. | Classes: Mage | Requires Level 16 || DESC: Imbue a dagger with magic for 1 hour, causing it to occasionally freeze foes when hit.
277489	4	Scrolls	Scroll of Imbue Spark	1302227	Imbue Spark	Scroll of Imbue Spark | Use: Imbue a sword with magic for 1 hour, causing your Flame Blast cooldown to sometimes reset when you are struck by a melee attack. | Classes: Mage | Requires Level 16 || DESC: Imbue a sword with magic for 1 hour, causing your Flame Blast cooldown to sometimes reset when you are struck by a melee attack.
277490	8	Other	Scroll of the Saber	1302293	Imbue Blade	Scroll of the Saber | Binds when picked up | Use: Use on Blade of Silverlaine to create a powerful weapon. | Classes: Mage || DESC: Use on Blade of Silverlaine to create a powerful weapon.
277491	8	Other	Scroll of Rebuke Elemental	1302301	Rebuke Elemental	Scroll of Rebuke Elemental | Binds when picked up | Use: Increase the damage target Elemental takes from your spells by 15%. (5 |4Sec:Sec; Cooldown) | Classes: Mage | Requires Level 25 || DESC: Increase the damage target Elemental takes from your spells by 15%.
277492	4	Scrolls	Scroll of Khadgar's Unlocking	1302297	Khadgar's Unlocking	Scroll of Khadgar's Unlocking | Use: Magically open a lock of difficulty 125 or lower. | Classes: Mage | Requires Level 25 || DESC: Magically open a lock of difficulty 125 or lower.
277493	4	Scrolls	Scroll of Cat Familiar	1302303	Cat Familiar	Scroll of Cat Familiar | Use: Summon a faithful cat familiar for 1 |4hour:hrs;. Its presence increases your Intellect by 12. (1 |4Sec:Sec; Cooldown) | Classes: Mage | Requires Level 25 || DESC: Summon a faithful cat familiar for 1 |4hour:hrs;. Its presence increases your Intellect by 12.
277494	4	Scrolls	Scroll of Imbue Accuracy	1302306	Imbue Accuracy	Scroll of Imbue Accuracy | Use: Imbue a staff with magic for 1 hour, increasing your chance to hit with spells by 3. | Classes: Mage | Requires Level 25 || DESC: Imbue a staff with magic for 1 hour, increasing your chance to hit with spells by 3.
277495	4	Scrolls	Scroll of Imbue Quickening	1302307	Imbue Quickening	Scroll of Imbue Quickening | Use: Imbue a staff with magic for 1 hour, giving your damaging spells a chance to increase your attack speed with Wands. | Classes: Mage | Requires Level 25 || DESC: Imbue a staff with magic for 1 hour, giving your damaging spells a chance to increase your attack speed with Wands.
277496	4	Scrolls	Scroll of Imbue Balefrost	1302305	Imbue Balefrost	Scroll of Imbue Balefrost | Use: Imbue a staff with magic for 1 hour, reducing your spell targets' Frost resistance by 15. | Classes: Mage | Requires Level 25 || DESC: Imbue a staff with magic for 1 hour, reducing your spell targets' Frost resistance by 15.
277497	4	Scrolls	Scroll of Imbue Flame	1302304	Imbue Flame	Scroll of Imbue Flame | Use: Imbue a staff with magic for 1 hour, increasing damage done with Fire spells and effects by up to 12. | Classes: Mage | Requires Level 25 || DESC: Imbue a staff with magic for 1 hour, increasing damage done with Fire spells and effects by up to 12.
277498	4	Scrolls	Scroll of Imbue Manablade	1302308	Imbue Manablade	Scroll of Imbue Manablade | Use: Imbue a dagger with magic for 1 hour, causing it to occasionally restore your mana when it hits a target. | Classes: Mage | Requires Level 25 || DESC: Imbue a dagger with magic for 1 hour, causing it to occasionally restore your mana when it hits a target.
277499	4	Scrolls	Scroll of Greater Cryoblast	1302309	Greater Cryoblast	Scroll of Greater Cryoblast | Use: Inflicts 655 to 885 Frost damage in a 5 yard radius. | Classes: Mage | Requires Level 46 || DESC: Inflicts 655 to 885 Frost damage in a 5 yard radius.
277500	4	Scrolls	Scroll of Imbue Greater Flame	1302311	Imbue Greater Flame	Scroll of Imbue Greater Flame | Use: Imbue a staff with magic for 1 hour, increasing damage done with Fire spells and effects by up to 20. | Classes: Mage | Requires Level 46 || DESC: Imbue a staff with magic for 1 hour, increasing damage done with Fire spells and effects by up to 20.
277501	4	Scrolls	Scroll of Imbue Greater Frost	1302312	Imbue Greater Frost	Scroll of Imbue Greater Frost | Use: Imbue a staff with magic for 1 hour, increasing damage done with Frost spells and effects by up to 20. | Classes: Mage | Requires Level 46 || DESC: Imbue a staff with magic for 1 hour, increasing damage done with Frost spells and effects by up to 20.
277502	4	Scrolls	Scroll of Imbue Precision	1302310	Imbue Precision	Scroll of Imbue Precision | Use: Imbue a staff with magic for 1 hour, increasing your chance to critically hit with spells by 5%. | Classes: Mage | Requires Level 46 || DESC: Imbue a staff with magic for 1 hour, increasing your chance to critically hit with spells by 5%.
277503	4	Scrolls	Scroll of Imbue Spellbreak	1295720	Imbue Lesser Flame	Scroll of Imbue Spellbreak | Use: Imbue a staff with magic for 1 hour, increasing damage done by Fire spells and effects by up to 4. | Classes: Mage | Requires Level 46
277504	8	Other	Scroll of Wit	1302294	Imbue Blade	Scroll of Wit | Binds when picked up | Use: Use on Witchblade to create a powerful weapon. | Classes: Mage || DESC: Use on Witchblade to create a powerful weapon.
277519	8	Other	Nelanna's Enchanted Jewel	nil	nil	Nelanna's Enchanted Jewel | Binds when picked up | Requires Level 60 | Requires The Watchers - Honored
278069	1	Potions	Potion of Tradeskill Testing - Level 60	1303457	Skilled	Potion of Tradeskill Testing - Level 60 | Use: Provides a mountain of tradeskill materials to test tradeskills, as well as money and tokens needed to purchase recipes and materials.
278117	5	Food & Drink	Hard Boiled Eggs	434	Food	Hard Boiled Eggs | Use: Restores 234 health over 21 sec.  Must remain seated while eating. | Requires Level 5
278118	5	Food & Drink	Rich Broth	1127	Food	Rich Broth | Use: Restores 841 health over 27 sec.  Must remain seated while eating. | Requires Level 25
278119	5	Food & Drink	Bread with Butter	433	Food	Bread with Butter | Use: Restores 58 health over 18 sec.  Must remain seated while eating.
278120	5	Food & Drink	Fruit Platter	1127	Food	Fruit Platter | Use: Restores 841 health over 27 sec.  Must remain seated while eating. | Requires Level 25
278121	5	Food & Drink	Smoked Sausage	435	Food	Smoked Sausage | Use: Restores 530 health over 24 sec.  Must remain seated while eating. | Requires Level 15
278122	5	Food & Drink	Carrot Salad	1131	Food	Carrot Salad | Use: Restores 2,065 health over 30 sec.  Must remain seated while eating. | Requires Level 45
278265	5	Food & Drink	Nutritious Slime Sludge	7737	Food	Nutritious Slime Sludge | Use: Restores 28 health over 15 sec.  Must remain seated while eating.
278543	0	Explosives	Pouch of Tomb Dust	1305116	Release Tomb Dust	Pouch of Tomb Dust | Quest Item
278569	5	Food & Drink	Yesterday's Leftovers	433	Food	Yesterday's Leftovers | Use: Restores 58 health over 18 sec.  Must remain seated while eating.
279182	8	Other	Ensemble: Veteran Adventurer's Outdoor Wear	1306128	Ensemble: Veteran Adventurer's Outdoor Wear	Ensemble: Veteran Adventurer's Outdoor Wear | Binds when picked up | Use: Collect the appearances of this armor set. || DESC: Collect the appearances of this armor set.
279258	6	Permanent	Wild Leather Armor Kit	1306907	Wild Leather Armor Kit	Wild Leather Armor Kit | Requires Level 60
279272	14	Devices	SAF-T Ultra Precision Scope	1307050	SAF-T Ultra Precision Scope	SAF-T Ultra Precision Scope | Requires Level 60
279276	8	Other	Mathystral Amulet Fragment	1306410	Restore Mathystral Amulet	Mathystral Amulet Fragment | Unique (20) | Use: Combine 20 Mathystral Amulet Fragments into a restored Mathystral Amulet. || DESC: Combine 20 Mathystral Amulet Fragments into a restored Mathystral Amulet.
279277	8	Other	Mathystral Amulet	1306411	Mathystral Amulet	Mathystral Amulet | Unique | Use: Beckon forth the being guarding the Mathystral Ruins at a Fathom Stone. || DESC: Beckon forth the being guarding the Mathystral Ruins at a Fathom Stone.
279938	8	Other	Trapper's Workbench	1307397	Trapper's Workbench	Trapper's Workbench | Use: Places a Trapper's Workbench containing 1 trap, and provides all the benefits of a Camp Chair. Requires a Campfire nearby.     May be placed over a Camp Chair to replace it.     All camping features share a cooldown of 1 |4hour:hrs;. | Requires Skinning (300) || DESC: Places a Trapper's Workbench containing 1 trap, and provides all the benefits of a Camp Chair. Requires a Campfire nearby.     May be placed over a Camp Chair to replace it.     All camping features share a cooldown of 1 |4hour:hrs;.
279940	8	Other	Toxin Study	1307396	Toxin Study	Toxin Study | Use: Places a Toxin Study that contains healing potions, anti-venom, and provides all of the benefits of a First Aid Kit. Requires a Campfire nearby.     May be placed over a First Aid Kit to replace it.   All camping features share a cooldown of 1 |4hour:hrs;. | Requires First Aid (140) || DESC: Places a Toxin Study that contains healing potions, anti-venom, and provides all of the benefits of a First Aid Kit. Requires a Campfire nearby.     May be placed over a First Aid Kit to replace it.   All camping features share a cooldown of 1 |4hour:hrs;.
279941	8	Other	Tanning Rack	1307395	Tanning Rack	Tanning Rack | Use: Places a Tanning Rack that allows the creation of certain reagents, and provides all of the benefits of a Camp Tent. Requires a Campfire nearby.     May be placed over a Camp Tent to replace it. All camping features share a cooldown of 1 |4hour:hrs;. | Requires Leatherworking (140) || DESC: Places a Tanning Rack that allows the creation of certain reagents, and provides all of the benefits of a Camp Tent. Requires a Campfire nearby.     May be placed over a Camp Tent to replace it. All camping features share a cooldown of 1 |4hour:hrs;.
279942	8	Other	nil	nil	nil	
279943	8	Other	Spinning Wheel	1307393	Spinning Wheel	Spinning Wheel | Use: Places a Spinning Wheel that allows the creation of certain reagents, and provides all the benefits of a Faction Banner. Requires a Campfire nearby.     May be placed over a Faction Banner to replace it. All camping features share a cooldown of 1 |4hour:hrs;. | Requires Tailoring (140) || DESC: Places a Spinning Wheel that allows the creation of certain reagents, and provides all the benefits of a Faction Banner. Requires a Campfire nearby.     May be placed over a Faction Banner to replace it. All camping features share a cooldown of 1 |4hour:hrs;.
279944	8	Other	Sharpening Wheel	1307392	Sharpening Wheel	Sharpening Wheel | Use: Constructs a sharpening wheel that grants you and others sitting nearby 6 increased Strength, exclusive with Strength of Earth Totem.    Requires a Campfire nearby. All camping features share a cooldown of 1 |4hour:hrs;. | Requires Blacksmithing (20) || DESC: Constructs a sharpening wheel that grants you and others sitting nearby 6 increased Strength, exclusive with Strength of Earth Totem.    Requires a Campfire nearby. All camping features share a cooldown of 1 |4hour:hrs;.
279945	8	Other	Sewing Machine	1307391	Sewing Machine	Sewing Machine | Use: Places a Sewing Machine usable for recipes that require it, and provides all of the benefits of a Camp Tent. Requires a Campfire nearby.     May be placed over a Camp Tent to replace it. All camping features share a cooldown of 1 |4hour:hrs;. | Requires Leatherworking (300) || DESC: Places a Sewing Machine usable for recipes that require it, and provides all of the benefits of a Camp Tent. Requires a Campfire nearby.     May be placed over a Camp Tent to replace it. All camping features share a cooldown of 1 |4hour:hrs;.
279946	8	Other	nil	nil	nil	
279947	8	Other	Seed Hybridizer	1307387	Seed Hybridizer	Seed Hybridizer | Use: Places a Seed Hybridizer that allows seeds to be multiplied or combined into rarer tiers, and provides all of the benefits of an Incense Candle. Requires a Campfire nearby.     May be placed over an Incense Candle to replace it.   All camping features share a cooldown of 1 |4hour:hrs;. | Requires Herbalism (300) || DESC: Places a Seed Hybridizer that allows seeds to be multiplied or combined into rarer tiers, and provides all of the benefits of an Incense Candle. Requires a Campfire nearby.     May be placed over an Incense Candle to replace it.   All camping features share a cooldown of 1 |4hour:hrs;.
279948	8	Other	Rock Garden	1307386	Rock Garden	Rock Garden | Use: Places a Rock Garden that spawns a common mining node over time, and provides all the benefits of a Lodestone. Requires a Campfire nearby.     May be placed over a Lodestone to replace it. All camping features share a cooldown of 1 |4hour:hrs;. | Requires Mining (140) || DESC: Places a Rock Garden that spawns a common mining node over time, and provides all the benefits of a Lodestone. Requires a Campfire nearby.     May be placed over a Lodestone to replace it. All camping features share a cooldown of 1 |4hour:hrs;.
279949	8	Other	Repair Bot	1307385	Repair Bot	Repair Bot | Use: Summons a Repair Bot that allows you and others nearby to buy reagents and repair gear. Requires a Campfire nearby.     May be placed over a Reagent Bot to replace it. All camping features share a cooldown of 1 |4hour:hrs;. | Requires Engineering (140) || DESC: Summons a Repair Bot that allows you and others nearby to buy reagents and repair gear. Requires a Campfire nearby.     May be placed over a Reagent Bot to replace it. All camping features share a cooldown of 1 |4hour:hrs;.
279950	8	Other	Reagent Bot	1307266	Reagent Bot	Reagent Bot | Use: Summons a Reagent Bot that allows you and others nearby to purchase reagents. Requires a Campfire nearby. All camping features share a cooldown of 1 |4hour:hrs;. | Requires Engineering (20) || DESC: Summons a Reagent Bot that allows you and others nearby to purchase reagents. Requires a Campfire nearby. All camping features share a cooldown of 1 |4hour:hrs;.
279951	8	Other	Plague Doctor's Laboratory	1307265	Plague Doctor's Laboratory	Plague Doctor's Laboratory | Use: Places a Plague Doctor's Laboratory that contains healing potions, poultices, and provides all of the benefits of a First Aid Kit. Requires a Campfire nearby.     May be placed over a First Aid Kit to replace it. All camping features share a cooldown of 1 |4hour:hrs;. | Requires First Aid (300) || DESC: Places a Plague Doctor's Laboratory that contains healing potions, poultices, and provides all of the benefits of a First Aid Kit. Requires a Campfire nearby.     May be placed over a First Aid Kit to replace it. All camping features share a cooldown of 1 |4hour:hrs;.
279952	8	Other	Molten Foundry	1307264	Molten Foundry	Molten Foundry | Use: Places a Molten Foundry usable for recipes that require it, and provides all the benefits of a Lodestone. Requires a Campfire nearby.     May be placed over a Lodestone to replace it. All camping features share a cooldown of 1 |4hour:hrs;. | Requires Mining (300) || DESC: Places a Molten Foundry usable for recipes that require it, and provides all the benefits of a Lodestone. Requires a Campfire nearby.     May be placed over a Lodestone to replace it. All camping features share a cooldown of 1 |4hour:hrs;.
279953	8	Other	nil	nil	nil	
279954	8	Other	nil	nil	nil	
279955	8	Other	Master Forge	1307261	Master Forge	Master Forge | Use: Places a Master Forge usable for recipes that require it, and provides all of the benefits of a Sharpening Wheel. Requires a Campfire nearby.     May be placed over a Sharpening Wheel to replace it. All camping features share a cooldown of 1 |4hour:hrs;. | Requires Blacksmithing (300) || DESC: Places a Master Forge usable for recipes that require it, and provides all of the benefits of a Sharpening Wheel. Requires a Campfire nearby.     May be placed over a Sharpening Wheel to replace it. All camping features share a cooldown of 1 |4hour:hrs;.
279956	8	Other	Mana Well	1307259	Mana Well	Mana Well | Use: Constructs a mana well that allows you and others sitting nearby to regenerate 10 Mana every 5 sec, exclusive with Blessing of Wisdom.  Requires a Campfire nearby. All camping features share a cooldown of 1 |4hour:hrs;. | Requires Alchemy (20) || DESC: Constructs a mana well that allows you and others sitting nearby to regenerate 10 Mana every 5 sec, exclusive with Blessing of Wisdom.  Requires a Campfire nearby. All camping features share a cooldown of 1 |4hour:hrs;.
279957	8	Other	Cookie's Feast	1307257	Cookie's Feast	Cookie's Feast | Use: Lay out Cookie's Feast that contains Stamina-boosting food. Requires a Cooking Fire nearby. All camping features share a cooldown of 1 |4hour:hrs;. | Requires Cooking (140) || DESC: Lay out Cookie's Feast that contains Stamina-boosting food. Requires a Cooking Fire nearby. All camping features share a cooldown of 1 |4hour:hrs;.
279958	8	Other	nil	nil	nil	
279959	8	Other	Loom	1307255	Loom	Loom | Use: Places a Loom usable for recipes that require it, and provides all the benefits of a Faction Banner. Requires a Campfire nearby.     May be placed over a Faction Banner to replace it. All camping features share a cooldown of 1 |4hour:hrs;. | Requires Tailoring (300) || DESC: Places a Loom usable for recipes that require it, and provides all the benefits of a Faction Banner. Requires a Campfire nearby.     May be placed over a Faction Banner to replace it. All camping features share a cooldown of 1 |4hour:hrs;.
279960	8	Other	Lodestone	1307254	Lodestone	Lodestone | Use: Erects a lodestone that allows you and others sitting nearby to gain 20 increased melee Attack Power, exclusive with Blessing of Might.    Requires a Campfire nearby. All camping features share a cooldown of 1 |4hour:hrs;. | Requires Mining (20) || DESC: Erects a lodestone that allows you and others sitting nearby to gain 20 increased melee Attack Power, exclusive with Blessing of Might.    Requires a Campfire nearby. All camping features share a cooldown of 1 |4hour:hrs;.
279961	8	Other	Journeyman Campfire Kit	1307252	Journeyman Campfire	Journeyman Campfire Kit | Use: Builds a journeyman campfire that allows cooking and the placement of up to 5 additional camp features. Players sitting or crafting nearby for 1 min will gain benefits from other camp features. | Requires Cooking (140) || DESC: Builds a journeyman campfire that allows cooking and the placement of up to 5 additional camp features. Players sitting or crafting nearby for 1 min will gain benefits from other camp features.
279962	8	Other	Incense Candle	1307251	Incense Candle	Incense Candle | Use: Ignites an incense candle that allows you and others sitting nearby to gain 6 increased Intellect, exclusive with Arcane Intellect.    Requires a Campfire nearby. All camping features share a cooldown of 1 |4hour:hrs;. | Requires Herbalism (20) || DESC: Ignites an incense candle that allows you and others sitting nearby to gain 6 increased Intellect, exclusive with Arcane Intellect.    Requires a Campfire nearby. All camping features share a cooldown of 1 |4hour:hrs;.
279963	8	Other	nil	nil	nil	
279964	8	Other	Greenhouse	1307248	Greenhouse	Greenhouse | Use: Places a Greenhouse that will grow herbs over time from seeds planted, and provides all of the benefits of an Incense Candle. Requires a Campfire nearby.     May be placed over an Incense Candle to replace it.   All camping features share a cooldown of 1 |4hour:hrs;. | Requires Herbalism (140) || DESC: Places a Greenhouse that will grow herbs over time from seeds planted, and provides all of the benefits of an Incense Candle. Requires a Campfire nearby.     May be placed over an Incense Candle to replace it.   All camping features share a cooldown of 1 |4hour:hrs;.
279965	8	Other	Fishing Rack	1307247	Fishing Rack	Fishing Rack | Use: Places a Fishing Rack that grants the ability to catch uncommon fish for 1 |4hour:hrs;, Fishing Skill lures, and provides all of the benefits of a Fish Bowl. Requires a Campfire nearby.     May be placed over a Fish Bowl to replace it. All camping features share a cooldown of 1 |4hour:hrs;. | Requires Fishing (140) || DESC: Places a Fishing Rack that grants the ability to catch uncommon fish for 1 |4hour:hrs;, Fishing Skill lures, and provides all of the benefits of a Fish Bowl. Requires a Campfire nearby.     May be placed over a Fish Bowl to replace it. All camping features share a cooldown of 1 |4hour:hrs;.
279966	8	Other	Fishing Hut	1307246	Fishing Hut	Fishing Hut | Use: Places a Fishing Hut that grants the ability to catch rare fish for 1 |4hour:hrs;, Fishing Skill lures, and provides all of the benefits of a Fish Bowl. Requires a Campfire nearby.     May be placed over a Fish Bowl to replace it.   All camping features share a cooldown of 1 |4hour:hrs;. | Requires Fishing (300) || DESC: Places a Fishing Hut that grants the ability to catch rare fish for 1 |4hour:hrs;, Fishing Skill lures, and provides all of the benefits of a Fish Bowl. Requires a Campfire nearby.     May be placed over a Fish Bowl to replace it.   All camping features share a cooldown of 1 |4hour:hrs;.
279967	8	Other	Fish Bowl	1307245	Fish Bowl	Fish Bowl | Use: Places a small fish bowl that allows you and others sitting nearby to gain 8% increased stats, exclusive with Blessing of Kings.    Requires a Campfire nearby. All camping features share a cooldown of 1 |4hour:hrs;. | Requires Fishing (20) || DESC: Places a small fish bowl that allows you and others sitting nearby to gain 8% increased stats, exclusive with Blessing of Kings.    Requires a Campfire nearby. All camping features share a cooldown of 1 |4hour:hrs;.
279968	8	Other	First Aid Kit	1307244	First Aid Kit	First Aid Kit | Use: Unpacks a first aid kit that allows you and others sitting nearby to gain 8 increased Stamina, exclusive with Power Word: Fortitude.    Requires a Campfire nearby. All camping features share a cooldown of 1 |4hour:hrs;. | Requires First Aid (20) || DESC: Unpacks a first aid kit that allows you and others sitting nearby to gain 8 increased Stamina, exclusive with Power Word: Fortitude.    Requires a Campfire nearby. All camping features share a cooldown of 1 |4hour:hrs;.
279969	8	Other	Field Guide	1307243	Field Guide	Field Guide | Use: Places a Field Guide that allows players to read it and gain Track Beasts, and provides all the benefits of a Camp Chair. Requires a Campfire nearby.     May be placed over a Camp Chair to replace it.   All camping features share a cooldown of 1 |4hour:hrs;. | Requires Skinning (140) || DESC: Places a Field Guide that allows players to read it and gain Track Beasts, and provides all the benefits of a Camp Chair. Requires a Campfire nearby.     May be placed over a Camp Chair to replace it.   All camping features share a cooldown of 1 |4hour:hrs;.
279970	8	Other	Fermenter	1307242	Fermenter	Fermenter | Use: Places a fermenter that allows the creation of certain reagents, and provides all of the benefits of a Mana Well. Requires a Campfire nearby. May be placed over a Mana Well to replace it. All camping features share a cooldown of 1 |4hour:hrs;. | Requires Alchemy (140) || DESC: Places a fermenter that allows the creation of certain reagents, and provides all of the benefits of a Mana Well. Requires a Campfire nearby. May be placed over a Mana Well to replace it. All camping features share a cooldown of 1 |4hour:hrs;.
279971	8	Other	nil	nil	nil	
279972	8	Other	Faction Banner	1307240	Faction Banner	Faction Banner | Use: Unrolls a banner that allows you and others members of the Horde sitting nearby to gain 14 increased Spirit, exclusive with Divine Spirit.    Requires a Campfire nearby. All camping features share a cooldown of 1 |4hour:hrs;. | Requires Tailoring (20) || DESC: Unrolls a banner that allows you and others members of the Horde sitting nearby to gain 14 increased Spirit, exclusive with Divine Spirit.    Requires a Campfire nearby. All camping features share a cooldown of 1 |4hour:hrs;.
279973	8	Other	Faction Banner	1307239	Faction Banner	Faction Banner | Use: Unrolls a banner that allows you and others members of the Alliance sitting nearby to gain 14 increased Spirit, exclusive with Divine Spirit.    Requires a Campfire nearby. All camping features share a cooldown of 1 |4hour:hrs;. | Requires Tailoring (20) || DESC: Unrolls a banner that allows you and others members of the Alliance sitting nearby to gain 14 increased Spirit, exclusive with Divine Spirit.    Requires a Campfire nearby. All camping features share a cooldown of 1 |4hour:hrs;.
279974	8	Other	Expert Campfire Kit	1307237	Expert Campfire	Expert Campfire Kit | Use: Builds an expert campfire that allows cooking and the placement of up to 10 additional camp features. Players sitting or crafting nearby for 1 min will gain benefits from other camp features. | Requires Cooking (220) || DESC: Builds an expert campfire that allows cooking and the placement of up to 10 additional camp features. Players sitting or crafting nearby for 1 min will gain benefits from other camp features.
279975	8	Other	nil	nil	nil	
279976	8	Other	Enchanted Lute	1307234	Enchanted Lute	Enchanted Lute | Use: Summons an enchanted lute that allows you and others sitting nearby to gain 71 increase to Armor and 2 increase to all stats, exclusive with Mark of the Wild.    Requires a Campfire nearby. All camping features share a cooldown of 1 |4hour:hrs;. | Requires Enchanting (20) || DESC: Summons an enchanted lute that allows you and others sitting nearby to gain 71 increase to Armor and 2 increase to all stats, exclusive with Mark of the Wild.    Requires a Campfire nearby. All camping features share a cooldown of 1 |4hour:hrs;.
279977	8	Other	nil	nil	nil	
279978	8	Other	Camp Tent	1307230	Camp Tent	Camp Tent | Use: Builds a tent that allows you and others sitting nearby to increase Rested experience to 5% of a level. No effect if Rested experience already exceeds that value.    Requires a Campfire nearby. All camping features share a cooldown of 1 |4hour:hrs;. | Requires Leatherworking (20) || DESC: Builds a tent that allows you and others sitting nearby to increase Rested experience to 5% of a level. No effect if Rested experience already exceeds that value.    Requires a Campfire nearby. All camping features share a cooldown of 1 |4hour:hrs;.
279979	8	Other	Camp Chair	1307229	Camp Chair	Camp Chair | Use: Assembles a camp chair that allows you and others sitting nearby to gain 2% increased critical strike chance with all spells and attacks, exclusive with Moonkin Aura.    Requires a Campfire nearby. All camping features share a cooldown of 1 |4hour:hrs;. | Requires Skinning (20) || DESC: Assembles a camp chair that allows you and others sitting nearby to gain 2% increased critical strike chance with all spells and attacks, exclusive with Moonkin Aura.    Requires a Campfire nearby. All camping features share a cooldown of 1 |4hour:hrs;.
279980	8	Other	nil	nil	nil	
279981	8	Other	Basic Campfire Kit	1307227	Basic Campfire	Basic Campfire Kit | Use: Builds a basic campfire that allows cooking and the placement of up to 3 additional camp features. Players sitting or crafting nearby for 1 min will gain benefits from other camp features. | Requires Cooking (1) || DESC: Builds a basic campfire that allows cooking and the placement of up to 3 additional camp features. Players sitting or crafting nearby for 1 min will gain benefits from other camp features.
279982	8	Other	Iron Oven	1307226	Iron Oven	Iron Oven | Use: Places an Iron Oven required for the most advanced cooking recipes. Requires a Cooking Fire nearby. All camping features share a cooldown of 1 |4hour:hrs;. | Requires Cooking (300) || DESC: Places an Iron Oven required for the most advanced cooking recipes. Requires a Cooking Fire nearby. All camping features share a cooldown of 1 |4hour:hrs;.
279983	8	Other	nil	nil	nil	
279984	8	Other	nil	nil	nil	
279985	8	Other	Arcane Salvager	1307223	Arcane Salvager	Arcane Salvager | Use: Places an Arcane Salvager that enables more efficient disenchanting, and provides all the benefits of an Enchanted Lute. Requires a Campfire nearby.     May be placed over an Enchanted Lute to replace it.   All camping features share a cooldown of 1 |4hour:hrs;. | Requires Enchanting (140) || DESC: Places an Arcane Salvager that enables more efficient disenchanting, and provides all the benefits of an Enchanted Lute. Requires a Campfire nearby.     May be placed over an Enchanted Lute to replace it.   All camping features share a cooldown of 1 |4hour:hrs;.
279986	8	Other	nil	nil	nil	
279987	8	Other	Arcane Forge	1307176	Arcane Forge	Arcane Forge | Use: Places an Arcane Forge usable for recipes that require it, and provides all the benefits of an Enchanted Lute. Requires a Campfire nearby.     May be placed over an Enchanted Lute to replace it. All camping features share a cooldown of 1 |4hour:hrs;. | Requires Enchanting (300) || DESC: Places an Arcane Forge usable for recipes that require it, and provides all the benefits of an Enchanted Lute. Requires a Campfire nearby.     May be placed over an Enchanted Lute to replace it. All camping features share a cooldown of 1 |4hour:hrs;.
279988	8	Other	Anvil	1307175	Anvil	Anvil | Use: Places an anvil, and provides all of the benefits of a Sharpening Wheel. Requires a Campfire nearby.     May be placed over a Sharpening Wheel to replace it. All camping features share a cooldown of 1 |4hour:hrs;. | Requires Blacksmithing (140) || DESC: Places an anvil, and provides all of the benefits of a Sharpening Wheel. Requires a Campfire nearby.     May be placed over a Sharpening Wheel to replace it. All camping features share a cooldown of 1 |4hour:hrs;.
279989	8	Other	Anarchist's Workbench	1307174	Anarchist's Workbench	Anarchist's Workbench | Use: Places an Anarchist's Workbench usable for recipes that require it. Requires a Campfire nearby. All camping features share a cooldown of 1 |4hour:hrs;. | Requires Engineering (300) || DESC: Places an Anarchist's Workbench usable for recipes that require it. Requires a Campfire nearby. All camping features share a cooldown of 1 |4hour:hrs;.
279990	8	Other	Alchemy Laboratory	1307172	Alchemy Laboratory	Alchemy Laboratory | Use: Places an Alchemy Laboratory usable for recipes that require it, and provides all of the benefits of a Mana Well. Requires a Campfire nearby.     May be placed over a Mana Well to replace it.   All camping features share a cooldown of 1 |4hour:hrs;. | Requires Alchemy (300) || DESC: Places an Alchemy Laboratory usable for recipes that require it, and provides all of the benefits of a Mana Well. Requires a Campfire nearby.     May be placed over a Mana Well to replace it.   All camping features share a cooldown of 1 |4hour:hrs;.
280567	8	Other	Small Sack of Gems	nil	nil	Small Sack of Gems | Binds when picked up
281015	4	Scrolls	Scroll: DOST OREM	nil	nil	Scroll: DOST OREM | Classes: Mage | Requires Comprehension (175) | "A Mage can decipher this with their Comprehension skill."
281016	4	Scrolls	Scroll: FORGOT HOOF THUD	nil	nil	Scroll: FORGOT HOOF THUD | Classes: Mage | Requires Comprehension (175) | "A Mage can decipher this with their Comprehension skill."
281017	4	Scrolls	Scroll: KEEP CLEF FOCI	nil	nil	Scroll: KEEP CLEF FOCI | Classes: Mage | Requires Comprehension (175) | "A Mage can decipher this with their Comprehension skill."
281018	4	Scrolls	Scroll: RARE SERVICHI RADAR	nil	nil	Scroll: RARE SERVICHI RADAR | Classes: Mage | Requires Comprehension (175) | "A Mage can decipher this with their Comprehension skill."
281059	14	Devices	Loose Clearcutter Blade	1310168	Loose Clearcutter Blade	Loose Clearcutter Blade | Binds when picked up
281234	1	Potions	Potion of Winterspring Shrouding	1310655	Winterspring Shroud	Potion of Winterspring Shrouding | Binds when picked up | Use: Causes the imbiber to be less detectable by creatures in Winterspring for 10 min. Only functions in Winterspring. (10 |4Sec:Sec; Cooldown) || DESC: Causes the imbiber to be less detectable by creatures in Winterspring for 10 min. Only functions in Winterspring.
281237	0	Explosives	nil	nil	nil	
281282	5	Food & Drink	A Little Somethin'	11629	Potent Alcohol	A Little Somethin' | Use: An extremely potent alcoholic beverage. (10 |4Sec:Sec; Cooldown)
281472	0	Explosives	nil	nil	nil	
281589	0	Explosives	nil	nil	nil	
281625	0	Explosives	nil	nil	nil	
282006	8	Other	Crumbling Hearthstone	1312670	Crumbling Hearthstone	Crumbling Hearthstone | Binds when picked up | Use: Returns you to Orgrimmar. Single-use. | Duration: 24 |4hour:hrs; || DESC: Returns you to Orgrimmar. Single-use.
282011	1	Potions	Restored Healing Potion	1312698	Restored Healing Potion	Restored Healing Potion | Binds when picked up | Use: Restores 30% health. || DESC: Restores 30% health.
282013	1	Potions	Restored Mana Potion	1312702	Restored Mana Potion	Restored Mana Potion | Binds when picked up | Use: Restores 20% mana. || DESC: Restores 20% mana.
282018	5	Food & Drink	Restorative Bread	1312719	Restorative Bread	Restorative Bread | Binds when picked up | Use: Restores 100% health and 100% Mana over 20 sec. Must remain seated while drinking. || DESC: Restores 100% health and 100% Mana over 20 sec. Must remain seated while drinking.
282285	8	Other	Clearcutter Key	1313374	Melt Key	Clearcutter Key | Binds when picked up | Unique | Use: Melt the key at a forge for 3 Bronze Bars. || DESC: Melt the key at a forge for 3 Bronze Bars.
282720	8	Other	Spider Swarm	1314364	Summon Spider	Spider Swarm | Binds when picked up | Unique | Use: Summons a swarm of spiders that will protect you for 10 min. (30 |4Min:Min; Cooldown) | 5 |4Charge:Charges; | Requires Level 21 || DESC: Summons a swarm of spiders that will protect you for 10 min.
284336	0	Explosives	nil	nil	nil	
284666	8	Other	Wolf Whistle	1316847	Summon Wolf	Wolf Whistle | Binds when picked up | Unique | Use: Summons a wolf that will protect you for 10 min. (30 |4Min:Min; Cooldown) | 5 |4Charge:Charges; | Requires Level 19 || DESC: Summons a wolf that will protect you for 10 min.
284868	0	Explosives	Holy Hand Grenade of Alterac	1317268	Holy Hand Grenade	Holy Hand Grenade of Alterac | Binds when picked up | "One, two, five? No, three."
284869	0	Explosives	Unsanctified Grenade	1317269	Bless Grenade	Unsanctified Grenade | Classes: Paladin, Priest | "Completely inert and inactive."
285104	8	Other	Windle's Lighter	1317605	Light Lamp	Windle's Lighter | Binds when picked up | Unique | Use: Turn on the lights of Dalaran. | 5 |4Charge:Charges; | Duration: 15 min | "Shine on!" || DESC: Turn on the lights of Dalaran.
285168	8	Other	Theramore Basic Care Package	nil	nil	Theramore Basic Care Package | Binds when picked up | Unique
285169	8	Other	Theramore Standard Care Package	nil	nil	Theramore Standard Care Package | Binds when picked up | Unique
285170	8	Other	Theramore Advanced Care Package	nil	nil	Theramore Advanced Care Package | Binds when picked up | Unique
285171	8	Other	Darkspear Basic Care Package	nil	nil	Darkspear Basic Care Package | Binds when picked up | Unique
285172	8	Other	Darkspear Standard Care Package	nil	nil	Darkspear Standard Care Package | Binds when picked up | Unique
285173	8	Other	Darkspear Advanced Care Package	nil	nil	Darkspear Advanced Care Package | Binds when picked up | Unique
285359	5	Food & Drink	Warm Apple Juice	1137	Drink	Warm Apple Juice | Use: Restores 2,821 mana over 30 sec.  Must remain seated while drinking. | Requires Level 45 | "Best not to ask."
285366	8	Other	Whirleygig's Supply Stash	nil	nil	Whirleygig's Supply Stash | Binds when picked up
286152	5	Food & Drink	Plated Armorfish	1319311	Nutritious Food	Plated Armorfish | Use: Restores 1,338 health over 30 sec.  Must remain seated while eating. If you spend at least 10 seconds eating you will become well fed and gain 150 Armor for 15 min. Additionally, experience gained from kills is increased by 5%. (1 |4Sec:Sec; Cooldown) | Requires Level 35 || DESC: Restores 1,338 health over 30 sec.  Must remain seated while eating. If you spend at least 10 seconds eating you will become well fed and gain 150 Armor for 15 min. Additionally, experience gained from kills is increased by 5%.
286405	8	Other	Blooming Heart	1320093	Blooming Heart	Blooming Heart | Use: They love me... (3 |4Sec:Sec; Cooldown)
286542	14	Devices	nil	nil	nil	
286559	14	Devices	nil	nil	nil	
286732	8	Other	Shiny Silver Coin	1321320	Shiny Silver Coin	Shiny Silver Coin | Binds when picked up | Use: Toss the lucky coin into the water to increase your Fishing Skill by 30 for 30 min. || DESC: Toss the lucky coin into the water to increase your Fishing Skill by 30 for 30 min.
